dataset   : /Users/giovanni/Desktop/uni/Visione Artificiale/computer-vision/datasets/step2_prepost
convertiti: /Users/giovanni/Desktop/uni/Visione Artificiale/computer-vision/step2_alignment/data/Data_prepost
output    : /Users/giovanni/Desktop/uni/Visione Artificiale/computer-vision/step2_alignment/output/Output_prepost
report    : /Users/giovanni/Desktop/uni/Visione Artificiale/computer-vision/step2_alignment/report
stadi     : ['convert', 'infer', 'evaluate', 'diagnostics', 'figures', 'excel']  + seeds

==============================================================
== convert
==============================================================
250 soggetti, 2 da convertire
  [skip] 0015: cannot estimate the jaw frame (missing teeth)
  [skip] 0133: cannot estimate the jaw frame (missing teeth)
-- convert completato in 2s

==============================================================
== infer
==============================================================
248 soggetti, 0 da elaborare (~40 s ciascuno)
-- infer completato in 0s

==============================================================
== evaluate
==============================================================
  0001: 20 teeth | rot  7.46° (base  7.62°) | trans  2.08 (base  1.95) | pcd  4.54 (base  4.22) mm
  0002: 27 teeth | rot  9.89° (base 14.79°) | trans  1.92 (base  2.45) | pcd  1.65 (base  1.32) mm
  0003: 21 teeth | rot 10.75° (base  7.23°) | trans  1.66 (base  1.28) | pcd  2.23 (base  0.84) mm
  0004: 24 teeth | rot 10.02° (base  9.65°) | trans  1.77 (base  1.32) | pcd  3.45 (base  1.08) mm
  0011: 22 teeth | rot 15.66° (base 10.78°) | trans  2.13 (base  1.72) | pcd  2.83 (base  2.68) mm
  0014: 21 teeth | rot  8.03° (base  8.81°) | trans  1.82 (base  1.53) | pcd  2.41 (base  1.17) mm
  0019: 28 teeth | rot  6.80° (base  5.48°) | trans  1.77 (base  1.16) | pcd  2.87 (base  1.06) mm
  0023: 26 teeth | rot  5.84° (base  2.67°) | trans  1.06 (base  0.30) | pcd  1.53 (base  0.30) mm
  0026: 22 teeth | rot 15.61° (base  0.00°) | trans  3.71 (base  1.70) | pcd  5.67 (base  3.55) mm
  0028: 23 teeth | rot 11.45° (base 11.48°) | trans  2.49 (base  1.84) | pcd  3.18 (base  2.48) mm
  0030: 22 teeth | rot 10.01° (base 10.57°) | trans  1.78 (base  2.31) | pcd  2.79 (base  3.73) mm
  0032: 27 teeth | rot  8.64° (base 13.87°) | trans  2.36 (base  2.11) | pcd  4.10 (base  1.56) mm
  0035: 24 teeth | rot  5.52° (base  4.32°) | trans  3.97 (base  3.34) | pcd  7.81 (base  7.46) mm
  0040: 25 teeth | rot 10.07° (base 10.37°) | trans  2.10 (base  1.73) | pcd  1.59 (base  1.18) mm
  0042: 27 teeth | rot 10.95° (base 12.39°) | trans  1.75 (base  1.60) | pcd  2.36 (base  2.56) mm
  0048: 27 teeth | rot  7.36° (base  6.51°) | trans  1.47 (base  1.22) | pcd  1.26 (base  0.75) mm
  0050: 26 teeth | rot 13.07° (base 11.22°) | trans  2.51 (base  2.40) | pcd  2.23 (base  2.51) mm
  0057: 24 teeth | rot  8.81° (base 11.44°) | trans  2.28 (base  2.55) | pcd  3.93 (base  3.95) mm
  0061: 25 teeth | rot 12.15° (base  8.56°) | trans  1.96 (base  1.49) | pcd  3.02 (base  1.40) mm
  0063: 26 teeth | rot  9.22° (base  7.81°) | trans  1.76 (base  1.69) | pcd  2.50 (base  1.52) mm
  0065: 19 teeth | rot 15.79° (base 16.18°) | trans  3.32 (base  3.25) | pcd  3.37 (base  3.03) mm
  0067: 26 teeth | rot 10.62° (base  7.43°) | trans  1.87 (base  1.37) | pcd  1.94 (base  1.33) mm
  0071: 22 teeth | rot 13.10° (base  9.40°) | trans  5.13 (base  4.73) | pcd  9.47 (base  9.06) mm
  0073: 27 teeth | rot  6.39° (base  6.32°) | trans  2.16 (base  1.03) | pcd  3.42 (base  1.16) mm
  0078: 28 teeth | rot  8.12° (base  6.29°) | trans  1.82 (base  1.14) | pcd  2.58 (base  0.78) mm
  0080: 22 teeth | rot 16.21° (base 10.70°) | trans  3.35 (base  2.84) | pcd  5.13 (base  4.60) mm
  0086: 23 teeth | rot  9.74° (base  0.00°) | trans  1.96 (base  0.00) | pcd  3.17 (base  0.00) mm
  0091: 28 teeth | rot  5.89° (base  5.85°) | trans  1.45 (base  0.90) | pcd  2.34 (base  1.15) mm
  0097: 27 teeth | rot 10.57° (base 15.09°) | trans  2.37 (base  2.22) | pcd  3.56 (base  2.10) mm
  0098: 22 teeth | rot 12.03° (base 14.41°) | trans  1.77 (base  2.07) | pcd  3.25 (base  1.78) mm
  0100: 27 teeth | rot  6.13° (base  5.30°) | trans  1.79 (base  1.19) | pcd  3.56 (base  1.24) mm
  0105: 22 teeth | rot 12.14° (base 14.27°) | trans  3.45 (base  2.12) | pcd  5.81 (base  2.29) mm
  0114: 24 teeth | rot 13.79° (base 12.49°) | trans  2.25 (base  1.84) | pcd  3.08 (base  1.52) mm
  0115: 24 teeth | rot 15.85° (base 12.42°) | trans  3.40 (base  2.64) | pcd  4.95 (base  3.38) mm
  0125: 27 teeth | rot 11.49° (base  0.00°) | trans  3.45 (base  0.00) | pcd  6.44 (base  0.00) mm
  0127: 26 teeth | rot  8.62° (base  7.12°) | trans  1.98 (base  1.85) | pcd  3.51 (base  1.04) mm
  0132: 22 teeth | rot  9.79° (base  0.91°) | trans  1.93 (base  0.40) | pcd  2.68 (base  0.99) mm
  0137: 25 teeth | rot  8.86° (base 13.22°) | trans  1.31 (base  1.92) | pcd  1.78 (base  1.33) mm
  0139: 24 teeth | rot  9.97° (base 13.23°) | trans  1.57 (base  1.79) | pcd  2.10 (base  1.99) mm
  0144: 26 teeth | rot  8.03° (base  7.37°) | trans  1.77 (base  1.48) | pcd  1.92 (base  1.55) mm
  0157: 22 teeth | rot  9.84° (base  8.79°) | trans  3.07 (base  1.66) | pcd  4.29 (base  2.48) mm
  0160: 24 teeth | rot 12.47° (base 12.27°) | trans  3.61 (base  2.14) | pcd  6.76 (base  3.49) mm
  0163: 28 teeth | rot  8.91° (base  5.99°) | trans  2.92 (base  1.06) | pcd  4.86 (base  1.03) mm
  0169: 28 teeth | rot  5.16° (base  0.00°) | trans  0.79 (base  0.00) | pcd  0.66 (base  0.00) mm
  0171: 25 teeth | rot 16.80° (base 16.16°) | trans  2.92 (base  3.08) | pcd  3.83 (base  3.34) mm
  0180: 28 teeth | rot  8.99° (base  7.85°) | trans  2.04 (base  1.64) | pcd  3.85 (base  1.96) mm
  0187: 28 teeth | rot 15.72° (base 12.50°) | trans  4.62 (base  5.18) | pcd  7.34 (base  7.60) mm
  0202: 27 teeth | rot  5.64° (base  9.62°) | trans  1.00 (base  1.28) | pcd  1.60 (base  0.95) mm
  0204: 28 teeth | rot  7.91° (base  8.19°) | trans  2.40 (base  1.73) | pcd  3.66 (base  2.44) mm
  0209: 24 teeth | rot  8.06° (base  8.73°) | trans  1.43 (base  1.39) | pcd  1.33 (base  0.68) mm
  0210: 25 teeth | rot  9.89° (base 10.00°) | trans  1.29 (base  1.35) | pcd  1.72 (base  1.23) mm
  0215: 28 teeth | rot  8.65° (base  9.66°) | trans  1.29 (base  1.49) | pcd  1.20 (base  1.28) mm
  0219: 26 teeth | rot  9.91° (base 11.42°) | trans  1.31 (base  1.88) | pcd  2.12 (base  1.87) mm
  0230: 28 teeth | rot 10.30° (base  9.09°) | trans  2.64 (base  1.90) | pcd  4.03 (base  2.32) mm
  0242: 22 teeth | rot  8.69° (base  2.42°) | trans  1.39 (base  0.74) | pcd  1.69 (base  1.26) mm
  0254: 18 teeth | rot  9.49° (base  4.40°) | trans  1.95 (base  0.61) | pcd  1.81 (base  0.73) mm
  0258: 28 teeth | rot  9.50° (base 10.97°) | trans  1.96 (base  1.43) | pcd  2.34 (base  1.50) mm
  0265: 21 teeth | rot 11.16° (base  7.58°) | trans  3.46 (base  0.97) | pcd  6.30 (base  1.11) mm
  0268: 28 teeth | rot  9.48° (base  7.99°) | trans  1.64 (base  1.63) | pcd  2.88 (base  2.45) mm
  0272: 19 teeth | rot 10.75° (base  0.00°) | trans  2.37 (base  0.38) | pcd  4.10 (base  0.73) mm
  0274: 27 teeth | rot  7.48° (base  9.67°) | trans  1.25 (base  1.57) | pcd  1.25 (base  1.01) mm
  0291: 21 teeth | rot 10.03° (base 10.28°) | trans  1.75 (base  1.80) | pcd  3.33 (base  2.28) mm
  0293: 27 teeth | rot 11.53° (base 10.64°) | trans  3.04 (base  2.01) | pcd  4.43 (base  2.05) mm
  0297: 28 teeth | rot  6.11° (base  3.20°) | trans  1.17 (base  0.50) | pcd  1.33 (base  0.42) mm
  0302: 27 teeth | rot  5.43° (base  2.97°) | trans  0.88 (base  0.52) | pcd  1.02 (base  0.41) mm
  0313: 24 teeth | rot  9.59° (base 10.63°) | trans  1.80 (base  2.11) | pcd  2.42 (base  2.46) mm
  0314: 28 teeth | rot 11.22° (base 16.04°) | trans  2.28 (base  2.79) | pcd  2.50 (base  2.80) mm
  0316: 28 teeth | rot  6.60° (base  4.51°) | trans  1.26 (base  0.73) | pcd  1.86 (base  0.97) mm
  0317: 24 teeth | rot  9.53° (base  7.18°) | trans  1.57 (base  1.38) | pcd  2.35 (base  0.81) mm
  0321: 21 teeth | rot  9.52° (base  7.77°) | trans  2.45 (base  2.45) | pcd  4.22 (base  2.93) mm
  0327: 27 teeth | rot 11.88° (base  8.76°) | trans  1.90 (base  1.43) | pcd  2.57 (base  1.10) mm
  0331: 28 teeth | rot  8.42° (base  4.46°) | trans  1.22 (base  0.76) | pcd  1.96 (base  0.54) mm
  0333: 26 teeth | rot 10.62° (base 15.03°) | trans  1.84 (base  2.68) | pcd  2.15 (base  1.68) mm
  0336: 28 teeth | rot  8.24° (base  7.34°) | trans  2.58 (base  1.84) | pcd  5.51 (base  3.96) mm
  0343: 24 teeth | rot  6.96° (base  8.17°) | trans  3.54 (base  3.30) | pcd  6.66 (base  5.46) mm
  0350: 27 teeth | rot  5.72° (base  0.24°) | trans  1.89 (base  0.08) | pcd  2.29 (base  0.12) mm
  0354: 24 teeth | rot  9.11° (base 10.85°) | trans  1.54 (base  1.95) | pcd  1.86 (base  1.30) mm
  0360: 24 teeth | rot  8.07° (base 11.92°) | trans  2.37 (base  2.63) | pcd  4.70 (base  4.75) mm
  0365: 27 teeth | rot  8.99° (base 15.05°) | trans  1.57 (base  2.37) | pcd  1.87 (base  1.88) mm
  0373: 21 teeth | rot  9.09° (base 10.35°) | trans  1.57 (base  1.40) | pcd  2.56 (base  1.53) mm
  0376: 25 teeth | rot 13.80° (base  8.26°) | trans  2.97 (base  1.34) | pcd  3.66 (base  1.49) mm
  0385: 28 teeth | rot  4.80° (base  3.50°) | trans  0.86 (base  0.44) | pcd  1.09 (base  0.45) mm
  0386: 28 teeth | rot  6.98° (base  8.08°) | trans  1.64 (base  1.75) | pcd  2.23 (base  2.29) mm
  0389: 26 teeth | rot  6.45° (base 11.56°) | trans  1.38 (base  2.25) | pcd  1.46 (base  2.03) mm
  0393: 27 teeth | rot  5.69° (base  4.45°) | trans  0.93 (base  0.74) | pcd  1.41 (base  0.42) mm
  0402: 24 teeth | rot 14.56° (base 13.35°) | trans  2.80 (base  2.58) | pcd  5.25 (base  2.88) mm
  0432: 27 teeth | rot  9.14° (base 10.18°) | trans  1.47 (base  1.97) | pcd  1.81 (base  1.88) mm
  0433: 28 teeth | rot  5.58° (base  2.18°) | trans  1.75 (base  0.29) | pcd  2.82 (base  0.38) mm
  0434: 21 teeth | rot  6.00° (base  5.93°) | trans  0.92 (base  0.88) | pcd  1.00 (base  1.26) mm
  0437: 22 teeth | rot 10.03° (base 14.21°) | trans  1.87 (base  2.16) | pcd  3.47 (base  3.05) mm
  0448: 24 teeth | rot  5.45° (base  7.06°) | trans  0.93 (base  0.77) | pcd  1.39 (base  0.75) mm
  0453: 28 teeth | rot  7.96° (base 14.92°) | trans  1.24 (base  2.74) | pcd  1.06 (base  1.29) mm
  0459: 25 teeth | rot 12.33° (base 14.70°) | trans  2.45 (base  2.58) | pcd  4.32 (base  1.46) mm
  0460: 25 teeth | rot  8.28° (base  9.16°) | trans  2.12 (base  1.48) | pcd  2.46 (base  1.62) mm
  0464: 25 teeth | rot 11.03° (base 13.90°) | trans  1.80 (base  2.27) | pcd  3.78 (base  2.10) mm
  0465: 27 teeth | rot  8.52° (base  7.22°) | trans  1.76 (base  1.59) | pcd  3.07 (base  2.43) mm
  0467: 24 teeth | rot  8.74° (base 10.02°) | trans  3.29 (base  2.95) | pcd  5.09 (base  2.97) mm
  0468: 28 teeth | rot 10.74° (base 10.78°) | trans  2.85 (base  1.99) | pcd  3.48 (base  2.43) mm
  0471: 26 teeth | rot  8.16° (base 10.29°) | trans  1.46 (base  1.67) | pcd  2.09 (base  1.03) mm
  0472: 28 teeth | rot  5.77° (base  2.59°) | trans  1.25 (base  0.41) | pcd  0.65 (base  0.36) mm
  0475: 23 teeth | rot  7.14° (base  6.12°) | trans  1.22 (base  1.09) | pcd  2.24 (base  0.93) mm
  0476: 27 teeth | rot  7.73° (base  6.60°) | trans  1.33 (base  1.10) | pcd  1.07 (base  0.59) mm
  0477: 26 teeth | rot 12.85° (base 10.60°) | trans  2.48 (base  1.91) | pcd  4.40 (base  1.83) mm
  0480: 20 teeth | rot 11.88° (base 12.65°) | trans  2.15 (base  2.47) | pcd  2.94 (base  2.46) mm
  0484: 24 teeth | rot  6.18° (base  8.58°) | trans  1.11 (base  1.11) | pcd  2.39 (base  1.83) mm
  0486: 24 teeth | rot  8.62° (base 10.93°) | trans  2.20 (base  2.59) | pcd  4.66 (base  3.77) mm
  0499: 27 teeth | rot 10.59° (base 11.40°) | trans  1.35 (base  1.63) | pcd  1.98 (base  2.01) mm
  0505: 27 teeth | rot  6.24° (base  4.46°) | trans  1.14 (base  0.62) | pcd  2.16 (base  0.58) mm
  0510: 26 teeth | rot 12.54° (base 13.14°) | trans  1.91 (base  2.44) | pcd  2.60 (base  1.54) mm
  0512: 26 teeth | rot 14.27° (base 12.25°) | trans  3.49 (base  1.77) | pcd  4.95 (base  1.28) mm
  0514: 24 teeth | rot 16.77° (base 17.95°) | trans  2.25 (base  2.55) | pcd  4.87 (base  4.42) mm
  0520: 24 teeth | rot  9.27° (base  9.28°) | trans  3.38 (base  3.77) | pcd  5.13 (base  5.16) mm
  0532: 27 teeth | rot  9.70° (base  3.46°) | trans  1.11 (base  0.58) | pcd  1.53 (base  1.01) mm
  0534: 27 teeth | rot 14.25° (base 13.96°) | trans  2.13 (base  2.43) | pcd  2.23 (base  2.27) mm
  0535: 21 teeth | rot 14.49° (base 16.53°) | trans  3.03 (base  2.44) | pcd  4.12 (base  2.11) mm
  0537: 26 teeth | rot  9.35° (base  7.50°) | trans  1.69 (base  1.20) | pcd  2.64 (base  1.76) mm
  0538: 28 teeth | rot 10.79° (base 14.10°) | trans  2.23 (base  2.72) | pcd  2.66 (base  1.58) mm
  0542: 26 teeth | rot  7.13° (base 11.90°) | trans  1.30 (base  2.25) | pcd  1.46 (base  2.03) mm
  0559: 28 teeth | rot  6.19° (base  5.10°) | trans  1.01 (base  0.84) | pcd  1.26 (base  1.02) mm
  0566: 23 teeth | rot  8.09° (base  9.18°) | trans  2.23 (base  1.41) | pcd  2.72 (base  2.29) mm
  0567: 26 teeth | rot  8.01° (base  7.13°) | trans  2.22 (base  1.36) | pcd  3.22 (base  0.86) mm
  0568: 24 teeth | rot  5.97° (base  6.67°) | trans  0.93 (base  0.80) | pcd  1.16 (base  0.53) mm
  0569: 28 teeth | rot  4.22° (base  0.00°) | trans  1.27 (base  0.00) | pcd  1.49 (base  0.00) mm
  0572: 28 teeth | rot  6.30° (base  7.97°) | trans  1.30 (base  1.49) | pcd  1.36 (base  1.04) mm
  0582: 24 teeth | rot  9.39° (base 12.49°) | trans  2.34 (base  2.43) | pcd  4.85 (base  2.80) mm
  0588: 23 teeth | rot 26.99° (base 25.81°) | trans  2.77 (base  2.75) | pcd  6.03 (base  5.77) mm
  0593: 27 teeth | rot  8.61° (base  9.20°) | trans  1.15 (base  1.15) | pcd  1.84 (base  2.12) mm
  0602: 26 teeth | rot 17.47° (base 17.99°) | trans  3.99 (base  4.31) | pcd  9.20 (base  8.02) mm
  0604: 27 teeth | rot 22.59° (base 21.26°) | trans  4.56 (base  2.97) | pcd  9.28 (base  4.20) mm
  0607: 24 teeth | rot  9.29° (base 11.33°) | trans  2.41 (base  2.25) | pcd  3.12 (base  3.04) mm
  0608: 27 teeth | rot  6.51° (base  0.00°) | trans  1.06 (base  0.00) | pcd  1.85 (base  0.00) mm
  0617: 24 teeth | rot  6.16° (base  5.09°) | trans  1.42 (base  0.85) | pcd  2.41 (base  1.40) mm
  0619: 28 teeth | rot 10.84° (base 11.89°) | trans  2.13 (base  2.19) | pcd  3.09 (base  2.33) mm
  0627: 28 teeth | rot  9.33° (base  9.01°) | trans  2.06 (base  1.86) | pcd  2.93 (base  2.62) mm
  0630: 28 teeth | rot  5.01° (base  2.25°) | trans  1.03 (base  0.61) | pcd  1.33 (base  1.02) mm
  0638: 27 teeth | rot  6.25° (base  0.71°) | trans  1.50 (base  0.15) | pcd  2.18 (base  0.13) mm
  0647: 25 teeth | rot  9.75° (base 12.88°) | trans  1.59 (base  2.05) | pcd  1.53 (base  1.38) mm
  0656: 28 teeth | rot 11.79° (base 10.38°) | trans  1.88 (base  2.29) | pcd  3.10 (base  3.22) mm
  0692: 24 teeth | rot 10.18° (base  8.88°) | trans  3.71 (base  2.23) | pcd  5.55 (base  4.00) mm
  0704: 26 teeth | rot 11.53° (base 11.08°) | trans  1.51 (base  1.97) | pcd  1.82 (base  2.40) mm
  0708: 28 teeth | rot  4.57° (base  1.99°) | trans  1.00 (base  0.43) | pcd  1.03 (base  0.48) mm
  0712: 22 teeth | rot  7.34° (base  1.63°) | trans  1.31 (base  0.57) | pcd  1.76 (base  0.75) mm
  0726: 24 teeth | rot 13.30° (base 12.14°) | trans  1.91 (base  2.25) | pcd  2.83 (base  3.72) mm
  0727: 24 teeth | rot 11.40° (base 10.51°) | trans  2.47 (base  2.18) | pcd  4.88 (base  3.36) mm
  0729: 27 teeth | rot  8.04° (base  7.12°) | trans  2.14 (base  2.02) | pcd  4.09 (base  3.45) mm
  0732: 24 teeth | rot  7.38° (base  8.83°) | trans  1.32 (base  1.51) | pcd  1.41 (base  1.12) mm
  0737: 28 teeth | rot 14.11° (base 10.06°) | trans  2.31 (base  2.11) | pcd  4.25 (base  3.28) mm
  0739: 20 teeth | rot 13.97° (base 14.20°) | trans  3.20 (base  3.10) | pcd  5.57 (base  4.70) mm
  0741: 24 teeth | rot 16.62° (base 17.89°) | trans  3.30 (base  2.75) | pcd  4.25 (base  3.89) mm
  0745: 24 teeth | rot  9.89° (base 10.01°) | trans  1.95 (base  1.91) | pcd  2.53 (base  1.96) mm
  0746: 28 teeth | rot  9.93° (base  9.93°) | trans  1.68 (base  1.72) | pcd  2.37 (base  1.59) mm
  0755: 28 teeth | rot  6.66° (base  2.77°) | trans  0.98 (base  0.39) | pcd  0.79 (base  0.42) mm
  0756: 24 teeth | rot  8.67° (base  4.67°) | trans  1.35 (base  0.59) | pcd  1.94 (base  1.04) mm
  0757: 28 teeth | rot  6.76° (base  5.98°) | trans  1.20 (base  1.01) | pcd  1.03 (base  1.19) mm
  0761: 25 teeth | rot  6.13° (base  6.09°) | trans  0.95 (base  0.94) | pcd  0.81 (base  0.49) mm
  0763: 28 teeth | rot 11.63° (base 13.95°) | trans  1.84 (base  2.09) | pcd  2.58 (base  1.77) mm
  0767: 24 teeth | rot  8.91° (base  9.88°) | trans  2.04 (base  1.77) | pcd  2.88 (base  2.22) mm
  0768: 24 teeth | rot 12.89° (base 14.68°) | trans  2.39 (base  2.87) | pcd  2.43 (base  3.25) mm
  0769: 25 teeth | rot  7.31° (base  9.67°) | trans  1.84 (base  1.64) | pcd  2.30 (base  2.37) mm
  0776: 25 teeth | rot  8.24° (base  0.17°) | trans  2.36 (base  0.07) | pcd  4.39 (base  0.12) mm
  0791: 28 teeth | rot  4.92° (base  3.72°) | trans  0.83 (base  0.75) | pcd  0.59 (base  0.59) mm
  0793: 25 teeth | rot 17.12° (base 16.55°) | trans  2.90 (base  2.96) | pcd  4.65 (base  2.78) mm
  0795: 24 teeth | rot  6.72° (base  1.17°) | trans  0.93 (base  0.35) | pcd  2.03 (base  0.65) mm
  0800: 26 teeth | rot  9.99° (base 10.71°) | trans  2.05 (base  1.94) | pcd  1.78 (base  1.40) mm
  0802: 26 teeth | rot  7.04° (base  6.54°) | trans  1.30 (base  0.86) | pcd  1.66 (base  1.03) mm
  0814: 27 teeth | rot  8.24° (base  9.37°) | trans  1.61 (base  1.75) | pcd  2.80 (base  2.11) mm
  0817: 24 teeth | rot  8.45° (base  9.04°) | trans  2.04 (base  1.70) | pcd  4.66 (base  3.76) mm
  0819: 24 teeth | rot 15.73° (base 14.62°) | trans  2.81 (base  2.25) | pcd  3.44 (base  2.00) mm
  0821: 27 teeth | rot  5.70° (base  5.24°) | trans  1.23 (base  0.73) | pcd  1.33 (base  0.71) mm
  0822: 28 teeth | rot  7.13° (base  9.42°) | trans  1.16 (base  1.67) | pcd  1.60 (base  1.22) mm
  0835: 26 teeth | rot  4.96° (base  3.69°) | trans  0.90 (base  0.70) | pcd  1.09 (base  0.56) mm
  0836: 20 teeth | rot 13.76° (base 11.90°) | trans  2.73 (base  2.92) | pcd  3.22 (base  2.39) mm
  0839: 28 teeth | rot  9.79° (base 15.59°) | trans  1.55 (base  2.19) | pcd  1.76 (base  2.61) mm
  0846: 25 teeth | rot  7.53° (base  3.93°) | trans  1.55 (base  0.58) | pcd  2.30 (base  0.94) mm
  0848: 25 teeth | rot  9.17° (base  7.58°) | trans  1.48 (base  1.49) | pcd  2.52 (base  0.97) mm
  0854: 27 teeth | rot  7.30° (base  4.69°) | trans  1.05 (base  0.45) | pcd  2.35 (base  0.60) mm
  0856: 28 teeth | rot  8.50° (base  5.70°) | trans  1.55 (base  1.09) | pcd  0.99 (base  0.69) mm
  0864: 28 teeth | rot  9.11° (base  4.04°) | trans  1.69 (base  0.75) | pcd  3.05 (base  0.70) mm
  0865: 22 teeth | rot 10.34° (base  8.32°) | trans  2.46 (base  2.38) | pcd  3.66 (base  2.96) mm
  0875: 27 teeth | rot 14.59° (base 17.25°) | trans  2.38 (base  2.64) | pcd  3.76 (base  3.81) mm
  0882: 20 teeth | rot 12.89° (base  9.18°) | trans  2.12 (base  1.66) | pcd  4.25 (base  2.59) mm
  0883: 26 teeth | rot  5.27° (base  6.21°) | trans  0.95 (base  0.80) | pcd  1.37 (base  0.63) mm
  0887: 26 teeth | rot  9.90° (base  9.85°) | trans  1.55 (base  1.47) | pcd  1.73 (base  0.93) mm
  0889: 26 teeth | rot  6.10° (base  6.52°) | trans  1.15 (base  1.06) | pcd  1.21 (base  1.08) mm
  0901: 28 teeth | rot  9.30° (base 14.16°) | trans  1.58 (base  2.06) | pcd  2.28 (base  2.52) mm
  0904: 28 teeth | rot 14.86° (base 18.62°) | trans  3.02 (base  2.84) | pcd  4.74 (base  3.35) mm
  0906: 28 teeth | rot 10.01° (base  9.56°) | trans  1.66 (base  1.41) | pcd  1.79 (base  1.34) mm
  0912: 24 teeth | rot  8.00° (base  8.99°) | trans  2.53 (base  2.46) | pcd  4.53 (base  3.59) mm
  0914: 24 teeth | rot  6.88° (base  7.58°) | trans  2.44 (base  2.43) | pcd  4.40 (base  4.01) mm
  0915: 28 teeth | rot 11.73° (base 10.09°) | trans  2.42 (base  2.15) | pcd  4.18 (base  2.21) mm
  0923: 28 teeth | rot  5.40° (base  3.28°) | trans  1.26 (base  0.69) | pcd  1.72 (base  0.64) mm
  0929: 24 teeth | rot 10.30° (base  9.86°) | trans  1.50 (base  1.99) | pcd  2.34 (base  1.72) mm
  0932: 24 teeth | rot  8.07° (base 11.92°) | trans  2.37 (base  2.63) | pcd  4.70 (base  4.75) mm
  0940: 28 teeth | rot 10.48° (base  9.68°) | trans  1.24 (base  1.77) | pcd  1.56 (base  2.43) mm
  0942: 22 teeth | rot  9.64° (base 10.69°) | trans  2.55 (base  1.43) | pcd  5.06 (base  1.56) mm
  0943: 24 teeth | rot  7.16° (base  7.42°) | trans  2.06 (base  1.73) | pcd  3.19 (base  2.86) mm
  0944: 26 teeth | rot 11.37° (base 11.54°) | trans  3.70 (base  3.26) | pcd  9.96 (base  8.30) mm
  0946: 23 teeth | rot  9.00° (base 12.21°) | trans  2.39 (base  3.18) | pcd  4.68 (base  4.37) mm
  0948: 28 teeth | rot 18.49° (base 19.49°) | trans  3.26 (base  3.57) | pcd  5.15 (base  2.16) mm
  0953: 27 teeth | rot  5.24° (base  0.76°) | trans  1.31 (base  0.17) | pcd  2.39 (base  0.53) mm
  0964: 28 teeth | rot  4.94° (base  4.11°) | trans  0.80 (base  0.58) | pcd  1.07 (base  0.60) mm
  0967: 24 teeth | rot  7.67° (base  9.68°) | trans  1.08 (base  1.34) | pcd  1.11 (base  1.15) mm
  0969: 24 teeth | rot  9.45° (base  6.72°) | trans  4.09 (base  2.67) | pcd  7.38 (base  4.37) mm
  0976: 25 teeth | rot  8.06° (base 11.68°) | trans  1.87 (base  2.48) | pcd  1.89 (base  1.92) mm
  0979: 27 teeth | rot 11.71° (base  8.19°) | trans  1.82 (base  1.99) | pcd  1.67 (base  1.38) mm
  0980: 26 teeth | rot  9.45° (base 11.34°) | trans  1.50 (base  2.22) | pcd  1.38 (base  1.91) mm
  0986: 24 teeth | rot  8.86° (base 14.61°) | trans  1.85 (base  1.93) | pcd  2.24 (base  2.22) mm
  0991: 25 teeth | rot 10.48° (base 13.22°) | trans  3.48 (base  2.56) | pcd  4.68 (base  1.68) mm
  1000: 25 teeth | rot 13.71° (base 15.61°) | trans  2.36 (base  2.13) | pcd  5.19 (base  1.77) mm
  1001: 24 teeth | rot  7.63° (base  6.60°) | trans  2.69 (base  2.45) | pcd  5.18 (base  5.88) mm
  1002: 28 teeth | rot  6.52° (base  4.91°) | trans  1.14 (base  0.75) | pcd  1.65 (base  0.94) mm
  1005: 22 teeth | rot 14.78° (base 14.64°) | trans  2.34 (base  2.03) | pcd  4.70 (base  1.97) mm
  1012: 22 teeth | rot  4.80° (base  0.00°) | trans  1.24 (base  0.01) | pcd  1.88 (base  0.01) mm
  1015: 26 teeth | rot  8.78° (base  5.13°) | trans  1.27 (base  0.84) | pcd  1.53 (base  0.75) mm
  1019: 25 teeth | rot  5.60° (base  4.76°) | trans  0.94 (base  0.53) | pcd  1.00 (base  0.88) mm
  1021: 24 teeth | rot 12.08° (base 11.17°) | trans  3.46 (base  3.36) | pcd  6.70 (base  4.93) mm
  1023: 28 teeth | rot  7.70° (base  8.40°) | trans  1.08 (base  1.31) | pcd  1.44 (base  1.34) mm
  1030: 23 teeth | rot  6.76° (base  7.11°) | trans  1.21 (base  1.59) | pcd  1.66 (base  1.69) mm
  1032: 28 teeth | rot 12.39° (base 11.00°) | trans  2.20 (base  2.10) | pcd  2.39 (base  1.32) mm
  1046: 23 teeth | rot 15.32° (base 14.40°) | trans  4.52 (base  4.90) | pcd  9.41 (base  7.72) mm
  1047: 26 teeth | rot 12.20° (base 10.91°) | trans  1.97 (base  2.41) | pcd  3.95 (base  2.62) mm
  1048: 28 teeth | rot  8.04° (base 10.38°) | trans  1.35 (base  1.68) | pcd  1.57 (base  1.40) mm
  1049: 28 teeth | rot  5.47° (base  0.14°) | trans  1.57 (base  0.16) | pcd  2.89 (base  0.34) mm
  1062: 27 teeth | rot  6.49° (base  6.26°) | trans  1.40 (base  1.56) | pcd  2.30 (base  2.37) mm
  1065: 22 teeth | rot 11.84° (base 10.01°) | trans  2.89 (base  2.25) | pcd  4.01 (base  3.47) mm
  1093: 28 teeth | rot 16.04° (base 16.66°) | trans  2.94 (base  2.76) | pcd  4.99 (base  2.93) mm
  1094: 24 teeth | rot  9.54° (base  8.39°) | trans  1.15 (base  2.05) | pcd  1.82 (base  1.28) mm
  1096: 27 teeth | rot  9.31° (base 10.70°) | trans  1.79 (base  2.53) | pcd  2.03 (base  2.84) mm
  1098: 23 teeth | rot  7.09° (base  4.52°) | trans  0.78 (base  0.39) | pcd  1.38 (base  0.74) mm
  1105: 21 teeth | rot  9.97° (base  3.57°) | trans  1.81 (base  0.52) | pcd  3.34 (base  0.64) mm
  1108: 28 teeth | rot  5.24° (base  6.00°) | trans  1.51 (base  0.91) | pcd  2.78 (base  1.71) mm
  1110: 26 teeth | rot  6.52° (base  6.24°) | trans  1.26 (base  0.96) | pcd  2.00 (base  1.35) mm
  1124: 23 teeth | rot  8.67° (base 11.76°) | trans  1.75 (base  2.45) | pcd  2.33 (base  2.08) mm
  1128: 26 teeth | rot 12.48° (base 11.04°) | trans  2.23 (base  1.92) | pcd  3.83 (base  1.72) mm
  1133: 23 teeth | rot 12.44° (base 12.25°) | trans  2.50 (base  1.88) | pcd  2.80 (base  1.73) mm
  1134: 24 teeth | rot  5.37° (base  1.30°) | trans  1.29 (base  0.47) | pcd  1.67 (base  0.75) mm
  1135: 25 teeth | rot  8.09° (base 11.20°) | trans  1.38 (base  1.84) | pcd  1.21 (base  0.93) mm
  1136: 24 teeth | rot 18.34° (base 19.63°) | trans  2.95 (base  2.73) | pcd  3.49 (base  3.21) mm
  1140: 25 teeth | rot 12.81° (base 13.64°) | trans  2.05 (base  2.19) | pcd  2.08 (base  2.97) mm
  1147: 25 teeth | rot 11.73° (base 11.52°) | trans  2.32 (base  2.40) | pcd  4.01 (base  1.85) mm
  1150: 25 teeth | rot 13.87° (base 14.78°) | trans  1.91 (base  2.55) | pcd  4.13 (base  3.94) mm
  1156: 25 teeth | rot 19.73° (base 20.67°) | trans  3.66 (base  2.82) | pcd  4.49 (base  3.04) mm
  1157: 25 teeth | rot 13.99° (base 13.75°) | trans  2.99 (base  2.09) | pcd  4.36 (base  1.78) mm
  1168: 24 teeth | rot  6.49° (base  6.65°) | trans  1.45 (base  0.93) | pcd  2.21 (base  2.22) mm
  1176: 28 teeth | rot  7.96° (base 12.31°) | trans  1.47 (base  1.88) | pcd  1.36 (base  1.38) mm
  1180: 25 teeth | rot 15.45° (base 10.61°) | trans  3.97 (base  3.09) | pcd  7.02 (base  2.90) mm

=== 246 subjects ===
  rotation    CLIK   9.28°   no-movement   9.49°
  translation CLIK   1.84    no-movement   1.76
  point cloud CLIK   2.56 mm  no-movement   1.72 mm
  -> /Users/giovanni/Desktop/uni/Visione Artificiale/computer-vision/step2_alignment/output/Output_prepost/alignment_metrics.csv
Significativita statistica...
  rotazione    CLIK   9.73 vs baseline   9.18  p(t)=6.09e-03  p(wilcoxon)=2.12e-02
  traslazione  CLIK   2.01 vs baseline   1.73  p(t)=5.97e-10  p(wilcoxon)=1.23e-08
  point_cloud  CLIK   3.06 vs baseline   2.05  p(t)=3.60e-33  p(wilcoxon)=3.64e-32

Denti esclusi...
  {"third_molars_never_predicted": 152, "teeth_extracted_during_treatment": 335, "displacement_applied_to_extracted_teeth_mm": {"median": 2.6805348439107983, "n": 257}}

Dettaglio per tipo di dente...
  incisivo   n= 1878  rot 10.81 (base 10.97)  pcd  2.79 (base  2.19)
  canino     n=  950  rot 10.06 (base 11.16)  pcd  2.71 (base  2.00)
  premolare  n= 1576  rot  9.19 (base  8.91)  pcd  2.15 (base  1.33)
  molare     n= 1819  rot  6.91 (base  5.41)  pcd  2.39 (base  1.02)

Collisione su 40 soggetti (lento)...
  [1/40] 0001: initial 0.003 mm  pred 0.413 mm  final 0.047 mm
  [2/40] 0002: initial 0.004 mm  pred 0.409 mm  final 0.233 mm
  [3/40] 0003: initial 0.003 mm  pred 0.416 mm  final 0.166 mm
  [4/40] 0004: initial 0.003 mm  pred 0.406 mm  final 0.235 mm
  [5/40] 0011: initial 0.003 mm  pred 0.488 mm  final 0.011 mm
  [6/40] 0014: initial 0.003 mm  pred 0.263 mm  final 0.158 mm
  [7/40] 0019: initial 0.003 mm  pred 0.407 mm  final 0.009 mm
  [8/40] 0023: initial 0.004 mm  pred 0.413 mm  final 0.208 mm
  [9/40] 0026: initial 0.004 mm  pred 0.478 mm  final 0.080 mm
  [10/40] 0028: initial 0.003 mm  pred 0.486 mm  final 0.200 mm
  [11/40] 0030: initial 0.004 mm  pred 0.388 mm  final 0.035 mm
  [12/40] 0032: initial 0.004 mm  pred 0.370 mm  final 0.202 mm
  [13/40] 0035: initial 0.004 mm  pred 0.352 mm  final 0.052 mm
  [14/40] 0040: initial 0.003 mm  pred 0.506 mm  final 0.211 mm
  [15/40] 0042: initial 0.003 mm  pred 0.363 mm  final 0.008 mm
  [16/40] 0048: initial 0.003 mm  pred 0.281 mm  final 0.165 mm
  [17/40] 0050: initial 0.024 mm  pred 0.462 mm  final 0.150 mm
  [18/40] 0057: initial 0.004 mm  pred 0.306 mm  final 0.032 mm
  [19/40] 0061: initial 0.004 mm  pred 0.553 mm  final 0.192 mm
  [20/40] 0063: initial 0.004 mm  pred 0.271 mm  final 0.175 mm
  [21/40] 0065: initial 0.055 mm  pred 0.297 mm  final 0.169 mm
  [22/40] 0067: initial 0.004 mm  pred 0.384 mm  final 0.095 mm
  [23/40] 0071: initial 0.003 mm  pred 0.377 mm  final 0.046 mm
  [24/40] 0073: initial 0.003 mm  pred 0.256 mm  final 0.174 mm
  [25/40] 0078: initial 0.003 mm  pred 0.357 mm  final 0.216 mm
  [26/40] 0080: initial 0.003 mm  pred 0.452 mm  final 0.043 mm
  [27/40] 0086: initial 0.003 mm  pred 0.358 mm  final 0.030 mm
  [28/40] 0091: initial 0.003 mm  pred 0.420 mm  final 0.062 mm
  [29/40] 0097: initial 0.003 mm  pred 0.313 mm  final 0.230 mm
  [30/40] 0098: initial 0.163 mm  pred 0.684 mm  final 0.203 mm
  [31/40] 0100: initial 0.003 mm  pred 0.274 mm  final 0.166 mm
  [32/40] 0105: initial 0.003 mm  pred 0.543 mm  final 0.075 mm
  [33/40] 0114: initial 0.003 mm  pred 0.382 mm  final 0.122 mm
  [34/40] 0115: initial 0.003 mm  pred 0.265 mm  final 0.077 mm
  [35/40] 0125: initial 0.003 mm  pred 0.205 mm  final 0.013 mm
  [36/40] 0127: initial 0.002 mm  pred 0.314 mm  final 0.233 mm
  [37/40] 0132: initial 0.004 mm  pred 0.443 mm  final 0.213 mm
  [38/40] 0137: initial 0.004 mm  pred 0.244 mm  final 0.050 mm
  [39/40] 0139: initial 0.004 mm  pred 0.188 mm  final 0.046 mm
  [40/40] 0144: initial 0.004 mm  pred 0.633 mm  final 0.226 mm
  initial  profondita mediana 0.003 mm  punti compenetrati 0.24%
  pred     profondita mediana 0.383 mm  punti compenetrati 4.30%
  final    profondita mediana 0.154 mm  punti compenetrati 0.98%

-> /Users/giovanni/Desktop/uni/Visione Artificiale/computer-vision/step2_alignment/report/data/metrics_detail.json
-- evaluate completato in 1661s

==============================================================
== diagnostics
==============================================================
Loading detectors...
  [1/40] 0001: pose  0.31 mm | noise  0.31 mm (184 landmarks)
  [2/40] 0002: pose  0.30 mm | noise  0.28 mm (247 landmarks)
  [3/40] 0003: pose  0.00 mm | noise  0.51 mm (195 landmarks)
  [4/40] 0004: pose  0.31 mm | noise  0.32 mm (220 landmarks)
  [5/40] 0011: pose  0.31 mm | noise  0.31 mm (198 landmarks)
  [6/40] 0014: pose  0.16 mm | noise  0.32 mm (186 landmarks)
  [7/40] 0019: pose  0.00 mm | noise  0.26 mm (256 landmarks)
  [8/40] 0023: pose  0.00 mm | noise  0.32 mm (240 landmarks)
  [9/40] 0026: pose  0.00 mm | noise  0.34 mm (194 landmarks)
  [10/40] 0028: pose  0.34 mm | noise  0.41 mm (213 landmarks)
  [11/40] 0030: pose  0.21 mm | noise  0.25 mm (202 landmarks)
  [12/40] 0032: pose  0.29 mm | noise  0.28 mm (245 landmarks)
  [13/40] 0035: pose  0.22 mm | noise  0.25 mm (220 landmarks)
  [14/40] 0040: pose  0.45 mm | noise  0.43 mm (226 landmarks)
  [15/40] 0042: pose  0.32 mm | noise  0.26 mm (247 landmarks)
  [16/40] 0048: pose  0.00 mm | noise  0.31 mm (247 landmarks)
  [17/40] 0050: pose  0.00 mm | noise  0.36 mm (234 landmarks)
  [18/40] 0057: pose  0.25 mm | noise  0.29 mm (220 landmarks)
  [19/40] 0061: pose  0.00 mm | noise  0.30 mm (227 landmarks)
  [20/40] 0063: pose  0.00 mm | noise  0.29 mm (240 landmarks)
  [21/40] 0065: pose  0.33 mm | noise  0.40 mm (176 landmarks)
  [22/40] 0067: pose  0.24 mm | noise  0.30 mm (238 landmarks)
  [23/40] 0071: pose  0.26 mm | noise  0.30 mm (198 landmarks)
  [24/40] 0073: pose  0.37 mm | noise  0.37 mm (248 landmarks)
  [25/40] 0078: pose  0.00 mm | noise  0.42 mm (256 landmarks)
  [26/40] 0080: pose  0.28 mm | noise  0.30 mm (198 landmarks)
  [27/40] 0086: pose  0.00 mm | noise  0.27 mm (203 landmarks)
  [28/40] 0091: pose  0.00 mm | noise  0.31 mm (256 landmarks)
  [29/40] 0097: pose  0.11 mm | noise  0.32 mm (245 landmarks)
  [30/40] 0098: pose  0.41 mm | noise  0.34 mm (200 landmarks)
  [31/40] 0100: pose  0.00 mm | noise  0.25 mm (248 landmarks)
  [32/40] 0105: pose  0.00 mm | noise  0.26 mm (201 landmarks)
  [33/40] 0114: pose  0.00 mm | noise  0.41 mm (222 landmarks)
  [34/40] 0115: pose  0.00 mm | noise  0.28 mm (220 landmarks)
  [35/40] 0125: pose  0.00 mm | noise  0.33 mm (245 landmarks)
  [36/40] 0127: pose  0.00 mm | noise  0.39 mm (236 landmarks)
  [37/40] 0132: pose  0.23 mm | noise  0.36 mm (196 landmarks)
  [38/40] 0137: pose  0.00 mm | noise  0.30 mm (227 landmarks)
  [39/40] 0139: pose  0.00 mm | noise  0.28 mm (220 landmarks)
  [40/40] 0144: pose  0.30 mm | noise  0.33 mm (238 landmarks)

=== 40 subjects, 8912 landmark pairs ===
  pose repeatability : median  0.10 mm   mean  0.84 +/- 1.97
  sampling noise floor: median  0.31 mm   mean  1.15 +/- 2.15
  landmarks within 1 mm: pose 86%   noise 81%
  -> /Users/giovanni/Desktop/uni/Visione Artificiale/computer-vision/step2_alignment/report/data/landmark_repeatability.json
Loading detectors...
  [1/70] 0001: median  0.76 mm (baseline  1.74)
  [2/70] 0002: median  0.67 mm (baseline  1.73)
  [3/70] 0011: median  0.71 mm (baseline  1.76)
  [4/70] 0019: median  0.68 mm (baseline  1.49)
  [5/70] 0023: median  0.76 mm (baseline  1.57)
  [6/70] 0032: median  0.73 mm (baseline  1.64)
  [7/70] 0040: median  0.91 mm (baseline  1.71)
  [8/70] 0042: median  0.79 mm (baseline  1.70)
  [9/70] 0067: median  0.68 mm (baseline  1.56)
  [10/70] 0115: median  0.62 mm (baseline  1.71)
  [11/70] 0137: median  0.67 mm (baseline  1.56)
  [12/70] 0171: median  0.75 mm (baseline  1.78)
  [13/70] 0187: median  0.86 mm (baseline  1.71)
  [14/70] 0293: median  0.78 mm (baseline  1.71)
  [15/70] 0314: median  0.82 mm (baseline  1.78)
  [16/70] 0336: median  0.74 mm (baseline  1.70)
  [17/70] 0343: median  0.64 mm (baseline  1.55)
  [18/70] 0365: median  0.96 mm (baseline  1.75)
  [19/70] 0385: median  0.76 mm (baseline  1.55)
  [20/70] 0437: median  0.97 mm (baseline  1.72)
  [21/70] 0453: median  0.72 mm (baseline  1.58)
  [22/70] 0459: median  0.71 mm (baseline  1.68)
  [23/70] 0465: median  0.96 mm (baseline  1.80)
  [24/70] 0467: median  0.92 mm (baseline  1.81)
  [25/70] 0468: median  0.69 mm (baseline  1.49)
  [26/70] 0484: median  0.68 mm (baseline  1.72)
  [27/70] 0510: median  0.72 mm (baseline  1.67)
  [28/70] 0512: median  0.87 mm (baseline  1.63)
  [29/70] 0514: median  1.00 mm (baseline  1.64)
  [30/70] 0542: median  0.85 mm (baseline  1.69)
  [31/70] 0582: median  0.80 mm (baseline  1.65)
  [32/70] 0593: median  0.66 mm (baseline  1.63)
  [33/70] 0602: median  0.93 mm (baseline  1.77)
  [34/70] 0692: median  0.80 mm (baseline  1.82)
  [35/70] 0704: median  0.84 mm (baseline  1.55)
  [36/70] 0726: median  0.63 mm (baseline  1.49)
  [37/70] 0737: median  0.48 mm (baseline  1.74)
  [38/70] 0741: median  0.80 mm (baseline  1.70)
  [39/70] 0746: median  0.78 mm (baseline  1.86)
  [40/70] 0763: median  0.72 mm (baseline  1.77)
  [41/70] 0768: median  0.70 mm (baseline  1.55)
  [42/70] 0836: median  0.80 mm (baseline  1.68)
  [43/70] 0839: median  0.68 mm (baseline  1.54)
  [44/70] 0865: median  0.73 mm (baseline  1.71)
  [45/70] 0875: median  0.76 mm (baseline  1.68)
  [46/70] 0882: median  0.80 mm (baseline  1.76)
  [47/70] 0887: median  0.95 mm (baseline  1.68)
  [48/70] 0906: median  0.77 mm (baseline  1.68)
  [49/70] 0915: median  0.79 mm (baseline  1.77)
  [50/70] 0940: median  0.56 mm (baseline  1.54)
  [51/70] 0944: median  0.77 mm (baseline  1.63)
  [52/70] 0980: median  0.67 mm (baseline  1.60)
  [53/70] 0986: median  0.70 mm (baseline  1.67)
  [54/70] 1000: median  0.63 mm (baseline  1.57)
  [55/70] 1005: median  0.71 mm (baseline  1.77)
  [56/70] 1046: median  0.76 mm (baseline  1.70)
  [57/70] 1047: median  0.51 mm (baseline  1.50)
  [58/70] 1048: median  0.62 mm (baseline  1.55)
  [59/70] 1065: median  0.63 mm (baseline  1.54)
  [60/70] 1093: median  0.80 mm (baseline  1.65)
  [61/70] 1096: median  0.73 mm (baseline  1.62)
  [62/70] 1108: median  0.85 mm (baseline  1.67)
  [63/70] 1135: median  0.88 mm (baseline  1.64)
  [64/70] 1136: median  0.79 mm (baseline  1.70)
  [65/70] 1140: median  0.83 mm (baseline  1.68)
  [66/70] 1147: median  0.68 mm (baseline  1.74)
  [67/70] 1150: median  0.77 mm (baseline  1.72)
  [68/70] 1156: median  0.99 mm (baseline  1.63)
  [69/70] 1168: median  0.78 mm (baseline  1.61)
  [70/70] 1176: median  0.67 mm (baseline  1.45)

=== 70 subjects, stage ori ===
  class           n   CLIK(mm)   baseline   skill
  Pt0          1049       0.57       1.66    0.65
  Pt1           266       0.71       1.66    0.57
  Pt2          1834       0.84       1.66    0.49
  Pt3          1834       0.94       1.66    0.43
  Pt6          1046       0.45       1.66    0.73
  Pt7           135       1.17       1.66    0.30
  OVERALL      6164       0.75       1.66    0.55
  -> /Users/giovanni/Desktop/uni/Visione Artificiale/computer-vision/step2_alignment/report/data/landmark_accuracy.json
Loading detectors...
  [1/70] 0001: median  0.74 mm (baseline  1.78)
  [2/70] 0002: median  0.67 mm (baseline  1.51)
  [3/70] 0011: median  0.88 mm (baseline  2.06)
  [4/70] 0019: median  0.73 mm (baseline  1.54)
  [5/70] 0023: median  0.71 mm (baseline  1.52)
  [6/70] 0032: median  0.67 mm (baseline  1.56)
  [7/70] 0040: median  0.81 mm (baseline  1.62)
  [8/70] 0042: median  0.70 mm (baseline  1.64)
  [9/70] 0067: median  0.71 mm (baseline  1.44)
  [10/70] 0115: median  0.59 mm (baseline  1.59)
  [11/70] 0137: median  0.64 mm (baseline  1.61)
  [12/70] 0171: median  0.68 mm (baseline  1.79)
  [13/70] 0187: median  0.83 mm (baseline  1.81)
  [14/70] 0293: median  0.77 mm (baseline  1.71)
  [15/70] 0314: median  0.84 mm (baseline  1.68)
  [16/70] 0336: median  0.66 mm (baseline  1.65)
  [17/70] 0343: median  0.57 mm (baseline  1.60)
  [18/70] 0365: median  0.79 mm (baseline  1.55)
  [19/70] 0385: median  0.70 mm (baseline  1.49)
  [20/70] 0437: median  0.79 mm (baseline  1.64)
  [21/70] 0453: median  0.73 mm (baseline  1.61)
  [22/70] 0459: median  0.74 mm (baseline  1.66)
  [23/70] 0465: median  0.82 mm (baseline  1.61)
  [24/70] 0467: median  0.72 mm (baseline  1.77)
  [25/70] 0468: median  0.68 mm (baseline  1.47)
  [26/70] 0484: median  0.69 mm (baseline  1.66)
  [27/70] 0510: median  0.64 mm (baseline  1.54)
  [28/70] 0512: median  0.75 mm (baseline  1.64)
  [29/70] 0514: median  0.73 mm (baseline  1.56)
  [30/70] 0542: median  0.59 mm (baseline  1.62)
  [31/70] 0582: median  0.66 mm (baseline  1.45)
  [32/70] 0593: median  0.82 mm (baseline  1.57)
  [33/70] 0602: median  0.64 mm (baseline  1.62)
  [34/70] 0692: median  0.84 mm (baseline  1.70)
  [35/70] 0704: median  0.55 mm (baseline  1.56)
  [36/70] 0726: median  0.68 mm (baseline  1.45)
  [37/70] 0737: median  0.57 mm (baseline  1.46)
  [38/70] 0741: median  0.66 mm (baseline  1.66)
  [39/70] 0746: median  0.73 mm (baseline  1.57)
  [40/70] 0763: median  0.68 mm (baseline  1.67)
  [41/70] 0768: median  0.54 mm (baseline  1.57)
  [42/70] 0836: median  0.73 mm (baseline  1.58)
  [43/70] 0839: median  0.54 mm (baseline  1.53)
  [44/70] 0865: median  0.59 mm (baseline  1.58)
  [45/70] 0875: median  0.64 mm (baseline  1.72)
  [46/70] 0882: median  0.77 mm (baseline  1.58)
  [47/70] 0887: median  0.63 mm (baseline  1.60)
  [48/70] 0906: median  0.71 mm (baseline  1.52)
  [49/70] 0915: median  0.68 mm (baseline  1.58)
  [50/70] 0940: median  0.54 mm (baseline  1.54)
  [51/70] 0944: median  0.55 mm (baseline  1.70)
  [52/70] 0980: median  0.55 mm (baseline  1.70)
  [53/70] 0986: median  0.62 mm (baseline  1.62)
  [54/70] 1000: median  0.63 mm (baseline  1.50)
  [55/70] 1005: median  0.70 mm (baseline  1.74)
  [56/70] 1046: median  0.79 mm (baseline  1.74)
  [57/70] 1047: median  0.51 mm (baseline  1.58)
  [58/70] 1048: median  0.47 mm (baseline  1.51)
  [59/70] 1065: median  0.67 mm (baseline  1.47)
  [60/70] 1093: median  0.72 mm (baseline  1.61)
  [61/70] 1096: median  0.61 mm (baseline  1.56)
  [62/70] 1108: median  0.71 mm (baseline  1.51)
  [63/70] 1135: median  0.69 mm (baseline  1.61)
  [64/70] 1136: median  0.71 mm (baseline  1.43)
  [65/70] 1140: median  0.70 mm (baseline  1.66)
  [66/70] 1147: median  0.60 mm (baseline  1.53)
  [67/70] 1150: median  0.73 mm (baseline  1.76)
  [68/70] 1156: median  0.69 mm (baseline  1.49)
  [69/70] 1168: median  0.70 mm (baseline  1.70)
  [70/70] 1176: median  0.63 mm (baseline  1.45)

=== 70 subjects, stage final ===
  class           n   CLIK(mm)   baseline   skill
  Pt0          1021       0.50       1.60    0.69
  Pt1           252       0.72       1.60    0.55
  Pt2          1780       0.77       1.60    0.52
  Pt3          1780       0.83       1.60    0.48
  Pt6           980       0.44       1.60    0.72
  Pt7           140       1.10       1.60    0.31
  OVERALL      5953       0.68       1.60    0.58
  -> /Users/giovanni/Desktop/uni/Visione Artificiale/computer-vision/step2_alignment/report/data/landmark_accuracy_final.json
Loading networks...
Sampling step:   0%|          | 0/2000 [00:00<?, ?it/s]Sampling step:   0%|          | 1/2000 [00:00<09:28,  3.52it/s]Sampling step:   0%|          | 5/2000 [00:00<02:09, 15.40it/s]Sampling step:   0%|          | 10/2000 [00:00<01:17, 25.79it/s]Sampling step:   1%|          | 16/2000 [00:00<00:54, 36.15it/s]Sampling step:   1%|          | 23/2000 [00:00<00:42, 46.19it/s]Sampling step:   2%|▏         | 31/2000 [00:00<00:35, 55.88it/s]Sampling step:   2%|▏         | 40/2000 [00:00<00:30, 64.01it/s]Sampling step:   2%|▏         | 49/2000 [00:01<00:27, 69.82it/s]Sampling step:   3%|▎         | 58/2000 [00:01<00:26, 73.77it/s]Sampling step:   3%|▎         | 67/2000 [00:01<00:25, 76.40it/s]Sampling step:   4%|▍         | 76/2000 [00:01<00:24, 78.38it/s]Sampling step:   4%|▍         | 85/2000 [00:01<00:24, 79.73it/s]Sampling step:   5%|▍         | 94/2000 [00:01<00:23, 80.71it/s]Sampling step:   5%|▌         | 103/2000 [00:01<00:23, 81.18it/s]Sampling step:   6%|▌         | 112/2000 [00:01<00:23, 81.56it/s]Sampling step:   6%|▌         | 121/2000 [00:01<00:22, 81.89it/s]Sampling step:   6%|▋         | 130/2000 [00:02<00:22, 82.15it/s]Sampling step:   7%|▋         | 139/2000 [00:02<00:22, 82.37it/s]Sampling step:   7%|▋         | 148/2000 [00:02<00:22, 82.42it/s]Sampling step:   8%|▊         | 157/2000 [00:02<00:22, 82.46it/s]Sampling step:   8%|▊         | 166/2000 [00:02<00:22, 82.47it/s]Sampling step:   9%|▉         | 175/2000 [00:02<00:22, 82.67it/s]Sampling step:   9%|▉         | 184/2000 [00:02<00:21, 82.88it/s]Sampling step:  10%|▉         | 193/2000 [00:02<00:21, 82.73it/s]Sampling step:  10%|█         | 202/2000 [00:02<00:21, 82.93it/s]Sampling step:  11%|█         | 211/2000 [00:02<00:21, 82.97it/s]Sampling step:  11%|█         | 220/2000 [00:03<00:21, 82.76it/s]Sampling step:  11%|█▏        | 229/2000 [00:03<00:21, 82.69it/s]Sampling step:  12%|█▏        | 238/2000 [00:03<00:21, 82.64it/s]Sampling step:  12%|█▏        | 247/2000 [00:03<00:21, 82.68it/s]Sampling step:  13%|█▎        | 256/2000 [00:03<00:21, 82.78it/s]Sampling step:  13%|█▎        | 265/2000 [00:03<00:20, 82.83it/s]Sampling step:  14%|█▎        | 274/2000 [00:03<00:20, 82.61it/s]Sampling step:  14%|█▍        | 283/2000 [00:03<00:20, 82.67it/s]Sampling step:  15%|█▍        | 292/2000 [00:03<00:20, 82.71it/s]Sampling step:  15%|█▌        | 301/2000 [00:04<00:20, 82.83it/s]Sampling step:  16%|█▌        | 310/2000 [00:04<00:20, 82.83it/s]Sampling step:  16%|█▌        | 319/2000 [00:04<00:20, 82.99it/s]Sampling step:  16%|█▋        | 328/2000 [00:04<00:20, 83.01it/s]Sampling step:  17%|█▋        | 337/2000 [00:04<00:20, 82.94it/s]Sampling step:  17%|█▋        | 346/2000 [00:04<00:19, 83.05it/s]Sampling step:  18%|█▊        | 355/2000 [00:04<00:19, 82.79it/s]Sampling step:  18%|█▊        | 364/2000 [00:04<00:19, 82.87it/s]Sampling step:  19%|█▊        | 373/2000 [00:04<00:19, 83.02it/s]Sampling step:  19%|█▉        | 382/2000 [00:05<00:19, 83.10it/s]Sampling step:  20%|█▉        | 391/2000 [00:05<00:19, 82.96it/s]Sampling step:  20%|██        | 400/2000 [00:05<00:19, 82.82it/s]Sampling step:  20%|██        | 409/2000 [00:05<00:19, 82.85it/s]Sampling step:  21%|██        | 418/2000 [00:05<00:19, 82.88it/s]Sampling step:  21%|██▏       | 427/2000 [00:05<00:18, 82.94it/s]Sampling step:  22%|██▏       | 436/2000 [00:05<00:18, 82.74it/s]Sampling step:  22%|██▏       | 445/2000 [00:05<00:18, 82.70it/s]Sampling step:  23%|██▎       | 454/2000 [00:05<00:18, 82.77it/s]Sampling step:  23%|██▎       | 463/2000 [00:06<00:18, 82.86it/s]Sampling step:  24%|██▎       | 472/2000 [00:06<00:18, 82.87it/s]Sampling step:  24%|██▍       | 481/2000 [00:06<00:18, 82.71it/s]Sampling step:  24%|██▍       | 490/2000 [00:06<00:18, 82.73it/s]Sampling step:  25%|██▍       | 499/2000 [00:06<00:18, 82.83it/s]Sampling step:  25%|██▌       | 508/2000 [00:06<00:17, 82.96it/s]Sampling step:  26%|██▌       | 517/2000 [00:06<00:17, 82.83it/s]Sampling step:  26%|██▋       | 526/2000 [00:06<00:17, 82.77it/s]Sampling step:  27%|██▋       | 535/2000 [00:06<00:17, 82.85it/s]Sampling step:  27%|██▋       | 544/2000 [00:07<00:17, 82.81it/s]Sampling step:  28%|██▊       | 553/2000 [00:07<00:17, 83.01it/s]Sampling step:  28%|██▊       | 562/2000 [00:07<00:17, 82.93it/s]Sampling step:  29%|██▊       | 571/2000 [00:07<00:17, 82.60it/s]Sampling step:  29%|██▉       | 580/2000 [00:07<00:17, 82.72it/s]Sampling step:  29%|██▉       | 589/2000 [00:07<00:17, 82.73it/s]Sampling step:  30%|██▉       | 598/2000 [00:07<00:16, 82.77it/s]Sampling step:  30%|███       | 607/2000 [00:07<00:16, 82.85it/s]Sampling step:  31%|███       | 616/2000 [00:07<00:16, 82.84it/s]Sampling step:  31%|███▏      | 625/2000 [00:07<00:16, 82.90it/s]Sampling step:  32%|███▏      | 634/2000 [00:08<00:16, 83.04it/s]Sampling step:  32%|███▏      | 643/2000 [00:08<00:16, 82.88it/s]Sampling step:  33%|███▎      | 652/2000 [00:08<00:16, 82.93it/s]Sampling step:  33%|███▎      | 661/2000 [00:08<00:16, 82.84it/s]Sampling step:  34%|███▎      | 670/2000 [00:08<00:16, 82.91it/s]Sampling step:  34%|███▍      | 679/2000 [00:08<00:15, 82.93it/s]Sampling step:  34%|███▍      | 688/2000 [00:08<00:15, 82.79it/s]Sampling step:  35%|███▍      | 697/2000 [00:08<00:15, 82.82it/s]Sampling step:  35%|███▌      | 706/2000 [00:08<00:15, 82.75it/s]Sampling step:  36%|███▌      | 715/2000 [00:09<00:15, 82.84it/s]Sampling step:  36%|███▌      | 724/2000 [00:09<00:15, 82.90it/s]Sampling step:  37%|███▋      | 733/2000 [00:09<00:15, 82.91it/s]Sampling step:  37%|███▋      | 742/2000 [00:09<00:15, 82.83it/s]Sampling step:  38%|███▊      | 751/2000 [00:09<00:15, 82.46it/s]Sampling step:  38%|███▊      | 760/2000 [00:09<00:15, 82.60it/s]Sampling step:  38%|███▊      | 769/2000 [00:09<00:14, 82.63it/s]Sampling step:  39%|███▉      | 778/2000 [00:09<00:14, 82.64it/s]Sampling step:  39%|███▉      | 787/2000 [00:09<00:14, 82.78it/s]Sampling step:  40%|███▉      | 796/2000 [00:10<00:14, 82.90it/s]Sampling step:  40%|████      | 805/2000 [00:10<00:14, 82.96it/s]Sampling step:  41%|████      | 814/2000 [00:10<00:14, 82.84it/s]Sampling step:  41%|████      | 823/2000 [00:10<00:14, 82.90it/s]Sampling step:  42%|████▏     | 832/2000 [00:10<00:14, 83.09it/s]Sampling step:  42%|████▏     | 841/2000 [00:10<00:13, 83.08it/s]Sampling step:  42%|████▎     | 850/2000 [00:10<00:13, 82.95it/s]Sampling step:  43%|████▎     | 859/2000 [00:10<00:13, 82.99it/s]Sampling step:  43%|████▎     | 868/2000 [00:10<00:13, 82.96it/s]Sampling step:  44%|████▍     | 877/2000 [00:11<00:13, 83.02it/s]Sampling step:  44%|████▍     | 886/2000 [00:11<00:13, 83.05it/s]Sampling step:  45%|████▍     | 895/2000 [00:11<00:13, 82.90it/s]Sampling step:  45%|████▌     | 904/2000 [00:11<00:13, 82.91it/s]Sampling step:  46%|████▌     | 913/2000 [00:11<00:13, 82.86it/s]Sampling step:  46%|████▌     | 922/2000 [00:11<00:13, 82.77it/s]Sampling step:  47%|████▋     | 931/2000 [00:11<00:12, 82.72it/s]Sampling step:  47%|████▋     | 940/2000 [00:11<00:12, 82.76it/s]Sampling step:  47%|████▋     | 949/2000 [00:11<00:12, 82.81it/s]Sampling step:  48%|████▊     | 958/2000 [00:11<00:12, 83.00it/s]Sampling step:  48%|████▊     | 967/2000 [00:12<00:12, 83.00it/s]Sampling step:  49%|████▉     | 976/2000 [00:12<00:12, 82.88it/s]Sampling step:  49%|████▉     | 985/2000 [00:12<00:12, 82.88it/s]Sampling step:  50%|████▉     | 994/2000 [00:12<00:12, 82.85it/s]Sampling step:  50%|█████     | 1003/2000 [00:12<00:12, 82.94it/s]Sampling step:  51%|█████     | 1012/2000 [00:12<00:11, 82.92it/s]Sampling step:  51%|█████     | 1021/2000 [00:12<00:11, 82.86it/s]Sampling step:  52%|█████▏    | 1030/2000 [00:12<00:11, 82.91it/s]Sampling step:  52%|█████▏    | 1039/2000 [00:12<00:11, 82.96it/s]Sampling step:  52%|█████▏    | 1048/2000 [00:13<00:11, 83.02it/s]Sampling step:  53%|█████▎    | 1057/2000 [00:13<00:11, 83.00it/s]Sampling step:  53%|█████▎    | 1066/2000 [00:13<00:11, 83.04it/s]Sampling step:  54%|█████▍    | 1075/2000 [00:13<00:11, 83.05it/s]Sampling step:  54%|█████▍    | 1084/2000 [00:13<00:11, 83.02it/s]Sampling step:  55%|█████▍    | 1093/2000 [00:13<00:10, 83.05it/s]Sampling step:  55%|█████▌    | 1102/2000 [00:13<00:10, 82.74it/s]Sampling step:  56%|█████▌    | 1111/2000 [00:13<00:10, 82.65it/s]Sampling step:  56%|█████▌    | 1120/2000 [00:13<00:10, 82.67it/s]Sampling step:  56%|█████▋    | 1129/2000 [00:14<00:10, 82.78it/s]Sampling step:  57%|█████▋    | 1138/2000 [00:14<00:10, 82.84it/s]Sampling step:  57%|█████▋    | 1147/2000 [00:14<00:10, 82.78it/s]Sampling step:  58%|█████▊    | 1156/2000 [00:14<00:10, 82.75it/s]Sampling step:  58%|█████▊    | 1165/2000 [00:14<00:10, 82.70it/s]Sampling step:  59%|█████▊    | 1174/2000 [00:14<00:09, 82.74it/s]Sampling step:  59%|█████▉    | 1183/2000 [00:14<00:09, 82.78it/s]Sampling step:  60%|█████▉    | 1192/2000 [00:14<00:09, 82.79it/s]Sampling step:  60%|██████    | 1201/2000 [00:14<00:09, 82.79it/s]Sampling step:  60%|██████    | 1210/2000 [00:15<00:09, 82.85it/s]Sampling step:  61%|██████    | 1219/2000 [00:15<00:09, 82.90it/s]Sampling step:  61%|██████▏   | 1228/2000 [00:15<00:09, 82.80it/s]Sampling step:  62%|██████▏   | 1237/2000 [00:15<00:09, 82.87it/s]Sampling step:  62%|██████▏   | 1246/2000 [00:15<00:09, 82.96it/s]Sampling step:  63%|██████▎   | 1255/2000 [00:15<00:08, 82.92it/s]Sampling step:  63%|██████▎   | 1264/2000 [00:15<00:08, 82.80it/s]Sampling step:  64%|██████▎   | 1273/2000 [00:15<00:08, 82.55it/s]Sampling step:  64%|██████▍   | 1282/2000 [00:15<00:08, 82.69it/s]Sampling step:  65%|██████▍   | 1291/2000 [00:16<00:08, 82.64it/s]Sampling step:  65%|██████▌   | 1300/2000 [00:16<00:08, 82.68it/s]Sampling step:  65%|██████▌   | 1309/2000 [00:16<00:08, 82.61it/s]Sampling step:  66%|██████▌   | 1318/2000 [00:16<00:08, 82.70it/s]Sampling step:  66%|██████▋   | 1327/2000 [00:16<00:08, 82.81it/s]Sampling step:  67%|██████▋   | 1336/2000 [00:16<00:08, 82.83it/s]Sampling step:  67%|██████▋   | 1345/2000 [00:16<00:07, 82.83it/s]Sampling step:  68%|██████▊   | 1354/2000 [00:16<00:07, 82.70it/s]Sampling step:  68%|██████▊   | 1363/2000 [00:16<00:07, 82.67it/s]Sampling step:  69%|██████▊   | 1372/2000 [00:16<00:07, 82.63it/s]Sampling step:  69%|██████▉   | 1381/2000 [00:17<00:07, 82.78it/s]Sampling step:  70%|██████▉   | 1390/2000 [00:17<00:07, 82.76it/s]Sampling step:  70%|██████▉   | 1399/2000 [00:17<00:07, 82.76it/s]Sampling step:  70%|███████   | 1408/2000 [00:17<00:07, 82.72it/s]Sampling step:  71%|███████   | 1417/2000 [00:17<00:07, 82.75it/s]Sampling step:  71%|███████▏  | 1426/2000 [00:17<00:06, 82.73it/s]Sampling step:  72%|███████▏  | 1435/2000 [00:17<00:06, 82.73it/s]Sampling step:  72%|███████▏  | 1444/2000 [00:17<00:06, 82.83it/s]Sampling step:  73%|███████▎  | 1453/2000 [00:17<00:06, 82.57it/s]Sampling step:  73%|███████▎  | 1462/2000 [00:18<00:06, 82.59it/s]Sampling step:  74%|███████▎  | 1471/2000 [00:18<00:06, 82.59it/s]Sampling step:  74%|███████▍  | 1480/2000 [00:18<00:06, 82.64it/s]Sampling step:  74%|███████▍  | 1489/2000 [00:18<00:06, 82.74it/s]Sampling step:  75%|███████▍  | 1498/2000 [00:18<00:06, 82.80it/s]Sampling step:  75%|███████▌  | 1507/2000 [00:18<00:05, 82.84it/s]Sampling step:  76%|███████▌  | 1516/2000 [00:18<00:05, 82.72it/s]Sampling step:  76%|███████▋  | 1525/2000 [00:18<00:05, 82.74it/s]Sampling step:  77%|███████▋  | 1534/2000 [00:18<00:05, 82.73it/s]Sampling step:  77%|███████▋  | 1543/2000 [00:19<00:05, 82.70it/s]Sampling step:  78%|███████▊  | 1552/2000 [00:19<00:05, 82.70it/s]Sampling step:  78%|███████▊  | 1561/2000 [00:19<00:05, 82.79it/s]Sampling step:  78%|███████▊  | 1570/2000 [00:19<00:05, 82.84it/s]Sampling step:  79%|███████▉  | 1579/2000 [00:19<00:05, 82.85it/s]Sampling step:  79%|███████▉  | 1588/2000 [00:19<00:04, 82.84it/s]Sampling step:  80%|███████▉  | 1597/2000 [00:19<00:04, 82.72it/s]Sampling step:  80%|████████  | 1606/2000 [00:19<00:04, 82.71it/s]Sampling step:  81%|████████  | 1615/2000 [00:19<00:04, 82.74it/s]Sampling step:  81%|████████  | 1624/2000 [00:20<00:04, 82.59it/s]Sampling step:  82%|████████▏ | 1633/2000 [00:20<00:04, 82.25it/s]Sampling step:  82%|████████▏ | 1642/2000 [00:20<00:04, 82.44it/s]Sampling step:  83%|████████▎ | 1651/2000 [00:20<00:04, 82.54it/s]Sampling step:  83%|████████▎ | 1660/2000 [00:20<00:04, 82.74it/s]Sampling step:  83%|████████▎ | 1669/2000 [00:20<00:03, 82.80it/s]Sampling step:  84%|████████▍ | 1678/2000 [00:20<00:03, 82.71it/s]Sampling step:  84%|████████▍ | 1687/2000 [00:20<00:03, 82.64it/s]Sampling step:  85%|████████▍ | 1696/2000 [00:20<00:03, 82.65it/s]Sampling step:  85%|████████▌ | 1705/2000 [00:21<00:03, 82.70it/s]Sampling step:  86%|████████▌ | 1714/2000 [00:21<00:03, 82.74it/s]Sampling step:  86%|████████▌ | 1723/2000 [00:21<00:03, 82.62it/s]Sampling step:  87%|████████▋ | 1732/2000 [00:21<00:03, 82.71it/s]Sampling step:  87%|████████▋ | 1741/2000 [00:21<00:03, 82.63it/s]Sampling step:  88%|████████▊ | 1750/2000 [00:21<00:03, 82.65it/s]Sampling step:  88%|████████▊ | 1759/2000 [00:21<00:02, 82.71it/s]Sampling step:  88%|████████▊ | 1768/2000 [00:21<00:02, 82.66it/s]Sampling step:  89%|████████▉ | 1777/2000 [00:21<00:02, 82.70it/s]Sampling step:  89%|████████▉ | 1786/2000 [00:22<00:02, 82.83it/s]Sampling step:  90%|████████▉ | 1795/2000 [00:22<00:02, 82.91it/s]Sampling step:  90%|█████████ | 1804/2000 [00:22<00:02, 82.34it/s]Sampling step:  91%|█████████ | 1813/2000 [00:22<00:02, 82.50it/s]Sampling step:  91%|█████████ | 1822/2000 [00:22<00:02, 82.58it/s]Sampling step:  92%|█████████▏| 1831/2000 [00:22<00:02, 82.60it/s]Sampling step:  92%|█████████▏| 1840/2000 [00:22<00:01, 82.59it/s]Sampling step:  92%|█████████▏| 1849/2000 [00:22<00:01, 82.61it/s]Sampling step:  93%|█████████▎| 1858/2000 [00:22<00:01, 82.67it/s]Sampling step:  93%|█████████▎| 1867/2000 [00:22<00:01, 82.75it/s]Sampling step:  94%|█████████▍| 1876/2000 [00:23<00:01, 82.85it/s]Sampling step:  94%|█████████▍| 1885/2000 [00:23<00:01, 82.73it/s]Sampling step:  95%|█████████▍| 1894/2000 [00:23<00:01, 82.74it/s]Sampling step:  95%|█████████▌| 1903/2000 [00:23<00:01, 82.78it/s]Sampling step:  96%|█████████▌| 1912/2000 [00:23<00:01, 82.85it/s]Sampling step:  96%|█████████▌| 1921/2000 [00:23<00:00, 82.89it/s]Sampling step:  96%|█████████▋| 1930/2000 [00:23<00:00, 82.92it/s]Sampling step:  97%|█████████▋| 1939/2000 [00:23<00:00, 82.85it/s]Sampling step:  97%|█████████▋| 1948/2000 [00:23<00:00, 82.88it/s]Sampling step:  98%|█████████▊| 1957/2000 [00:24<00:00, 82.90it/s]Sampling step:  98%|█████████▊| 1966/2000 [00:24<00:00, 82.89it/s]Sampling step:  99%|█████████▉| 1975/2000 [00:24<00:00, 82.76it/s]Sampling step:  99%|█████████▉| 1984/2000 [00:24<00:00, 82.52it/s]Sampling step: 100%|█████████▉| 1993/2000 [00:24<00:00, 82.47it/s]Sampling step: 100%|██████████| 2000/2000 [00:24<00:00, 81.32it/s]
  [1/40] 0001: diffusion error  3.96 mm | non-rigid residual  0.63 mm
Sampling step:   0%|          | 0/2000 [00:00<?, ?it/s]Sampling step:   0%|          | 8/2000 [00:00<00:26, 74.42it/s]Sampling step:   1%|          | 17/2000 [00:00<00:25, 79.27it/s]Sampling step:   1%|▏         | 26/2000 [00:00<00:24, 80.57it/s]Sampling step:   2%|▏         | 35/2000 [00:00<00:24, 81.32it/s]Sampling step:   2%|▏         | 44/2000 [00:00<00:23, 81.88it/s]Sampling step:   3%|▎         | 53/2000 [00:00<00:23, 82.18it/s]Sampling step:   3%|▎         | 62/2000 [00:00<00:23, 82.29it/s]Sampling step:   4%|▎         | 71/2000 [00:00<00:23, 82.35it/s]Sampling step:   4%|▍         | 80/2000 [00:00<00:23, 82.53it/s]Sampling step:   4%|▍         | 89/2000 [00:01<00:23, 82.48it/s]Sampling step:   5%|▍         | 98/2000 [00:01<00:23, 82.55it/s]Sampling step:   5%|▌         | 107/2000 [00:01<00:22, 82.54it/s]Sampling step:   6%|▌         | 116/2000 [00:01<00:22, 82.63it/s]Sampling step:   6%|▋         | 125/2000 [00:01<00:22, 82.72it/s]Sampling step:   7%|▋         | 134/2000 [00:01<00:22, 82.78it/s]Sampling step:   7%|▋         | 143/2000 [00:01<00:22, 82.65it/s]Sampling step:   8%|▊         | 152/2000 [00:01<00:22, 82.56it/s]Sampling step:   8%|▊         | 161/2000 [00:01<00:22, 82.50it/s]Sampling step:   8%|▊         | 170/2000 [00:02<00:22, 82.52it/s]Sampling step:   9%|▉         | 179/2000 [00:02<00:22, 82.66it/s]Sampling step:   9%|▉         | 188/2000 [00:02<00:21, 82.57it/s]Sampling step:  10%|▉         | 197/2000 [00:02<00:21, 82.71it/s]Sampling step:  10%|█         | 206/2000 [00:02<00:21, 82.76it/s]Sampling step:  11%|█         | 215/2000 [00:02<00:21, 82.93it/s]Sampling step:  11%|█         | 224/2000 [00:02<00:21, 83.02it/s]Sampling step:  12%|█▏        | 233/2000 [00:02<00:21, 82.87it/s]Sampling step:  12%|█▏        | 242/2000 [00:02<00:21, 82.81it/s]Sampling step:  13%|█▎        | 251/2000 [00:03<00:21, 82.88it/s]Sampling step:  13%|█▎        | 260/2000 [00:03<00:21, 82.83it/s]Sampling step:  13%|█▎        | 269/2000 [00:03<00:20, 82.76it/s]Sampling step:  14%|█▍        | 278/2000 [00:03<00:20, 82.73it/s]Sampling step:  14%|█▍        | 287/2000 [00:03<00:20, 82.85it/s]Sampling step:  15%|█▍        | 296/2000 [00:03<00:20, 82.75it/s]Sampling step:  15%|█▌        | 305/2000 [00:03<00:20, 82.86it/s]Sampling step:  16%|█▌        | 314/2000 [00:03<00:20, 82.73it/s]Sampling step:  16%|█▌        | 323/2000 [00:03<00:20, 82.58it/s]Sampling step:  17%|█▋        | 332/2000 [00:04<00:20, 82.66it/s]Sampling step:  17%|█▋        | 341/2000 [00:04<00:20, 82.87it/s]Sampling step:  18%|█▊        | 350/2000 [00:04<00:19, 82.70it/s]Sampling step:  18%|█▊        | 359/2000 [00:04<00:19, 82.72it/s]Sampling step:  18%|█▊        | 368/2000 [00:04<00:19, 82.76it/s]Sampling step:  19%|█▉        | 377/2000 [00:04<00:19, 82.78it/s]Sampling step:  19%|█▉        | 386/2000 [00:04<00:19, 82.80it/s]Sampling step:  20%|█▉        | 395/2000 [00:04<00:19, 82.66it/s]Sampling step:  20%|██        | 404/2000 [00:04<00:19, 82.59it/s]Sampling step:  21%|██        | 413/2000 [00:05<00:19, 82.46it/s]Sampling step:  21%|██        | 422/2000 [00:05<00:19, 82.56it/s]Sampling step:  22%|██▏       | 431/2000 [00:05<00:18, 82.80it/s]Sampling step:  22%|██▏       | 440/2000 [00:05<00:18, 82.70it/s]Sampling step:  22%|██▏       | 449/2000 [00:05<00:18, 82.84it/s]Sampling step:  23%|██▎       | 458/2000 [00:05<00:18, 82.94it/s]Sampling step:  23%|██▎       | 467/2000 [00:05<00:18, 82.98it/s]Sampling step:  24%|██▍       | 476/2000 [00:05<00:18, 82.32it/s]Sampling step:  24%|██▍       | 485/2000 [00:05<00:18, 82.51it/s]Sampling step:  25%|██▍       | 494/2000 [00:05<00:18, 82.51it/s]Sampling step:  25%|██▌       | 503/2000 [00:06<00:18, 82.71it/s]Sampling step:  26%|██▌       | 512/2000 [00:06<00:17, 82.81it/s]Sampling step:  26%|██▌       | 521/2000 [00:06<00:17, 82.63it/s]Sampling step:  26%|██▋       | 530/2000 [00:06<00:17, 82.77it/s]Sampling step:  27%|██▋       | 539/2000 [00:06<00:17, 82.88it/s]Sampling step:  27%|██▋       | 548/2000 [00:06<00:17, 82.96it/s]Sampling step:  28%|██▊       | 557/2000 [00:06<00:17, 83.09it/s]Sampling step:  28%|██▊       | 566/2000 [00:06<00:17, 83.11it/s]Sampling step:  29%|██▉       | 575/2000 [00:06<00:17, 82.99it/s]Sampling step:  29%|██▉       | 584/2000 [00:07<00:17, 83.09it/s]Sampling step:  30%|██▉       | 593/2000 [00:07<00:16, 83.04it/s]Sampling step:  30%|███       | 602/2000 [00:07<00:16, 82.93it/s]Sampling step:  31%|███       | 611/2000 [00:07<00:16, 82.96it/s]Sampling step:  31%|███       | 620/2000 [00:07<00:16, 83.01it/s]Sampling step:  31%|███▏      | 629/2000 [00:07<00:16, 83.07it/s]Sampling step:  32%|███▏      | 638/2000 [00:07<00:16, 83.05it/s]Sampling step:  32%|███▏      | 647/2000 [00:07<00:16, 82.62it/s]Sampling step:  33%|███▎      | 656/2000 [00:07<00:16, 82.27it/s]Sampling step:  33%|███▎      | 665/2000 [00:08<00:16, 82.46it/s]Sampling step:  34%|███▎      | 674/2000 [00:08<00:16, 82.45it/s]Sampling step:  34%|███▍      | 683/2000 [00:08<00:15, 82.51it/s]Sampling step:  35%|███▍      | 692/2000 [00:08<00:15, 82.55it/s]Sampling step:  35%|███▌      | 701/2000 [00:08<00:15, 82.44it/s]Sampling step:  36%|███▌      | 710/2000 [00:08<00:15, 82.69it/s]Sampling step:  36%|███▌      | 719/2000 [00:08<00:15, 82.90it/s]Sampling step:  36%|███▋      | 728/2000 [00:08<00:15, 82.97it/s]Sampling step:  37%|███▋      | 737/2000 [00:08<00:15, 82.96it/s]Sampling step:  37%|███▋      | 746/2000 [00:09<00:15, 83.09it/s]Sampling step:  38%|███▊      | 755/2000 [00:09<00:14, 83.09it/s]Sampling step:  38%|███▊      | 764/2000 [00:09<00:14, 83.25it/s]Sampling step:  39%|███▊      | 773/2000 [00:09<00:14, 83.03it/s]Sampling step:  39%|███▉      | 782/2000 [00:09<00:14, 83.21it/s]Sampling step:  40%|███▉      | 791/2000 [00:09<00:14, 83.20it/s]Sampling step:  40%|████      | 800/2000 [00:09<00:14, 83.28it/s]Sampling step:  40%|████      | 809/2000 [00:09<00:14, 83.19it/s]Sampling step:  41%|████      | 818/2000 [00:09<00:14, 83.04it/s]Sampling step:  41%|████▏     | 827/2000 [00:10<00:14, 82.96it/s]Sampling step:  42%|████▏     | 836/2000 [00:10<00:14, 82.98it/s]Sampling step:  42%|████▏     | 845/2000 [00:10<00:13, 83.05it/s]Sampling step:  43%|████▎     | 854/2000 [00:10<00:13, 82.94it/s]Sampling step:  43%|████▎     | 863/2000 [00:10<00:13, 83.00it/s]Sampling step:  44%|████▎     | 872/2000 [00:10<00:13, 82.72it/s]Sampling step:  44%|████▍     | 881/2000 [00:10<00:13, 82.69it/s]Sampling step:  44%|████▍     | 890/2000 [00:10<00:13, 82.64it/s]Sampling step:  45%|████▍     | 899/2000 [00:10<00:13, 82.69it/s]Sampling step:  45%|████▌     | 908/2000 [00:10<00:13, 82.79it/s]Sampling step:  46%|████▌     | 917/2000 [00:11<00:13, 82.83it/s]Sampling step:  46%|████▋     | 926/2000 [00:11<00:12, 82.91it/s]Sampling step:  47%|████▋     | 935/2000 [00:11<00:12, 82.79it/s]Sampling step:  47%|████▋     | 944/2000 [00:11<00:12, 82.95it/s]Sampling step:  48%|████▊     | 953/2000 [00:11<00:12, 83.00it/s]Sampling step:  48%|████▊     | 962/2000 [00:11<00:12, 83.00it/s]Sampling step:  49%|████▊     | 971/2000 [00:11<00:12, 83.03it/s]Sampling step:  49%|████▉     | 980/2000 [00:11<00:12, 83.18it/s]Sampling step:  49%|████▉     | 989/2000 [00:11<00:12, 83.19it/s]Sampling step:  50%|████▉     | 998/2000 [00:12<00:12, 83.17it/s]Sampling step:  50%|█████     | 1007/2000 [00:12<00:11, 83.11it/s]Sampling step:  51%|█████     | 1016/2000 [00:12<00:11, 82.97it/s]Sampling step:  51%|█████▏    | 1025/2000 [00:12<00:11, 82.99it/s]Sampling step:  52%|█████▏    | 1034/2000 [00:12<00:11, 83.07it/s]Sampling step:  52%|█████▏    | 1043/2000 [00:12<00:11, 83.09it/s]Sampling step:  53%|█████▎    | 1052/2000 [00:12<00:11, 83.03it/s]Sampling step:  53%|█████▎    | 1061/2000 [00:12<00:11, 82.81it/s]Sampling step:  54%|█████▎    | 1070/2000 [00:12<00:11, 82.63it/s]Sampling step:  54%|█████▍    | 1079/2000 [00:13<00:11, 82.67it/s]Sampling step:  54%|█████▍    | 1088/2000 [00:13<00:11, 82.72it/s]Sampling step:  55%|█████▍    | 1097/2000 [00:13<00:10, 82.68it/s]Sampling step:  55%|█████▌    | 1106/2000 [00:13<00:10, 82.75it/s]Sampling step:  56%|█████▌    | 1115/2000 [00:13<00:10, 82.87it/s]Sampling step:  56%|█████▌    | 1124/2000 [00:13<00:10, 82.84it/s]Sampling step:  57%|█████▋    | 1133/2000 [00:13<00:10, 83.03it/s]Sampling step:  57%|█████▋    | 1142/2000 [00:13<00:10, 83.00it/s]Sampling step:  58%|█████▊    | 1151/2000 [00:13<00:10, 82.96it/s]Sampling step:  58%|█████▊    | 1160/2000 [00:14<00:10, 82.96it/s]Sampling step:  58%|█████▊    | 1169/2000 [00:14<00:10, 82.87it/s]Sampling step:  59%|█████▉    | 1178/2000 [00:14<00:09, 82.83it/s]Sampling step:  59%|█████▉    | 1187/2000 [00:14<00:09, 82.84it/s]Sampling step:  60%|█████▉    | 1196/2000 [00:14<00:09, 83.20it/s]Sampling step:  60%|██████    | 1205/2000 [00:14<00:09, 83.16it/s]Sampling step:  61%|██████    | 1214/2000 [00:14<00:09, 83.17it/s]Sampling step:  61%|██████    | 1223/2000 [00:14<00:09, 83.06it/s]Sampling step:  62%|██████▏   | 1232/2000 [00:14<00:09, 82.63it/s]Sampling step:  62%|██████▏   | 1241/2000 [00:14<00:09, 82.61it/s]Sampling step:  62%|██████▎   | 1250/2000 [00:15<00:09, 82.62it/s]Sampling step:  63%|██████▎   | 1259/2000 [00:15<00:08, 82.73it/s]Sampling step:  63%|██████▎   | 1268/2000 [00:15<00:08, 82.75it/s]Sampling step:  64%|██████▍   | 1277/2000 [00:15<00:08, 82.83it/s]Sampling step:  64%|██████▍   | 1286/2000 [00:15<00:08, 82.96it/s]Sampling step:  65%|██████▍   | 1295/2000 [00:15<00:08, 83.01it/s]Sampling step:  65%|██████▌   | 1304/2000 [00:15<00:08, 83.15it/s]Sampling step:  66%|██████▌   | 1313/2000 [00:15<00:08, 83.03it/s]Sampling step:  66%|██████▌   | 1322/2000 [00:15<00:08, 82.93it/s]Sampling step:  67%|██████▋   | 1331/2000 [00:16<00:08, 83.03it/s]Sampling step:  67%|██████▋   | 1340/2000 [00:16<00:07, 83.23it/s]Sampling step:  67%|██████▋   | 1349/2000 [00:16<00:07, 83.16it/s]Sampling step:  68%|██████▊   | 1358/2000 [00:16<00:07, 83.23it/s]Sampling step:  68%|██████▊   | 1367/2000 [00:16<00:07, 83.15it/s]Sampling step:  69%|██████▉   | 1376/2000 [00:16<00:07, 83.18it/s]Sampling step:  69%|██████▉   | 1385/2000 [00:16<00:07, 83.33it/s]Sampling step:  70%|██████▉   | 1394/2000 [00:16<00:07, 83.22it/s]Sampling step:  70%|███████   | 1403/2000 [00:16<00:07, 83.04it/s]Sampling step:  71%|███████   | 1412/2000 [00:17<00:07, 82.95it/s]Sampling step:  71%|███████   | 1421/2000 [00:17<00:06, 82.87it/s]Sampling step:  72%|███████▏  | 1430/2000 [00:17<00:06, 82.88it/s]Sampling step:  72%|███████▏  | 1439/2000 [00:17<00:06, 82.83it/s]Sampling step:  72%|███████▏  | 1448/2000 [00:17<00:06, 82.90it/s]Sampling step:  73%|███████▎  | 1457/2000 [00:17<00:06, 82.97it/s]Sampling step:  73%|███████▎  | 1466/2000 [00:17<00:06, 83.07it/s]Sampling step:  74%|███████▍  | 1475/2000 [00:17<00:06, 83.05it/s]Sampling step:  74%|███████▍  | 1484/2000 [00:17<00:06, 83.10it/s]Sampling step:  75%|███████▍  | 1493/2000 [00:18<00:06, 83.10it/s]Sampling step:  75%|███████▌  | 1502/2000 [00:18<00:05, 83.11it/s]Sampling step:  76%|███████▌  | 1511/2000 [00:18<00:05, 83.12it/s]Sampling step:  76%|███████▌  | 1520/2000 [00:18<00:05, 83.04it/s]Sampling step:  76%|███████▋  | 1529/2000 [00:18<00:05, 83.12it/s]Sampling step:  77%|███████▋  | 1538/2000 [00:18<00:05, 83.06it/s]Sampling step:  77%|███████▋  | 1547/2000 [00:18<00:05, 83.01it/s]Sampling step:  78%|███████▊  | 1556/2000 [00:18<00:05, 82.82it/s]Sampling step:  78%|███████▊  | 1565/2000 [00:18<00:05, 82.95it/s]Sampling step:  79%|███████▊  | 1574/2000 [00:19<00:05, 82.75it/s]Sampling step:  79%|███████▉  | 1583/2000 [00:19<00:05, 82.59it/s]Sampling step:  80%|███████▉  | 1592/2000 [00:19<00:04, 82.67it/s]Sampling step:  80%|████████  | 1601/2000 [00:19<00:04, 82.74it/s]Sampling step:  80%|████████  | 1610/2000 [00:19<00:04, 82.85it/s]Sampling step:  81%|████████  | 1619/2000 [00:19<00:04, 82.89it/s]Sampling step:  81%|████████▏ | 1628/2000 [00:19<00:04, 83.04it/s]Sampling step:  82%|████████▏ | 1637/2000 [00:19<00:04, 83.05it/s]Sampling step:  82%|████████▏ | 1646/2000 [00:19<00:04, 83.10it/s]Sampling step:  83%|████████▎ | 1655/2000 [00:19<00:04, 82.94it/s]Sampling step:  83%|████████▎ | 1664/2000 [00:20<00:04, 82.87it/s]Sampling step:  84%|████████▎ | 1673/2000 [00:20<00:03, 82.96it/s]Sampling step:  84%|████████▍ | 1682/2000 [00:20<00:03, 82.93it/s]Sampling step:  85%|████████▍ | 1691/2000 [00:20<00:03, 82.98it/s]Sampling step:  85%|████████▌ | 1700/2000 [00:20<00:03, 83.03it/s]Sampling step:  85%|████████▌ | 1709/2000 [00:20<00:03, 83.05it/s]Sampling step:  86%|████████▌ | 1718/2000 [00:20<00:03, 83.11it/s]Sampling step:  86%|████████▋ | 1727/2000 [00:20<00:03, 83.08it/s]Sampling step:  87%|████████▋ | 1736/2000 [00:20<00:03, 82.86it/s]Sampling step:  87%|████████▋ | 1745/2000 [00:21<00:03, 82.71it/s]Sampling step:  88%|████████▊ | 1754/2000 [00:21<00:02, 82.66it/s]Sampling step:  88%|████████▊ | 1763/2000 [00:21<00:02, 82.53it/s]Sampling step:  89%|████████▊ | 1772/2000 [00:21<00:02, 82.67it/s]Sampling step:  89%|████████▉ | 1781/2000 [00:21<00:02, 82.86it/s]Sampling step:  90%|████████▉ | 1790/2000 [00:21<00:02, 82.98it/s]Sampling step:  90%|████████▉ | 1799/2000 [00:21<00:02, 83.07it/s]Sampling step:  90%|█████████ | 1808/2000 [00:21<00:02, 82.94it/s]Sampling step:  91%|█████████ | 1817/2000 [00:21<00:02, 82.95it/s]Sampling step:  91%|█████████▏| 1826/2000 [00:22<00:02, 82.90it/s]Sampling step:  92%|█████████▏| 1835/2000 [00:22<00:01, 82.85it/s]Sampling step:  92%|█████████▏| 1844/2000 [00:22<00:01, 82.81it/s]Sampling step:  93%|█████████▎| 1853/2000 [00:22<00:01, 82.75it/s]Sampling step:  93%|█████████▎| 1862/2000 [00:22<00:01, 82.92it/s]Sampling step:  94%|█████████▎| 1871/2000 [00:22<00:01, 82.88it/s]Sampling step:  94%|█████████▍| 1880/2000 [00:22<00:01, 83.04it/s]Sampling step:  94%|█████████▍| 1889/2000 [00:22<00:01, 82.90it/s]Sampling step:  95%|█████████▍| 1898/2000 [00:22<00:01, 82.94it/s]Sampling step:  95%|█████████▌| 1907/2000 [00:23<00:01, 83.02it/s]Sampling step:  96%|█████████▌| 1916/2000 [00:23<00:01, 82.96it/s]Sampling step:  96%|█████████▋| 1925/2000 [00:23<00:00, 83.02it/s]Sampling step:  97%|█████████▋| 1934/2000 [00:23<00:00, 82.67it/s]Sampling step:  97%|█████████▋| 1943/2000 [00:23<00:00, 82.75it/s]Sampling step:  98%|█████████▊| 1952/2000 [00:23<00:00, 82.84it/s]Sampling step:  98%|█████████▊| 1961/2000 [00:23<00:00, 82.80it/s]Sampling step:  98%|█████████▊| 1970/2000 [00:23<00:00, 82.76it/s]Sampling step:  99%|█████████▉| 1979/2000 [00:23<00:00, 82.75it/s]Sampling step:  99%|█████████▉| 1988/2000 [00:24<00:00, 82.68it/s]Sampling step: 100%|█████████▉| 1997/2000 [00:24<00:00, 82.63it/s]Sampling step: 100%|██████████| 2000/2000 [00:24<00:00, 82.83it/s]
  [2/40] 0002: diffusion error  2.02 mm | non-rigid residual  0.67 mm
Sampling step:   0%|          | 0/2000 [00:00<?, ?it/s]Sampling step:   0%|          | 8/2000 [00:00<00:26, 74.52it/s]Sampling step:   1%|          | 17/2000 [00:00<00:24, 79.49it/s]Sampling step:   1%|▏         | 26/2000 [00:00<00:24, 81.07it/s]Sampling step:   2%|▏         | 35/2000 [00:00<00:24, 81.85it/s]Sampling step:   2%|▏         | 44/2000 [00:00<00:23, 82.44it/s]Sampling step:   3%|▎         | 53/2000 [00:00<00:23, 82.47it/s]Sampling step:   3%|▎         | 62/2000 [00:00<00:23, 82.74it/s]Sampling step:   4%|▎         | 71/2000 [00:00<00:23, 82.68it/s]Sampling step:   4%|▍         | 80/2000 [00:00<00:23, 82.49it/s]Sampling step:   4%|▍         | 89/2000 [00:01<00:23, 82.62it/s]Sampling step:   5%|▍         | 98/2000 [00:01<00:22, 82.82it/s]Sampling step:   5%|▌         | 107/2000 [00:01<00:22, 82.78it/s]Sampling step:   6%|▌         | 116/2000 [00:01<00:22, 82.70it/s]Sampling step:   6%|▋         | 125/2000 [00:01<00:22, 82.87it/s]Sampling step:   7%|▋         | 134/2000 [00:01<00:22, 82.93it/s]Sampling step:   7%|▋         | 143/2000 [00:01<00:22, 83.03it/s]Sampling step:   8%|▊         | 152/2000 [00:01<00:22, 82.89it/s]Sampling step:   8%|▊         | 161/2000 [00:01<00:22, 82.89it/s]Sampling step:   8%|▊         | 170/2000 [00:02<00:22, 82.90it/s]Sampling step:   9%|▉         | 179/2000 [00:02<00:21, 82.91it/s]Sampling step:   9%|▉         | 188/2000 [00:02<00:21, 82.91it/s]Sampling step:  10%|▉         | 197/2000 [00:02<00:21, 82.81it/s]Sampling step:  10%|█         | 206/2000 [00:02<00:21, 82.89it/s]Sampling step:  11%|█         | 215/2000 [00:02<00:21, 82.84it/s]Sampling step:  11%|█         | 224/2000 [00:02<00:21, 82.97it/s]Sampling step:  12%|█▏        | 233/2000 [00:02<00:21, 82.99it/s]Sampling step:  12%|█▏        | 242/2000 [00:02<00:21, 83.02it/s]Sampling step:  13%|█▎        | 251/2000 [00:03<00:21, 82.54it/s]Sampling step:  13%|█▎        | 260/2000 [00:03<00:21, 82.60it/s]Sampling step:  13%|█▎        | 269/2000 [00:03<00:20, 82.64it/s]Sampling step:  14%|█▍        | 278/2000 [00:03<00:20, 82.64it/s]Sampling step:  14%|█▍        | 287/2000 [00:03<00:20, 82.71it/s]Sampling step:  15%|█▍        | 296/2000 [00:03<00:20, 82.78it/s]Sampling step:  15%|█▌        | 305/2000 [00:03<00:20, 82.85it/s]Sampling step:  16%|█▌        | 314/2000 [00:03<00:20, 82.88it/s]Sampling step:  16%|█▌        | 323/2000 [00:03<00:20, 82.74it/s]Sampling step:  17%|█▋        | 332/2000 [00:04<00:20, 82.83it/s]Sampling step:  17%|█▋        | 341/2000 [00:04<00:20, 82.89it/s]Sampling step:  18%|█▊        | 350/2000 [00:04<00:19, 82.96it/s]Sampling step:  18%|█▊        | 359/2000 [00:04<00:19, 82.90it/s]Sampling step:  18%|█▊        | 368/2000 [00:04<00:19, 83.02it/s]Sampling step:  19%|█▉        | 377/2000 [00:04<00:19, 83.00it/s]Sampling step:  19%|█▉        | 386/2000 [00:04<00:19, 83.08it/s]Sampling step:  20%|█▉        | 395/2000 [00:04<00:19, 83.11it/s]Sampling step:  20%|██        | 404/2000 [00:04<00:19, 83.00it/s]Sampling step:  21%|██        | 413/2000 [00:04<00:19, 82.98it/s]Sampling step:  21%|██        | 422/2000 [00:05<00:19, 82.89it/s]Sampling step:  22%|██▏       | 431/2000 [00:05<00:18, 82.77it/s]Sampling step:  22%|██▏       | 440/2000 [00:05<00:18, 82.68it/s]Sampling step:  22%|██▏       | 449/2000 [00:05<00:18, 82.74it/s]Sampling step:  23%|██▎       | 458/2000 [00:05<00:18, 82.92it/s]Sampling step:  23%|██▎       | 467/2000 [00:05<00:18, 82.91it/s]Sampling step:  24%|██▍       | 476/2000 [00:05<00:18, 83.05it/s]Sampling step:  24%|██▍       | 485/2000 [00:05<00:18, 82.96it/s]Sampling step:  25%|██▍       | 494/2000 [00:05<00:18, 83.11it/s]Sampling step:  25%|██▌       | 503/2000 [00:06<00:18, 83.13it/s]Sampling step:  26%|██▌       | 512/2000 [00:06<00:17, 83.15it/s]Sampling step:  26%|██▌       | 521/2000 [00:06<00:17, 83.17it/s]Sampling step:  26%|██▋       | 530/2000 [00:06<00:17, 83.04it/s]Sampling step:  27%|██▋       | 539/2000 [00:06<00:17, 83.03it/s]Sampling step:  27%|██▋       | 548/2000 [00:06<00:17, 83.08it/s]Sampling step:  28%|██▊       | 557/2000 [00:06<00:17, 83.08it/s]Sampling step:  28%|██▊       | 566/2000 [00:06<00:17, 83.15it/s]Sampling step:  29%|██▉       | 575/2000 [00:06<00:17, 83.18it/s]Sampling step:  29%|██▉       | 584/2000 [00:07<00:17, 83.13it/s]Sampling step:  30%|██▉       | 593/2000 [00:07<00:16, 83.03it/s]Sampling step:  30%|███       | 602/2000 [00:07<00:16, 82.83it/s]Sampling step:  31%|███       | 611/2000 [00:07<00:16, 82.58it/s]Sampling step:  31%|███       | 620/2000 [00:07<00:16, 82.49it/s]Sampling step:  31%|███▏      | 629/2000 [00:07<00:16, 82.61it/s]Sampling step:  32%|███▏      | 638/2000 [00:07<00:16, 82.86it/s]Sampling step:  32%|███▏      | 647/2000 [00:07<00:16, 82.96it/s]Sampling step:  33%|███▎      | 656/2000 [00:07<00:16, 82.96it/s]Sampling step:  33%|███▎      | 665/2000 [00:08<00:16, 83.07it/s]Sampling step:  34%|███▎      | 674/2000 [00:08<00:15, 83.07it/s]Sampling step:  34%|███▍      | 683/2000 [00:08<00:15, 83.03it/s]Sampling step:  35%|███▍      | 692/2000 [00:08<00:15, 82.96it/s]Sampling step:  35%|███▌      | 701/2000 [00:08<00:15, 83.07it/s]Sampling step:  36%|███▌      | 710/2000 [00:08<00:15, 83.06it/s]Sampling step:  36%|███▌      | 719/2000 [00:08<00:15, 83.08it/s]Sampling step:  36%|███▋      | 728/2000 [00:08<00:15, 83.06it/s]Sampling step:  37%|███▋      | 737/2000 [00:08<00:15, 82.86it/s]Sampling step:  37%|███▋      | 746/2000 [00:09<00:15, 82.91it/s]Sampling step:  38%|███▊      | 755/2000 [00:09<00:15, 82.96it/s]Sampling step:  38%|███▊      | 764/2000 [00:09<00:14, 83.08it/s]Sampling step:  39%|███▊      | 773/2000 [00:09<00:14, 83.11it/s]Sampling step:  39%|███▉      | 782/2000 [00:09<00:14, 82.87it/s]Sampling step:  40%|███▉      | 791/2000 [00:09<00:14, 82.86it/s]Sampling step:  40%|████      | 800/2000 [00:09<00:14, 82.93it/s]Sampling step:  40%|████      | 809/2000 [00:09<00:14, 83.06it/s]Sampling step:  41%|████      | 818/2000 [00:09<00:14, 82.81it/s]Sampling step:  41%|████▏     | 827/2000 [00:09<00:14, 82.84it/s]Sampling step:  42%|████▏     | 836/2000 [00:10<00:14, 82.81it/s]Sampling step:  42%|████▏     | 845/2000 [00:10<00:13, 82.92it/s]Sampling step:  43%|████▎     | 854/2000 [00:10<00:13, 82.87it/s]Sampling step:  43%|████▎     | 863/2000 [00:10<00:13, 82.91it/s]Sampling step:  44%|████▎     | 872/2000 [00:10<00:13, 83.01it/s]Sampling step:  44%|████▍     | 881/2000 [00:10<00:13, 83.02it/s]Sampling step:  44%|████▍     | 890/2000 [00:10<00:13, 82.87it/s]Sampling step:  45%|████▍     | 899/2000 [00:10<00:13, 82.72it/s]Sampling step:  45%|████▌     | 908/2000 [00:10<00:13, 82.83it/s]Sampling step:  46%|████▌     | 917/2000 [00:11<00:13, 82.78it/s]Sampling step:  46%|████▋     | 926/2000 [00:11<00:12, 82.77it/s]Sampling step:  47%|████▋     | 935/2000 [00:11<00:12, 82.84it/s]Sampling step:  47%|████▋     | 944/2000 [00:11<00:12, 82.74it/s]Sampling step:  48%|████▊     | 953/2000 [00:11<00:12, 82.74it/s]Sampling step:  48%|████▊     | 962/2000 [00:11<00:12, 82.64it/s]Sampling step:  49%|████▊     | 971/2000 [00:11<00:12, 82.72it/s]Sampling step:  49%|████▉     | 980/2000 [00:11<00:12, 82.74it/s]Sampling step:  49%|████▉     | 989/2000 [00:11<00:12, 82.81it/s]Sampling step:  50%|████▉     | 998/2000 [00:12<00:12, 82.92it/s]Sampling step:  50%|█████     | 1007/2000 [00:12<00:11, 82.90it/s]Sampling step:  51%|█████     | 1016/2000 [00:12<00:11, 82.89it/s]Sampling step:  51%|█████▏    | 1025/2000 [00:12<00:11, 82.68it/s]Sampling step:  52%|█████▏    | 1034/2000 [00:12<00:11, 82.83it/s]Sampling step:  52%|█████▏    | 1043/2000 [00:12<00:11, 82.91it/s]Sampling step:  53%|█████▎    | 1052/2000 [00:12<00:11, 82.97it/s]Sampling step:  53%|█████▎    | 1061/2000 [00:12<00:11, 82.96it/s]Sampling step:  54%|█████▎    | 1070/2000 [00:12<00:11, 82.92it/s]Sampling step:  54%|█████▍    | 1079/2000 [00:13<00:11, 82.92it/s]Sampling step:  54%|█████▍    | 1088/2000 [00:13<00:11, 82.91it/s]Sampling step:  55%|█████▍    | 1097/2000 [00:13<00:10, 82.94it/s]Sampling step:  55%|█████▌    | 1106/2000 [00:13<00:10, 82.74it/s]Sampling step:  56%|█████▌    | 1115/2000 [00:13<00:10, 82.87it/s]Sampling step:  56%|█████▌    | 1124/2000 [00:13<00:10, 82.96it/s]Sampling step:  57%|█████▋    | 1133/2000 [00:13<00:10, 82.73it/s]Sampling step:  57%|█████▋    | 1142/2000 [00:13<00:10, 82.74it/s]Sampling step:  58%|█████▊    | 1151/2000 [00:13<00:10, 82.69it/s]Sampling step:  58%|█████▊    | 1160/2000 [00:14<00:10, 82.79it/s]Sampling step:  58%|█████▊    | 1169/2000 [00:14<00:10, 82.88it/s]Sampling step:  59%|█████▉    | 1178/2000 [00:14<00:09, 82.96it/s]Sampling step:  59%|█████▉    | 1187/2000 [00:14<00:09, 82.97it/s]Sampling step:  60%|█████▉    | 1196/2000 [00:14<00:09, 83.09it/s]Sampling step:  60%|██████    | 1205/2000 [00:14<00:09, 83.20it/s]Sampling step:  61%|██████    | 1214/2000 [00:14<00:09, 83.17it/s]Sampling step:  61%|██████    | 1223/2000 [00:14<00:09, 83.07it/s]Sampling step:  62%|██████▏   | 1232/2000 [00:14<00:09, 82.90it/s]Sampling step:  62%|██████▏   | 1241/2000 [00:14<00:09, 82.96it/s]Sampling step:  62%|██████▎   | 1250/2000 [00:15<00:09, 82.90it/s]Sampling step:  63%|██████▎   | 1259/2000 [00:15<00:08, 82.94it/s]Sampling step:  63%|██████▎   | 1268/2000 [00:15<00:08, 82.99it/s]Sampling step:  64%|██████▍   | 1277/2000 [00:15<00:08, 82.92it/s]Sampling step:  64%|██████▍   | 1286/2000 [00:15<00:08, 83.03it/s]Sampling step:  65%|██████▍   | 1295/2000 [00:15<00:08, 82.99it/s]Sampling step:  65%|██████▌   | 1304/2000 [00:15<00:08, 83.04it/s]Sampling step:  66%|██████▌   | 1313/2000 [00:15<00:08, 82.91it/s]Sampling step:  66%|██████▌   | 1322/2000 [00:15<00:08, 82.78it/s]Sampling step:  67%|██████▋   | 1331/2000 [00:16<00:08, 82.91it/s]Sampling step:  67%|██████▋   | 1340/2000 [00:16<00:07, 82.98it/s]Sampling step:  67%|██████▋   | 1349/2000 [00:16<00:07, 82.90it/s]Sampling step:  68%|██████▊   | 1358/2000 [00:16<00:07, 82.81it/s]Sampling step:  68%|██████▊   | 1367/2000 [00:16<00:07, 82.90it/s]Sampling step:  69%|██████▉   | 1376/2000 [00:16<00:07, 82.95it/s]Sampling step:  69%|██████▉   | 1385/2000 [00:16<00:07, 82.93it/s]Sampling step:  70%|██████▉   | 1394/2000 [00:16<00:07, 82.90it/s]Sampling step:  70%|███████   | 1403/2000 [00:16<00:07, 82.86it/s]Sampling step:  71%|███████   | 1412/2000 [00:17<00:07, 83.00it/s]Sampling step:  71%|███████   | 1421/2000 [00:17<00:06, 83.06it/s]Sampling step:  72%|███████▏  | 1430/2000 [00:17<00:06, 83.05it/s]Sampling step:  72%|███████▏  | 1439/2000 [00:17<00:06, 82.96it/s]Sampling step:  72%|███████▏  | 1448/2000 [00:17<00:06, 83.00it/s]Sampling step:  73%|███████▎  | 1457/2000 [00:17<00:06, 83.12it/s]Sampling step:  73%|███████▎  | 1466/2000 [00:17<00:06, 83.15it/s]Sampling step:  74%|███████▍  | 1475/2000 [00:17<00:06, 83.01it/s]Sampling step:  74%|███████▍  | 1484/2000 [00:17<00:06, 82.74it/s]Sampling step:  75%|███████▍  | 1493/2000 [00:18<00:06, 82.61it/s]Sampling step:  75%|███████▌  | 1502/2000 [00:18<00:06, 82.54it/s]Sampling step:  76%|███████▌  | 1511/2000 [00:18<00:05, 82.62it/s]Sampling step:  76%|███████▌  | 1520/2000 [00:18<00:05, 82.78it/s]Sampling step:  76%|███████▋  | 1529/2000 [00:18<00:05, 82.86it/s]Sampling step:  77%|███████▋  | 1538/2000 [00:18<00:05, 82.91it/s]Sampling step:  77%|███████▋  | 1547/2000 [00:18<00:05, 82.89it/s]Sampling step:  78%|███████▊  | 1556/2000 [00:18<00:05, 82.91it/s]Sampling step:  78%|███████▊  | 1565/2000 [00:18<00:05, 82.80it/s]Sampling step:  79%|███████▊  | 1574/2000 [00:18<00:05, 82.86it/s]Sampling step:  79%|███████▉  | 1583/2000 [00:19<00:05, 82.82it/s]Sampling step:  80%|███████▉  | 1592/2000 [00:19<00:04, 82.78it/s]Sampling step:  80%|████████  | 1601/2000 [00:19<00:04, 82.83it/s]Sampling step:  80%|████████  | 1610/2000 [00:19<00:04, 82.80it/s]Sampling step:  81%|████████  | 1619/2000 [00:19<00:04, 82.97it/s]Sampling step:  81%|████████▏ | 1628/2000 [00:19<00:04, 83.06it/s]Sampling step:  82%|████████▏ | 1637/2000 [00:19<00:04, 83.03it/s]Sampling step:  82%|████████▏ | 1646/2000 [00:19<00:04, 82.92it/s]Sampling step:  83%|████████▎ | 1655/2000 [00:19<00:04, 82.92it/s]Sampling step:  83%|████████▎ | 1664/2000 [00:20<00:04, 82.33it/s]Sampling step:  84%|████████▎ | 1673/2000 [00:20<00:03, 82.36it/s]Sampling step:  84%|████████▍ | 1682/2000 [00:20<00:03, 82.62it/s]Sampling step:  85%|████████▍ | 1691/2000 [00:20<00:03, 82.51it/s]Sampling step:  85%|████████▌ | 1700/2000 [00:20<00:03, 82.73it/s]Sampling step:  85%|████████▌ | 1709/2000 [00:20<00:03, 82.86it/s]Sampling step:  86%|████████▌ | 1718/2000 [00:20<00:03, 83.07it/s]Sampling step:  86%|████████▋ | 1727/2000 [00:20<00:03, 82.88it/s]Sampling step:  87%|████████▋ | 1736/2000 [00:20<00:03, 82.92it/s]Sampling step:  87%|████████▋ | 1745/2000 [00:21<00:03, 82.98it/s]Sampling step:  88%|████████▊ | 1754/2000 [00:21<00:02, 83.10it/s]Sampling step:  88%|████████▊ | 1763/2000 [00:21<00:02, 83.00it/s]Sampling step:  89%|████████▊ | 1772/2000 [00:21<00:02, 82.83it/s]Sampling step:  89%|████████▉ | 1781/2000 [00:21<00:02, 82.86it/s]Sampling step:  90%|████████▉ | 1790/2000 [00:21<00:02, 82.86it/s]Sampling step:  90%|████████▉ | 1799/2000 [00:21<00:02, 82.86it/s]Sampling step:  90%|█████████ | 1808/2000 [00:21<00:02, 82.88it/s]Sampling step:  91%|█████████ | 1817/2000 [00:21<00:02, 82.97it/s]Sampling step:  91%|█████████▏| 1826/2000 [00:22<00:02, 83.02it/s]Sampling step:  92%|█████████▏| 1835/2000 [00:22<00:01, 83.02it/s]Sampling step:  92%|█████████▏| 1844/2000 [00:22<00:01, 82.67it/s]Sampling step:  93%|█████████▎| 1853/2000 [00:22<00:01, 82.62it/s]Sampling step:  93%|█████████▎| 1862/2000 [00:22<00:01, 82.75it/s]Sampling step:  94%|█████████▎| 1871/2000 [00:22<00:01, 82.77it/s]Sampling step:  94%|█████████▍| 1880/2000 [00:22<00:01, 82.81it/s]Sampling step:  94%|█████████▍| 1889/2000 [00:22<00:01, 82.83it/s]Sampling step:  95%|█████████▍| 1898/2000 [00:22<00:01, 82.77it/s]Sampling step:  95%|█████████▌| 1907/2000 [00:23<00:01, 82.85it/s]Sampling step:  96%|█████████▌| 1916/2000 [00:23<00:01, 82.82it/s]Sampling step:  96%|█████████▋| 1925/2000 [00:23<00:00, 82.88it/s]Sampling step:  97%|█████████▋| 1934/2000 [00:23<00:00, 82.86it/s]Sampling step:  97%|█████████▋| 1943/2000 [00:23<00:00, 82.90it/s]Sampling step:  98%|█████████▊| 1952/2000 [00:23<00:00, 82.92it/s]Sampling step:  98%|█████████▊| 1961/2000 [00:23<00:00, 82.95it/s]Sampling step:  98%|█████████▊| 1970/2000 [00:23<00:00, 83.04it/s]Sampling step:  99%|█████████▉| 1979/2000 [00:23<00:00, 82.95it/s]Sampling step:  99%|█████████▉| 1988/2000 [00:23<00:00, 82.97it/s]Sampling step: 100%|█████████▉| 1997/2000 [00:24<00:00, 82.94it/s]Sampling step: 100%|██████████| 2000/2000 [00:24<00:00, 82.86it/s]
  [3/40] 0003: diffusion error  2.05 mm | non-rigid residual  0.93 mm
Sampling step:   0%|          | 0/2000 [00:00<?, ?it/s]Sampling step:   0%|          | 8/2000 [00:00<00:26, 74.45it/s]Sampling step:   1%|          | 17/2000 [00:00<00:25, 79.06it/s]Sampling step:   1%|▏         | 26/2000 [00:00<00:24, 80.77it/s]Sampling step:   2%|▏         | 35/2000 [00:00<00:24, 81.25it/s]Sampling step:   2%|▏         | 44/2000 [00:00<00:23, 81.76it/s]Sampling step:   3%|▎         | 53/2000 [00:00<00:23, 82.11it/s]Sampling step:   3%|▎         | 62/2000 [00:00<00:23, 82.39it/s]Sampling step:   4%|▎         | 71/2000 [00:00<00:23, 82.49it/s]Sampling step:   4%|▍         | 80/2000 [00:00<00:23, 82.70it/s]Sampling step:   4%|▍         | 89/2000 [00:01<00:23, 82.88it/s]Sampling step:   5%|▍         | 98/2000 [00:01<00:22, 83.04it/s]Sampling step:   5%|▌         | 107/2000 [00:01<00:22, 83.07it/s]Sampling step:   6%|▌         | 116/2000 [00:01<00:22, 82.94it/s]Sampling step:   6%|▋         | 125/2000 [00:01<00:22, 83.03it/s]Sampling step:   7%|▋         | 134/2000 [00:01<00:22, 83.04it/s]Sampling step:   7%|▋         | 143/2000 [00:01<00:22, 83.19it/s]Sampling step:   8%|▊         | 152/2000 [00:01<00:22, 82.95it/s]Sampling step:   8%|▊         | 161/2000 [00:01<00:22, 82.90it/s]Sampling step:   8%|▊         | 170/2000 [00:02<00:22, 82.93it/s]Sampling step:   9%|▉         | 179/2000 [00:02<00:21, 82.84it/s]Sampling step:   9%|▉         | 188/2000 [00:02<00:21, 82.86it/s]Sampling step:  10%|▉         | 197/2000 [00:02<00:21, 82.80it/s]Sampling step:  10%|█         | 206/2000 [00:02<00:21, 82.85it/s]Sampling step:  11%|█         | 215/2000 [00:02<00:21, 83.07it/s]Sampling step:  11%|█         | 224/2000 [00:02<00:21, 83.13it/s]Sampling step:  12%|█▏        | 233/2000 [00:02<00:21, 83.13it/s]Sampling step:  12%|█▏        | 242/2000 [00:02<00:21, 82.94it/s]Sampling step:  13%|█▎        | 251/2000 [00:03<00:21, 83.09it/s]Sampling step:  13%|█▎        | 260/2000 [00:03<00:20, 83.16it/s]Sampling step:  13%|█▎        | 269/2000 [00:03<00:20, 83.08it/s]Sampling step:  14%|█▍        | 278/2000 [00:03<00:20, 83.01it/s]Sampling step:  14%|█▍        | 287/2000 [00:03<00:20, 83.01it/s]Sampling step:  15%|█▍        | 296/2000 [00:03<00:20, 83.04it/s]Sampling step:  15%|█▌        | 305/2000 [00:03<00:20, 83.02it/s]Sampling step:  16%|█▌        | 314/2000 [00:03<00:20, 83.04it/s]Sampling step:  16%|█▌        | 323/2000 [00:03<00:20, 82.38it/s]Sampling step:  17%|█▋        | 332/2000 [00:04<00:20, 82.34it/s]Sampling step:  17%|█▋        | 341/2000 [00:04<00:20, 82.43it/s]Sampling step:  18%|█▊        | 350/2000 [00:04<00:20, 82.43it/s]Sampling step:  18%|█▊        | 359/2000 [00:04<00:19, 82.66it/s]Sampling step:  18%|█▊        | 368/2000 [00:04<00:19, 82.63it/s]Sampling step:  19%|█▉        | 377/2000 [00:04<00:19, 82.79it/s]Sampling step:  19%|█▉        | 386/2000 [00:04<00:19, 83.04it/s]Sampling step:  20%|█▉        | 395/2000 [00:04<00:19, 82.99it/s]Sampling step:  20%|██        | 404/2000 [00:04<00:19, 82.89it/s]Sampling step:  21%|██        | 413/2000 [00:04<00:19, 83.00it/s]Sampling step:  21%|██        | 422/2000 [00:05<00:19, 83.01it/s]Sampling step:  22%|██▏       | 431/2000 [00:05<00:18, 82.88it/s]Sampling step:  22%|██▏       | 440/2000 [00:05<00:18, 82.96it/s]Sampling step:  22%|██▏       | 449/2000 [00:05<00:18, 82.85it/s]Sampling step:  23%|██▎       | 458/2000 [00:05<00:18, 82.91it/s]Sampling step:  23%|██▎       | 467/2000 [00:05<00:18, 83.03it/s]Sampling step:  24%|██▍       | 476/2000 [00:05<00:18, 83.00it/s]Sampling step:  24%|██▍       | 485/2000 [00:05<00:18, 83.00it/s]Sampling step:  25%|██▍       | 494/2000 [00:05<00:18, 82.83it/s]Sampling step:  25%|██▌       | 503/2000 [00:06<00:18, 82.82it/s]Sampling step:  26%|██▌       | 512/2000 [00:06<00:18, 82.65it/s]Sampling step:  26%|██▌       | 521/2000 [00:06<00:17, 82.75it/s]Sampling step:  26%|██▋       | 530/2000 [00:06<00:17, 82.68it/s]Sampling step:  27%|██▋       | 539/2000 [00:06<00:17, 82.76it/s]Sampling step:  27%|██▋       | 548/2000 [00:06<00:17, 82.80it/s]Sampling step:  28%|██▊       | 557/2000 [00:06<00:17, 82.82it/s]Sampling step:  28%|██▊       | 566/2000 [00:06<00:17, 82.94it/s]Sampling step:  29%|██▉       | 575/2000 [00:06<00:17, 82.80it/s]Sampling step:  29%|██▉       | 584/2000 [00:07<00:17, 82.83it/s]Sampling step:  30%|██▉       | 593/2000 [00:07<00:16, 82.80it/s]Sampling step:  30%|███       | 602/2000 [00:07<00:16, 82.82it/s]Sampling step:  31%|███       | 611/2000 [00:07<00:16, 82.73it/s]Sampling step:  31%|███       | 620/2000 [00:07<00:16, 82.76it/s]Sampling step:  31%|███▏      | 629/2000 [00:07<00:16, 82.85it/s]Sampling step:  32%|███▏      | 638/2000 [00:07<00:16, 82.80it/s]Sampling step:  32%|███▏      | 647/2000 [00:07<00:16, 82.88it/s]Sampling step:  33%|███▎      | 656/2000 [00:07<00:16, 82.86it/s]Sampling step:  33%|███▎      | 665/2000 [00:08<00:16, 82.88it/s]Sampling step:  34%|███▎      | 674/2000 [00:08<00:16, 82.82it/s]Sampling step:  34%|███▍      | 683/2000 [00:08<00:15, 82.64it/s]Sampling step:  35%|███▍      | 692/2000 [00:08<00:15, 82.49it/s]Sampling step:  35%|███▌      | 701/2000 [00:08<00:15, 82.51it/s]Sampling step:  36%|███▌      | 710/2000 [00:08<00:15, 82.73it/s]Sampling step:  36%|███▌      | 719/2000 [00:08<00:15, 82.74it/s]Sampling step:  36%|███▋      | 728/2000 [00:08<00:15, 82.77it/s]Sampling step:  37%|███▋      | 737/2000 [00:08<00:15, 82.69it/s]Sampling step:  37%|███▋      | 746/2000 [00:09<00:15, 82.77it/s]Sampling step:  38%|███▊      | 755/2000 [00:09<00:15, 82.85it/s]Sampling step:  38%|███▊      | 764/2000 [00:09<00:14, 82.84it/s]Sampling step:  39%|███▊      | 773/2000 [00:09<00:14, 82.86it/s]Sampling step:  39%|███▉      | 782/2000 [00:09<00:14, 82.81it/s]Sampling step:  40%|███▉      | 791/2000 [00:09<00:14, 82.82it/s]Sampling step:  40%|████      | 800/2000 [00:09<00:14, 82.97it/s]Sampling step:  40%|████      | 809/2000 [00:09<00:14, 83.03it/s]Sampling step:  41%|████      | 818/2000 [00:09<00:14, 82.83it/s]Sampling step:  41%|████▏     | 827/2000 [00:09<00:14, 82.85it/s]Sampling step:  42%|████▏     | 836/2000 [00:10<00:14, 82.95it/s]Sampling step:  42%|████▏     | 845/2000 [00:10<00:13, 82.93it/s]Sampling step:  43%|████▎     | 854/2000 [00:10<00:13, 82.77it/s]Sampling step:  43%|████▎     | 863/2000 [00:10<00:13, 82.61it/s]Sampling step:  44%|████▎     | 872/2000 [00:10<00:13, 82.68it/s]Sampling step:  44%|████▍     | 881/2000 [00:10<00:13, 82.79it/s]Sampling step:  44%|████▍     | 890/2000 [00:10<00:13, 82.80it/s]Sampling step:  45%|████▍     | 899/2000 [00:10<00:13, 82.75it/s]Sampling step:  45%|████▌     | 908/2000 [00:10<00:13, 82.83it/s]Sampling step:  46%|████▌     | 917/2000 [00:11<00:13, 82.87it/s]Sampling step:  46%|████▋     | 926/2000 [00:11<00:12, 82.94it/s]Sampling step:  47%|████▋     | 935/2000 [00:11<00:12, 82.91it/s]Sampling step:  47%|████▋     | 944/2000 [00:11<00:12, 82.82it/s]Sampling step:  48%|████▊     | 953/2000 [00:11<00:12, 82.84it/s]Sampling step:  48%|████▊     | 962/2000 [00:11<00:12, 82.97it/s]Sampling step:  49%|████▊     | 971/2000 [00:11<00:12, 82.96it/s]Sampling step:  49%|████▉     | 980/2000 [00:11<00:12, 82.86it/s]Sampling step:  49%|████▉     | 989/2000 [00:11<00:12, 82.78it/s]Sampling step:  50%|████▉     | 998/2000 [00:12<00:12, 82.79it/s]Sampling step:  50%|█████     | 1007/2000 [00:12<00:11, 82.82it/s]Sampling step:  51%|█████     | 1016/2000 [00:12<00:11, 82.67it/s]Sampling step:  51%|█████▏    | 1025/2000 [00:12<00:11, 82.72it/s]Sampling step:  52%|█████▏    | 1034/2000 [00:12<00:11, 82.53it/s]Sampling step:  52%|█████▏    | 1043/2000 [00:12<00:11, 82.58it/s]Sampling step:  53%|█████▎    | 1052/2000 [00:12<00:11, 82.72it/s]Sampling step:  53%|█████▎    | 1061/2000 [00:12<00:11, 82.80it/s]Sampling step:  54%|█████▎    | 1070/2000 [00:12<00:11, 82.76it/s]Sampling step:  54%|█████▍    | 1079/2000 [00:13<00:11, 82.78it/s]Sampling step:  54%|█████▍    | 1088/2000 [00:13<00:11, 82.89it/s]Sampling step:  55%|█████▍    | 1097/2000 [00:13<00:10, 82.81it/s]Sampling step:  55%|█████▌    | 1106/2000 [00:13<00:10, 82.88it/s]Sampling step:  56%|█████▌    | 1115/2000 [00:13<00:10, 82.91it/s]Sampling step:  56%|█████▌    | 1124/2000 [00:13<00:10, 82.85it/s]Sampling step:  57%|█████▋    | 1133/2000 [00:13<00:10, 83.12it/s]Sampling step:  57%|█████▋    | 1142/2000 [00:13<00:10, 83.13it/s]Sampling step:  58%|█████▊    | 1151/2000 [00:13<00:10, 82.98it/s]Sampling step:  58%|█████▊    | 1160/2000 [00:14<00:10, 82.88it/s]Sampling step:  58%|█████▊    | 1169/2000 [00:14<00:10, 82.95it/s]Sampling step:  59%|█████▉    | 1178/2000 [00:14<00:09, 82.98it/s]Sampling step:  59%|█████▉    | 1187/2000 [00:14<00:09, 82.98it/s]Sampling step:  60%|█████▉    | 1196/2000 [00:14<00:09, 82.93it/s]Sampling step:  60%|██████    | 1205/2000 [00:14<00:09, 82.91it/s]Sampling step:  61%|██████    | 1214/2000 [00:14<00:09, 82.73it/s]Sampling step:  61%|██████    | 1223/2000 [00:14<00:09, 82.84it/s]Sampling step:  62%|██████▏   | 1232/2000 [00:14<00:09, 82.77it/s]Sampling step:  62%|██████▏   | 1241/2000 [00:14<00:09, 82.89it/s]Sampling step:  62%|██████▎   | 1250/2000 [00:15<00:09, 82.96it/s]Sampling step:  63%|██████▎   | 1259/2000 [00:15<00:08, 82.87it/s]Sampling step:  63%|██████▎   | 1268/2000 [00:15<00:08, 82.83it/s]Sampling step:  64%|██████▍   | 1277/2000 [00:15<00:08, 82.72it/s]Sampling step:  64%|██████▍   | 1286/2000 [00:15<00:08, 82.86it/s]Sampling step:  65%|██████▍   | 1295/2000 [00:15<00:08, 82.86it/s]Sampling step:  65%|██████▌   | 1304/2000 [00:15<00:08, 82.84it/s]Sampling step:  66%|██████▌   | 1313/2000 [00:15<00:08, 82.82it/s]Sampling step:  66%|██████▌   | 1322/2000 [00:15<00:08, 82.91it/s]Sampling step:  67%|██████▋   | 1331/2000 [00:16<00:08, 82.92it/s]Sampling step:  67%|██████▋   | 1340/2000 [00:16<00:07, 82.90it/s]Sampling step:  67%|██████▋   | 1349/2000 [00:16<00:07, 82.96it/s]Sampling step:  68%|██████▊   | 1358/2000 [00:16<00:07, 82.82it/s]Sampling step:  68%|██████▊   | 1367/2000 [00:16<00:07, 82.95it/s]Sampling step:  69%|██████▉   | 1376/2000 [00:16<00:07, 83.03it/s]Sampling step:  69%|██████▉   | 1385/2000 [00:16<00:07, 83.05it/s]Sampling step:  70%|██████▉   | 1394/2000 [00:16<00:07, 82.82it/s]Sampling step:  70%|███████   | 1403/2000 [00:16<00:07, 82.76it/s]Sampling step:  71%|███████   | 1412/2000 [00:17<00:07, 82.81it/s]Sampling step:  71%|███████   | 1421/2000 [00:17<00:06, 82.91it/s]Sampling step:  72%|███████▏  | 1430/2000 [00:17<00:06, 82.85it/s]Sampling step:  72%|███████▏  | 1439/2000 [00:17<00:06, 82.86it/s]Sampling step:  72%|███████▏  | 1448/2000 [00:17<00:06, 82.82it/s]Sampling step:  73%|███████▎  | 1457/2000 [00:17<00:06, 82.83it/s]Sampling step:  73%|███████▎  | 1466/2000 [00:17<00:06, 82.89it/s]Sampling step:  74%|███████▍  | 1475/2000 [00:17<00:06, 82.95it/s]Sampling step:  74%|███████▍  | 1484/2000 [00:17<00:06, 82.71it/s]Sampling step:  75%|███████▍  | 1493/2000 [00:18<00:06, 82.90it/s]Sampling step:  75%|███████▌  | 1502/2000 [00:18<00:06, 82.90it/s]Sampling step:  76%|███████▌  | 1511/2000 [00:18<00:05, 82.90it/s]Sampling step:  76%|███████▌  | 1520/2000 [00:18<00:05, 82.91it/s]Sampling step:  76%|███████▋  | 1529/2000 [00:18<00:05, 82.74it/s]Sampling step:  77%|███████▋  | 1538/2000 [00:18<00:05, 82.86it/s]Sampling step:  77%|███████▋  | 1547/2000 [00:18<00:05, 82.95it/s]Sampling step:  78%|███████▊  | 1556/2000 [00:18<00:05, 82.96it/s]Sampling step:  78%|███████▊  | 1565/2000 [00:18<00:05, 82.56it/s]Sampling step:  79%|███████▊  | 1574/2000 [00:19<00:05, 82.71it/s]Sampling step:  79%|███████▉  | 1583/2000 [00:19<00:05, 82.76it/s]Sampling step:  80%|███████▉  | 1592/2000 [00:19<00:04, 82.70it/s]Sampling step:  80%|████████  | 1601/2000 [00:19<00:04, 82.65it/s]Sampling step:  80%|████████  | 1610/2000 [00:19<00:04, 82.65it/s]Sampling step:  81%|████████  | 1619/2000 [00:19<00:04, 82.85it/s]Sampling step:  81%|████████▏ | 1628/2000 [00:19<00:04, 82.92it/s]Sampling step:  82%|████████▏ | 1637/2000 [00:19<00:04, 82.94it/s]Sampling step:  82%|████████▏ | 1646/2000 [00:19<00:04, 82.80it/s]Sampling step:  83%|████████▎ | 1655/2000 [00:19<00:04, 82.77it/s]Sampling step:  83%|████████▎ | 1664/2000 [00:20<00:04, 82.83it/s]Sampling step:  84%|████████▎ | 1673/2000 [00:20<00:03, 82.84it/s]Sampling step:  84%|████████▍ | 1682/2000 [00:20<00:03, 82.84it/s]Sampling step:  85%|████████▍ | 1691/2000 [00:20<00:03, 82.65it/s]Sampling step:  85%|████████▌ | 1700/2000 [00:20<00:03, 82.80it/s]Sampling step:  85%|████████▌ | 1709/2000 [00:20<00:03, 82.84it/s]Sampling step:  86%|████████▌ | 1718/2000 [00:20<00:03, 82.93it/s]Sampling step:  86%|████████▋ | 1727/2000 [00:20<00:03, 82.99it/s]Sampling step:  87%|████████▋ | 1736/2000 [00:20<00:03, 82.95it/s]Sampling step:  87%|████████▋ | 1745/2000 [00:21<00:03, 82.79it/s]Sampling step:  88%|████████▊ | 1754/2000 [00:21<00:02, 82.67it/s]Sampling step:  88%|████████▊ | 1763/2000 [00:21<00:02, 82.62it/s]Sampling step:  89%|████████▊ | 1772/2000 [00:21<00:02, 82.51it/s]Sampling step:  89%|████████▉ | 1781/2000 [00:21<00:02, 82.60it/s]Sampling step:  90%|████████▉ | 1790/2000 [00:21<00:02, 82.69it/s]Sampling step:  90%|████████▉ | 1799/2000 [00:21<00:02, 82.78it/s]Sampling step:  90%|█████████ | 1808/2000 [00:21<00:02, 82.79it/s]Sampling step:  91%|█████████ | 1817/2000 [00:21<00:02, 82.69it/s]Sampling step:  91%|█████████▏| 1826/2000 [00:22<00:02, 82.80it/s]Sampling step:  92%|█████████▏| 1835/2000 [00:22<00:01, 82.83it/s]Sampling step:  92%|█████████▏| 1844/2000 [00:22<00:01, 82.92it/s]Sampling step:  93%|█████████▎| 1853/2000 [00:22<00:01, 82.75it/s]Sampling step:  93%|█████████▎| 1862/2000 [00:22<00:01, 82.87it/s]Sampling step:  94%|█████████▎| 1871/2000 [00:22<00:01, 82.91it/s]Sampling step:  94%|█████████▍| 1880/2000 [00:22<00:01, 82.96it/s]Sampling step:  94%|█████████▍| 1889/2000 [00:22<00:01, 82.91it/s]Sampling step:  95%|█████████▍| 1898/2000 [00:22<00:01, 82.84it/s]Sampling step:  95%|█████████▌| 1907/2000 [00:23<00:01, 82.91it/s]Sampling step:  96%|█████████▌| 1916/2000 [00:23<00:01, 82.81it/s]Sampling step:  96%|█████████▋| 1925/2000 [00:23<00:00, 82.73it/s]Sampling step:  97%|█████████▋| 1934/2000 [00:23<00:00, 82.53it/s]Sampling step:  97%|█████████▋| 1943/2000 [00:23<00:00, 82.56it/s]Sampling step:  98%|█████████▊| 1952/2000 [00:23<00:00, 82.68it/s]Sampling step:  98%|█████████▊| 1961/2000 [00:23<00:00, 82.71it/s]Sampling step:  98%|█████████▊| 1970/2000 [00:23<00:00, 82.71it/s]Sampling step:  99%|█████████▉| 1979/2000 [00:23<00:00, 82.60it/s]Sampling step:  99%|█████████▉| 1988/2000 [00:24<00:00, 82.73it/s]Sampling step: 100%|█████████▉| 1997/2000 [00:24<00:00, 82.88it/s]Sampling step: 100%|██████████| 2000/2000 [00:24<00:00, 82.79it/s]
  [4/40] 0004: diffusion error  3.29 mm | non-rigid residual  0.73 mm
Sampling step:   0%|          | 0/2000 [00:00<?, ?it/s]Sampling step:   0%|          | 8/2000 [00:00<00:26, 74.23it/s]Sampling step:   1%|          | 17/2000 [00:00<00:25, 79.04it/s]Sampling step:   1%|▏         | 26/2000 [00:00<00:24, 80.60it/s]Sampling step:   2%|▏         | 35/2000 [00:00<00:24, 81.52it/s]Sampling step:   2%|▏         | 44/2000 [00:00<00:23, 81.97it/s]Sampling step:   3%|▎         | 53/2000 [00:00<00:23, 82.19it/s]Sampling step:   3%|▎         | 62/2000 [00:00<00:23, 82.47it/s]Sampling step:   4%|▎         | 71/2000 [00:00<00:23, 82.58it/s]Sampling step:   4%|▍         | 80/2000 [00:00<00:23, 82.67it/s]Sampling step:   4%|▍         | 89/2000 [00:01<00:23, 82.73it/s]Sampling step:   5%|▍         | 98/2000 [00:01<00:22, 82.80it/s]Sampling step:   5%|▌         | 107/2000 [00:01<00:22, 82.79it/s]Sampling step:   6%|▌         | 116/2000 [00:01<00:22, 82.81it/s]Sampling step:   6%|▋         | 125/2000 [00:01<00:22, 82.36it/s]Sampling step:   7%|▋         | 134/2000 [00:01<00:22, 82.33it/s]Sampling step:   7%|▋         | 143/2000 [00:01<00:22, 82.44it/s]Sampling step:   8%|▊         | 152/2000 [00:01<00:22, 82.61it/s]Sampling step:   8%|▊         | 161/2000 [00:01<00:22, 82.77it/s]Sampling step:   8%|▊         | 170/2000 [00:02<00:22, 82.86it/s]Sampling step:   9%|▉         | 179/2000 [00:02<00:22, 82.69it/s]Sampling step:   9%|▉         | 188/2000 [00:02<00:21, 82.79it/s]Sampling step:  10%|▉         | 197/2000 [00:02<00:21, 82.88it/s]Sampling step:  10%|█         | 206/2000 [00:02<00:21, 82.95it/s]Sampling step:  11%|█         | 215/2000 [00:02<00:21, 82.84it/s]Sampling step:  11%|█         | 224/2000 [00:02<00:21, 82.78it/s]Sampling step:  12%|█▏        | 233/2000 [00:02<00:21, 82.86it/s]Sampling step:  12%|█▏        | 242/2000 [00:02<00:21, 82.91it/s]Sampling step:  13%|█▎        | 251/2000 [00:03<00:21, 83.07it/s]Sampling step:  13%|█▎        | 260/2000 [00:03<00:21, 82.85it/s]Sampling step:  13%|█▎        | 269/2000 [00:03<00:20, 83.03it/s]Sampling step:  14%|█▍        | 278/2000 [00:03<00:20, 83.01it/s]Sampling step:  14%|█▍        | 287/2000 [00:03<00:20, 83.05it/s]Sampling step:  15%|█▍        | 296/2000 [00:03<00:20, 82.86it/s]Sampling step:  15%|█▌        | 305/2000 [00:03<00:20, 82.70it/s]Sampling step:  16%|█▌        | 314/2000 [00:03<00:20, 82.74it/s]Sampling step:  16%|█▌        | 323/2000 [00:03<00:20, 82.94it/s]Sampling step:  17%|█▋        | 332/2000 [00:04<00:20, 82.92it/s]Sampling step:  17%|█▋        | 341/2000 [00:04<00:20, 82.73it/s]Sampling step:  18%|█▊        | 350/2000 [00:04<00:19, 82.74it/s]Sampling step:  18%|█▊        | 359/2000 [00:04<00:19, 82.76it/s]Sampling step:  18%|█▊        | 368/2000 [00:04<00:19, 82.84it/s]Sampling step:  19%|█▉        | 377/2000 [00:04<00:19, 82.91it/s]Sampling step:  19%|█▉        | 386/2000 [00:04<00:19, 82.77it/s]Sampling step:  20%|█▉        | 395/2000 [00:04<00:19, 82.87it/s]Sampling step:  20%|██        | 404/2000 [00:04<00:19, 82.88it/s]Sampling step:  21%|██        | 413/2000 [00:04<00:19, 82.83it/s]Sampling step:  21%|██        | 422/2000 [00:05<00:19, 82.61it/s]Sampling step:  22%|██▏       | 431/2000 [00:05<00:18, 82.63it/s]Sampling step:  22%|██▏       | 440/2000 [00:05<00:18, 82.70it/s]Sampling step:  22%|██▏       | 449/2000 [00:05<00:18, 82.93it/s]Sampling step:  23%|██▎       | 458/2000 [00:05<00:18, 83.10it/s]Sampling step:  23%|██▎       | 467/2000 [00:05<00:18, 82.99it/s]Sampling step:  24%|██▍       | 476/2000 [00:05<00:18, 82.89it/s]Sampling step:  24%|██▍       | 485/2000 [00:05<00:18, 82.83it/s]Sampling step:  25%|██▍       | 494/2000 [00:05<00:18, 82.98it/s]Sampling step:  25%|██▌       | 503/2000 [00:06<00:18, 82.78it/s]Sampling step:  26%|██▌       | 512/2000 [00:06<00:17, 82.71it/s]Sampling step:  26%|██▌       | 521/2000 [00:06<00:17, 82.79it/s]Sampling step:  26%|██▋       | 530/2000 [00:06<00:17, 82.86it/s]Sampling step:  27%|██▋       | 539/2000 [00:06<00:17, 82.86it/s]Sampling step:  27%|██▋       | 548/2000 [00:06<00:17, 82.79it/s]Sampling step:  28%|██▊       | 557/2000 [00:06<00:17, 82.80it/s]Sampling step:  28%|██▊       | 566/2000 [00:06<00:17, 82.84it/s]Sampling step:  29%|██▉       | 575/2000 [00:06<00:17, 82.97it/s]Sampling step:  29%|██▉       | 584/2000 [00:07<00:17, 83.07it/s]Sampling step:  30%|██▉       | 593/2000 [00:07<00:16, 82.89it/s]Sampling step:  30%|███       | 602/2000 [00:07<00:16, 82.93it/s]Sampling step:  31%|███       | 611/2000 [00:07<00:16, 82.80it/s]Sampling step:  31%|███       | 620/2000 [00:07<00:16, 82.93it/s]Sampling step:  31%|███▏      | 629/2000 [00:07<00:16, 82.84it/s]Sampling step:  32%|███▏      | 638/2000 [00:07<00:16, 82.79it/s]Sampling step:  32%|███▏      | 647/2000 [00:07<00:16, 82.81it/s]Sampling step:  33%|███▎      | 656/2000 [00:07<00:16, 82.69it/s]Sampling step:  33%|███▎      | 665/2000 [00:08<00:16, 82.66it/s]Sampling step:  34%|███▎      | 674/2000 [00:08<00:16, 82.62it/s]Sampling step:  34%|███▍      | 683/2000 [00:08<00:15, 82.74it/s]Sampling step:  35%|███▍      | 692/2000 [00:08<00:15, 82.75it/s]Sampling step:  35%|███▌      | 701/2000 [00:08<00:15, 82.80it/s]Sampling step:  36%|███▌      | 710/2000 [00:08<00:15, 82.76it/s]Sampling step:  36%|███▌      | 719/2000 [00:08<00:15, 82.81it/s]Sampling step:  36%|███▋      | 728/2000 [00:08<00:15, 82.79it/s]Sampling step:  37%|███▋      | 737/2000 [00:08<00:15, 82.94it/s]Sampling step:  37%|███▋      | 746/2000 [00:09<00:15, 83.01it/s]Sampling step:  38%|███▊      | 755/2000 [00:09<00:15, 82.77it/s]Sampling step:  38%|███▊      | 764/2000 [00:09<00:14, 82.76it/s]Sampling step:  39%|███▊      | 773/2000 [00:09<00:14, 82.80it/s]Sampling step:  39%|███▉      | 782/2000 [00:09<00:14, 82.95it/s]Sampling step:  40%|███▉      | 791/2000 [00:09<00:14, 82.89it/s]Sampling step:  40%|████      | 800/2000 [00:09<00:14, 82.75it/s]Sampling step:  40%|████      | 809/2000 [00:09<00:14, 82.93it/s]Sampling step:  41%|████      | 818/2000 [00:09<00:14, 82.99it/s]Sampling step:  41%|████▏     | 827/2000 [00:09<00:14, 83.03it/s]Sampling step:  42%|████▏     | 836/2000 [00:10<00:14, 82.78it/s]Sampling step:  42%|████▏     | 845/2000 [00:10<00:13, 82.90it/s]Sampling step:  43%|████▎     | 854/2000 [00:10<00:13, 82.72it/s]Sampling step:  43%|████▎     | 863/2000 [00:10<00:13, 82.71it/s]Sampling step:  44%|████▎     | 872/2000 [00:10<00:13, 82.83it/s]Sampling step:  44%|████▍     | 881/2000 [00:10<00:13, 82.91it/s]Sampling step:  44%|████▍     | 890/2000 [00:10<00:13, 82.87it/s]Sampling step:  45%|████▍     | 899/2000 [00:10<00:13, 82.86it/s]Sampling step:  45%|████▌     | 908/2000 [00:10<00:13, 82.98it/s]Sampling step:  46%|████▌     | 917/2000 [00:11<00:13, 83.01it/s]Sampling step:  46%|████▋     | 926/2000 [00:11<00:12, 82.82it/s]Sampling step:  47%|████▋     | 935/2000 [00:11<00:12, 82.86it/s]Sampling step:  47%|████▋     | 944/2000 [00:11<00:12, 82.93it/s]Sampling step:  48%|████▊     | 953/2000 [00:11<00:12, 82.95it/s]Sampling step:  48%|████▊     | 962/2000 [00:11<00:12, 82.82it/s]Sampling step:  49%|████▊     | 971/2000 [00:11<00:12, 82.86it/s]Sampling step:  49%|████▉     | 980/2000 [00:11<00:12, 82.91it/s]Sampling step:  49%|████▉     | 989/2000 [00:11<00:12, 82.95it/s]Sampling step:  50%|████▉     | 998/2000 [00:12<00:12, 82.92it/s]Sampling step:  50%|█████     | 1007/2000 [00:12<00:12, 82.51it/s]Sampling step:  51%|█████     | 1016/2000 [00:12<00:11, 82.60it/s]Sampling step:  51%|█████▏    | 1025/2000 [00:12<00:11, 82.79it/s]Sampling step:  52%|█████▏    | 1034/2000 [00:12<00:11, 82.94it/s]Sampling step:  52%|█████▏    | 1043/2000 [00:12<00:11, 82.97it/s]Sampling step:  53%|█████▎    | 1052/2000 [00:12<00:11, 82.96it/s]Sampling step:  53%|█████▎    | 1061/2000 [00:12<00:11, 82.99it/s]Sampling step:  54%|█████▎    | 1070/2000 [00:12<00:11, 82.86it/s]Sampling step:  54%|█████▍    | 1079/2000 [00:13<00:11, 82.79it/s]Sampling step:  54%|█████▍    | 1088/2000 [00:13<00:11, 82.61it/s]Sampling step:  55%|█████▍    | 1097/2000 [00:13<00:10, 82.61it/s]Sampling step:  55%|█████▌    | 1106/2000 [00:13<00:10, 82.67it/s]Sampling step:  56%|█████▌    | 1115/2000 [00:13<00:10, 82.76it/s]Sampling step:  56%|█████▌    | 1124/2000 [00:13<00:10, 82.74it/s]Sampling step:  57%|█████▋    | 1133/2000 [00:13<00:10, 82.69it/s]Sampling step:  57%|█████▋    | 1142/2000 [00:13<00:10, 82.70it/s]Sampling step:  58%|█████▊    | 1151/2000 [00:13<00:10, 82.73it/s]Sampling step:  58%|█████▊    | 1160/2000 [00:14<00:10, 82.87it/s]Sampling step:  58%|█████▊    | 1169/2000 [00:14<00:10, 82.68it/s]Sampling step:  59%|█████▉    | 1178/2000 [00:14<00:09, 82.76it/s]Sampling step:  59%|█████▉    | 1187/2000 [00:14<00:09, 82.48it/s]Sampling step:  60%|█████▉    | 1196/2000 [00:14<00:09, 82.46it/s]Sampling step:  60%|██████    | 1205/2000 [00:14<00:09, 82.57it/s]Sampling step:  61%|██████    | 1214/2000 [00:14<00:09, 82.55it/s]Sampling step:  61%|██████    | 1223/2000 [00:14<00:09, 82.80it/s]Sampling step:  62%|██████▏   | 1232/2000 [00:14<00:09, 82.91it/s]Sampling step:  62%|██████▏   | 1241/2000 [00:14<00:09, 82.95it/s]Sampling step:  62%|██████▎   | 1250/2000 [00:15<00:09, 82.84it/s]Sampling step:  63%|██████▎   | 1259/2000 [00:15<00:08, 82.94it/s]Sampling step:  63%|██████▎   | 1268/2000 [00:15<00:08, 82.98it/s]Sampling step:  64%|██████▍   | 1277/2000 [00:15<00:08, 83.07it/s]Sampling step:  64%|██████▍   | 1286/2000 [00:15<00:08, 83.02it/s]Sampling step:  65%|██████▍   | 1295/2000 [00:15<00:08, 82.84it/s]Sampling step:  65%|██████▌   | 1304/2000 [00:15<00:08, 82.85it/s]Sampling step:  66%|██████▌   | 1313/2000 [00:15<00:08, 82.84it/s]Sampling step:  66%|██████▌   | 1322/2000 [00:15<00:08, 82.94it/s]Sampling step:  67%|██████▋   | 1331/2000 [00:16<00:08, 82.88it/s]Sampling step:  67%|██████▋   | 1340/2000 [00:16<00:07, 82.84it/s]Sampling step:  67%|██████▋   | 1349/2000 [00:16<00:07, 82.92it/s]Sampling step:  68%|██████▊   | 1358/2000 [00:16<00:07, 82.89it/s]Sampling step:  68%|██████▊   | 1367/2000 [00:16<00:07, 82.81it/s]Sampling step:  69%|██████▉   | 1376/2000 [00:16<00:07, 82.60it/s]Sampling step:  69%|██████▉   | 1385/2000 [00:16<00:07, 82.68it/s]Sampling step:  70%|██████▉   | 1394/2000 [00:16<00:07, 82.91it/s]Sampling step:  70%|███████   | 1403/2000 [00:16<00:07, 82.96it/s]Sampling step:  71%|███████   | 1412/2000 [00:17<00:07, 82.83it/s]Sampling step:  71%|███████   | 1421/2000 [00:17<00:06, 82.82it/s]Sampling step:  72%|███████▏  | 1430/2000 [00:17<00:06, 82.85it/s]Sampling step:  72%|███████▏  | 1439/2000 [00:17<00:06, 82.91it/s]Sampling step:  72%|███████▏  | 1448/2000 [00:17<00:06, 83.05it/s]Sampling step:  73%|███████▎  | 1457/2000 [00:17<00:06, 82.96it/s]Sampling step:  73%|███████▎  | 1466/2000 [00:17<00:06, 82.96it/s]Sampling step:  74%|███████▍  | 1475/2000 [00:17<00:06, 82.98it/s]Sampling step:  74%|███████▍  | 1484/2000 [00:17<00:06, 83.11it/s]Sampling step:  75%|███████▍  | 1493/2000 [00:18<00:06, 83.05it/s]Sampling step:  75%|███████▌  | 1502/2000 [00:18<00:06, 82.82it/s]Sampling step:  76%|███████▌  | 1511/2000 [00:18<00:05, 82.79it/s]Sampling step:  76%|███████▌  | 1520/2000 [00:18<00:05, 82.86it/s]Sampling step:  76%|███████▋  | 1529/2000 [00:18<00:05, 82.94it/s]Sampling step:  77%|███████▋  | 1538/2000 [00:18<00:05, 82.67it/s]Sampling step:  77%|███████▋  | 1547/2000 [00:18<00:05, 82.74it/s]Sampling step:  78%|███████▊  | 1556/2000 [00:18<00:05, 82.91it/s]Sampling step:  78%|███████▊  | 1565/2000 [00:18<00:05, 82.94it/s]Sampling step:  79%|███████▊  | 1574/2000 [00:19<00:05, 83.00it/s]Sampling step:  79%|███████▉  | 1583/2000 [00:19<00:05, 82.96it/s]Sampling step:  80%|███████▉  | 1592/2000 [00:19<00:04, 82.90it/s]Sampling step:  80%|████████  | 1601/2000 [00:19<00:04, 82.95it/s]Sampling step:  80%|████████  | 1610/2000 [00:19<00:04, 83.04it/s]Sampling step:  81%|████████  | 1619/2000 [00:19<00:04, 83.07it/s]Sampling step:  81%|████████▏ | 1628/2000 [00:19<00:04, 82.91it/s]Sampling step:  82%|████████▏ | 1637/2000 [00:19<00:04, 82.89it/s]Sampling step:  82%|████████▏ | 1646/2000 [00:19<00:04, 82.98it/s]Sampling step:  83%|████████▎ | 1655/2000 [00:19<00:04, 82.89it/s]Sampling step:  83%|████████▎ | 1664/2000 [00:20<00:04, 82.85it/s]Sampling step:  84%|████████▎ | 1673/2000 [00:20<00:03, 82.79it/s]Sampling step:  84%|████████▍ | 1682/2000 [00:20<00:03, 82.80it/s]Sampling step:  85%|████████▍ | 1691/2000 [00:20<00:03, 82.82it/s]Sampling step:  85%|████████▌ | 1700/2000 [00:20<00:03, 82.80it/s]Sampling step:  85%|████████▌ | 1709/2000 [00:20<00:03, 82.60it/s]Sampling step:  86%|████████▌ | 1718/2000 [00:20<00:03, 82.37it/s]Sampling step:  86%|████████▋ | 1727/2000 [00:20<00:03, 82.43it/s]Sampling step:  87%|████████▋ | 1736/2000 [00:20<00:03, 82.52it/s]Sampling step:  87%|████████▋ | 1745/2000 [00:21<00:03, 82.58it/s]Sampling step:  88%|████████▊ | 1754/2000 [00:21<00:02, 82.42it/s]Sampling step:  88%|████████▊ | 1763/2000 [00:21<00:02, 82.46it/s]Sampling step:  89%|████████▊ | 1772/2000 [00:21<00:02, 82.53it/s]Sampling step:  89%|████████▉ | 1781/2000 [00:21<00:02, 82.69it/s]Sampling step:  90%|████████▉ | 1790/2000 [00:21<00:02, 82.65it/s]Sampling step:  90%|████████▉ | 1799/2000 [00:21<00:02, 82.56it/s]Sampling step:  90%|█████████ | 1808/2000 [00:21<00:02, 82.67it/s]Sampling step:  91%|█████████ | 1817/2000 [00:21<00:02, 82.61it/s]Sampling step:  91%|█████████▏| 1826/2000 [00:22<00:02, 82.67it/s]Sampling step:  92%|█████████▏| 1835/2000 [00:22<00:01, 82.61it/s]Sampling step:  92%|█████████▏| 1844/2000 [00:22<00:01, 82.70it/s]Sampling step:  93%|█████████▎| 1853/2000 [00:22<00:01, 82.72it/s]Sampling step:  93%|█████████▎| 1862/2000 [00:22<00:01, 82.77it/s]Sampling step:  94%|█████████▎| 1871/2000 [00:22<00:01, 82.73it/s]Sampling step:  94%|█████████▍| 1880/2000 [00:22<00:01, 82.80it/s]Sampling step:  94%|█████████▍| 1889/2000 [00:22<00:01, 82.59it/s]Sampling step:  95%|█████████▍| 1898/2000 [00:22<00:01, 82.60it/s]Sampling step:  95%|█████████▌| 1907/2000 [00:23<00:01, 82.63it/s]Sampling step:  96%|█████████▌| 1916/2000 [00:23<00:01, 82.50it/s]Sampling step:  96%|█████████▋| 1925/2000 [00:23<00:00, 82.64it/s]Sampling step:  97%|█████████▋| 1934/2000 [00:23<00:00, 82.72it/s]Sampling step:  97%|█████████▋| 1943/2000 [00:23<00:00, 82.67it/s]Sampling step:  98%|█████████▊| 1952/2000 [00:23<00:00, 82.55it/s]Sampling step:  98%|█████████▊| 1961/2000 [00:23<00:00, 82.56it/s]Sampling step:  98%|█████████▊| 1970/2000 [00:23<00:00, 82.58it/s]Sampling step:  99%|█████████▉| 1979/2000 [00:23<00:00, 82.68it/s]Sampling step:  99%|█████████▉| 1988/2000 [00:24<00:00, 82.82it/s]Sampling step: 100%|█████████▉| 1997/2000 [00:24<00:00, 82.78it/s]Sampling step: 100%|██████████| 2000/2000 [00:24<00:00, 82.76it/s]
  [5/40] 0011: diffusion error  2.96 mm | non-rigid residual  0.82 mm
Sampling step:   0%|          | 0/2000 [00:00<?, ?it/s]Sampling step:   0%|          | 8/2000 [00:00<00:26, 74.25it/s]Sampling step:   1%|          | 17/2000 [00:00<00:25, 79.16it/s]Sampling step:   1%|▏         | 26/2000 [00:00<00:24, 80.61it/s]Sampling step:   2%|▏         | 35/2000 [00:00<00:24, 80.67it/s]Sampling step:   2%|▏         | 44/2000 [00:00<00:24, 81.34it/s]Sampling step:   3%|▎         | 53/2000 [00:00<00:23, 81.86it/s]Sampling step:   3%|▎         | 62/2000 [00:00<00:23, 82.15it/s]Sampling step:   4%|▎         | 71/2000 [00:00<00:23, 82.15it/s]Sampling step:   4%|▍         | 80/2000 [00:00<00:23, 82.22it/s]Sampling step:   4%|▍         | 89/2000 [00:01<00:23, 82.32it/s]Sampling step:   5%|▍         | 98/2000 [00:01<00:23, 82.49it/s]Sampling step:   5%|▌         | 107/2000 [00:01<00:22, 82.50it/s]Sampling step:   6%|▌         | 116/2000 [00:01<00:22, 82.57it/s]Sampling step:   6%|▋         | 125/2000 [00:01<00:22, 82.58it/s]Sampling step:   7%|▋         | 134/2000 [00:01<00:22, 82.59it/s]Sampling step:   7%|▋         | 143/2000 [00:01<00:22, 82.65it/s]Sampling step:   8%|▊         | 152/2000 [00:01<00:22, 82.54it/s]Sampling step:   8%|▊         | 161/2000 [00:01<00:22, 82.58it/s]Sampling step:   8%|▊         | 170/2000 [00:02<00:22, 82.59it/s]Sampling step:   9%|▉         | 179/2000 [00:02<00:22, 82.27it/s]Sampling step:   9%|▉         | 188/2000 [00:02<00:22, 82.35it/s]Sampling step:  10%|▉         | 197/2000 [00:02<00:21, 82.45it/s]Sampling step:  10%|█         | 206/2000 [00:02<00:21, 82.57it/s]Sampling step:  11%|█         | 215/2000 [00:02<00:21, 82.78it/s]Sampling step:  11%|█         | 224/2000 [00:02<00:21, 82.87it/s]Sampling step:  12%|█▏        | 233/2000 [00:02<00:21, 82.62it/s]Sampling step:  12%|█▏        | 242/2000 [00:02<00:21, 82.63it/s]Sampling step:  13%|█▎        | 251/2000 [00:03<00:21, 82.57it/s]Sampling step:  13%|█▎        | 260/2000 [00:03<00:21, 82.71it/s]Sampling step:  13%|█▎        | 269/2000 [00:03<00:20, 82.70it/s]Sampling step:  14%|█▍        | 278/2000 [00:03<00:20, 82.72it/s]Sampling step:  14%|█▍        | 287/2000 [00:03<00:20, 82.74it/s]Sampling step:  15%|█▍        | 296/2000 [00:03<00:20, 82.82it/s]Sampling step:  15%|█▌        | 305/2000 [00:03<00:20, 83.02it/s]Sampling step:  16%|█▌        | 314/2000 [00:03<00:20, 82.77it/s]Sampling step:  16%|█▌        | 323/2000 [00:03<00:20, 82.82it/s]Sampling step:  17%|█▋        | 332/2000 [00:04<00:20, 82.74it/s]Sampling step:  17%|█▋        | 341/2000 [00:04<00:20, 82.65it/s]Sampling step:  18%|█▊        | 350/2000 [00:04<00:19, 82.63it/s]Sampling step:  18%|█▊        | 359/2000 [00:04<00:19, 82.39it/s]Sampling step:  18%|█▊        | 368/2000 [00:04<00:19, 82.53it/s]Sampling step:  19%|█▉        | 377/2000 [00:04<00:19, 82.82it/s]Sampling step:  19%|█▉        | 386/2000 [00:04<00:19, 82.74it/s]Sampling step:  20%|█▉        | 395/2000 [00:04<00:19, 82.60it/s]Sampling step:  20%|██        | 404/2000 [00:04<00:19, 82.74it/s]Sampling step:  21%|██        | 413/2000 [00:05<00:19, 82.87it/s]Sampling step:  21%|██        | 422/2000 [00:05<00:19, 82.94it/s]Sampling step:  22%|██▏       | 431/2000 [00:05<00:18, 83.03it/s]Sampling step:  22%|██▏       | 440/2000 [00:05<00:18, 82.91it/s]Sampling step:  22%|██▏       | 449/2000 [00:05<00:18, 82.84it/s]Sampling step:  23%|██▎       | 458/2000 [00:05<00:18, 82.90it/s]Sampling step:  23%|██▎       | 467/2000 [00:05<00:18, 82.99it/s]Sampling step:  24%|██▍       | 476/2000 [00:05<00:18, 82.95it/s]Sampling step:  24%|██▍       | 485/2000 [00:05<00:18, 82.95it/s]Sampling step:  25%|██▍       | 494/2000 [00:05<00:18, 82.96it/s]Sampling step:  25%|██▌       | 503/2000 [00:06<00:18, 82.91it/s]Sampling step:  26%|██▌       | 512/2000 [00:06<00:17, 82.85it/s]Sampling step:  26%|██▌       | 521/2000 [00:06<00:17, 82.75it/s]Sampling step:  26%|██▋       | 530/2000 [00:06<00:17, 82.39it/s]Sampling step:  27%|██▋       | 539/2000 [00:06<00:17, 82.52it/s]Sampling step:  27%|██▋       | 548/2000 [00:06<00:17, 82.69it/s]Sampling step:  28%|██▊       | 557/2000 [00:06<00:17, 82.72it/s]Sampling step:  28%|██▊       | 566/2000 [00:06<00:17, 82.75it/s]Sampling step:  29%|██▉       | 575/2000 [00:06<00:17, 82.74it/s]Sampling step:  29%|██▉       | 584/2000 [00:07<00:17, 82.84it/s]Sampling step:  30%|██▉       | 593/2000 [00:07<00:16, 83.00it/s]Sampling step:  30%|███       | 602/2000 [00:07<00:16, 82.84it/s]Sampling step:  31%|███       | 611/2000 [00:07<00:16, 82.93it/s]Sampling step:  31%|███       | 620/2000 [00:07<00:16, 83.03it/s]Sampling step:  31%|███▏      | 629/2000 [00:07<00:16, 82.91it/s]Sampling step:  32%|███▏      | 638/2000 [00:07<00:16, 83.03it/s]Sampling step:  32%|███▏      | 647/2000 [00:07<00:16, 82.99it/s]Sampling step:  33%|███▎      | 656/2000 [00:07<00:16, 82.93it/s]Sampling step:  33%|███▎      | 665/2000 [00:08<00:16, 82.73it/s]Sampling step:  34%|███▎      | 674/2000 [00:08<00:16, 82.81it/s]Sampling step:  34%|███▍      | 683/2000 [00:08<00:15, 82.77it/s]Sampling step:  35%|███▍      | 692/2000 [00:08<00:15, 82.91it/s]Sampling step:  35%|███▌      | 701/2000 [00:08<00:15, 82.85it/s]Sampling step:  36%|███▌      | 710/2000 [00:08<00:15, 82.69it/s]Sampling step:  36%|███▌      | 719/2000 [00:08<00:15, 82.80it/s]Sampling step:  36%|███▋      | 728/2000 [00:08<00:15, 82.69it/s]Sampling step:  37%|███▋      | 737/2000 [00:08<00:15, 82.71it/s]Sampling step:  37%|███▋      | 746/2000 [00:09<00:15, 82.66it/s]Sampling step:  38%|███▊      | 755/2000 [00:09<00:15, 82.86it/s]Sampling step:  38%|███▊      | 764/2000 [00:09<00:14, 82.86it/s]Sampling step:  39%|███▊      | 773/2000 [00:09<00:14, 82.87it/s]Sampling step:  39%|███▉      | 782/2000 [00:09<00:14, 82.89it/s]Sampling step:  40%|███▉      | 791/2000 [00:09<00:14, 82.86it/s]Sampling step:  40%|████      | 800/2000 [00:09<00:14, 82.88it/s]Sampling step:  40%|████      | 809/2000 [00:09<00:14, 82.86it/s]Sampling step:  41%|████      | 818/2000 [00:09<00:14, 82.97it/s]Sampling step:  41%|████▏     | 827/2000 [00:10<00:14, 82.86it/s]Sampling step:  42%|████▏     | 836/2000 [00:10<00:14, 82.83it/s]Sampling step:  42%|████▏     | 845/2000 [00:10<00:13, 82.86it/s]Sampling step:  43%|████▎     | 854/2000 [00:10<00:13, 82.75it/s]Sampling step:  43%|████▎     | 863/2000 [00:10<00:13, 82.79it/s]Sampling step:  44%|████▎     | 872/2000 [00:10<00:13, 82.87it/s]Sampling step:  44%|████▍     | 881/2000 [00:10<00:13, 82.84it/s]Sampling step:  44%|████▍     | 890/2000 [00:10<00:13, 82.92it/s]Sampling step:  45%|████▍     | 899/2000 [00:10<00:13, 82.82it/s]Sampling step:  45%|████▌     | 908/2000 [00:10<00:13, 82.79it/s]Sampling step:  46%|████▌     | 917/2000 [00:11<00:13, 82.80it/s]Sampling step:  46%|████▋     | 926/2000 [00:11<00:12, 82.92it/s]Sampling step:  47%|████▋     | 935/2000 [00:11<00:12, 82.99it/s]Sampling step:  47%|████▋     | 944/2000 [00:11<00:12, 83.00it/s]Sampling step:  48%|████▊     | 953/2000 [00:11<00:12, 82.92it/s]Sampling step:  48%|████▊     | 962/2000 [00:11<00:12, 82.95it/s]Sampling step:  49%|████▊     | 971/2000 [00:11<00:12, 82.94it/s]Sampling step:  49%|████▉     | 980/2000 [00:11<00:12, 82.85it/s]Sampling step:  49%|████▉     | 989/2000 [00:11<00:12, 82.92it/s]Sampling step:  50%|████▉     | 998/2000 [00:12<00:12, 82.96it/s]Sampling step:  50%|█████     | 1007/2000 [00:12<00:11, 82.91it/s]Sampling step:  51%|█████     | 1016/2000 [00:12<00:11, 82.75it/s]Sampling step:  51%|█████▏    | 1025/2000 [00:12<00:11, 82.74it/s]Sampling step:  52%|█████▏    | 1034/2000 [00:12<00:11, 82.74it/s]Sampling step:  52%|█████▏    | 1043/2000 [00:12<00:11, 82.73it/s]Sampling step:  53%|█████▎    | 1052/2000 [00:12<00:11, 82.77it/s]Sampling step:  53%|█████▎    | 1061/2000 [00:12<00:11, 82.37it/s]Sampling step:  54%|█████▎    | 1070/2000 [00:12<00:11, 82.47it/s]Sampling step:  54%|█████▍    | 1079/2000 [00:13<00:11, 82.53it/s]Sampling step:  54%|█████▍    | 1088/2000 [00:13<00:11, 82.60it/s]Sampling step:  55%|█████▍    | 1097/2000 [00:13<00:10, 82.66it/s]Sampling step:  55%|█████▌    | 1106/2000 [00:13<00:10, 82.62it/s]Sampling step:  56%|█████▌    | 1115/2000 [00:13<00:10, 82.70it/s]Sampling step:  56%|█████▌    | 1124/2000 [00:13<00:10, 82.68it/s]Sampling step:  57%|█████▋    | 1133/2000 [00:13<00:10, 82.78it/s]Sampling step:  57%|█████▋    | 1142/2000 [00:13<00:10, 82.82it/s]Sampling step:  58%|█████▊    | 1151/2000 [00:13<00:10, 82.82it/s]Sampling step:  58%|█████▊    | 1160/2000 [00:14<00:10, 82.74it/s]Sampling step:  58%|█████▊    | 1169/2000 [00:14<00:10, 82.84it/s]Sampling step:  59%|█████▉    | 1178/2000 [00:14<00:09, 82.91it/s]Sampling step:  59%|█████▉    | 1187/2000 [00:14<00:09, 82.83it/s]Sampling step:  60%|█████▉    | 1196/2000 [00:14<00:09, 82.70it/s]Sampling step:  60%|██████    | 1205/2000 [00:14<00:09, 82.79it/s]Sampling step:  61%|██████    | 1214/2000 [00:14<00:09, 82.75it/s]Sampling step:  61%|██████    | 1223/2000 [00:14<00:09, 82.76it/s]Sampling step:  62%|██████▏   | 1232/2000 [00:14<00:09, 82.37it/s]Sampling step:  62%|██████▏   | 1241/2000 [00:15<00:09, 79.06it/s]Sampling step:  62%|██████▎   | 1250/2000 [00:15<00:09, 80.18it/s]Sampling step:  63%|██████▎   | 1259/2000 [00:15<00:09, 81.10it/s]Sampling step:  63%|██████▎   | 1268/2000 [00:15<00:08, 81.57it/s]Sampling step:  64%|██████▍   | 1277/2000 [00:15<00:08, 81.92it/s]Sampling step:  64%|██████▍   | 1286/2000 [00:15<00:08, 82.31it/s]Sampling step:  65%|██████▍   | 1295/2000 [00:15<00:08, 82.46it/s]Sampling step:  65%|██████▌   | 1304/2000 [00:15<00:08, 82.48it/s]Sampling step:  66%|██████▌   | 1313/2000 [00:15<00:08, 82.63it/s]Sampling step:  66%|██████▌   | 1322/2000 [00:16<00:08, 82.68it/s]Sampling step:  67%|██████▋   | 1331/2000 [00:16<00:08, 82.85it/s]Sampling step:  67%|██████▋   | 1340/2000 [00:16<00:07, 82.98it/s]Sampling step:  67%|██████▋   | 1349/2000 [00:16<00:07, 82.98it/s]Sampling step:  68%|██████▊   | 1358/2000 [00:16<00:07, 83.00it/s]Sampling step:  68%|██████▊   | 1367/2000 [00:16<00:07, 83.12it/s]Sampling step:  69%|██████▉   | 1376/2000 [00:16<00:07, 83.02it/s]Sampling step:  69%|██████▉   | 1385/2000 [00:16<00:07, 82.97it/s]Sampling step:  70%|██████▉   | 1394/2000 [00:16<00:07, 82.81it/s]Sampling step:  70%|███████   | 1403/2000 [00:16<00:07, 82.82it/s]Sampling step:  71%|███████   | 1412/2000 [00:17<00:07, 82.62it/s]Sampling step:  71%|███████   | 1421/2000 [00:17<00:07, 82.71it/s]Sampling step:  72%|███████▏  | 1430/2000 [00:17<00:06, 82.65it/s]Sampling step:  72%|███████▏  | 1439/2000 [00:17<00:06, 82.62it/s]Sampling step:  72%|███████▏  | 1448/2000 [00:17<00:06, 82.65it/s]Sampling step:  73%|███████▎  | 1457/2000 [00:17<00:06, 82.77it/s]Sampling step:  73%|███████▎  | 1466/2000 [00:17<00:06, 82.86it/s]Sampling step:  74%|███████▍  | 1475/2000 [00:17<00:06, 82.69it/s]Sampling step:  74%|███████▍  | 1484/2000 [00:17<00:06, 82.72it/s]Sampling step:  75%|███████▍  | 1493/2000 [00:18<00:06, 82.76it/s]Sampling step:  75%|███████▌  | 1502/2000 [00:18<00:06, 82.88it/s]Sampling step:  76%|███████▌  | 1511/2000 [00:18<00:05, 82.98it/s]Sampling step:  76%|███████▌  | 1520/2000 [00:18<00:05, 82.92it/s]Sampling step:  76%|███████▋  | 1529/2000 [00:18<00:05, 82.84it/s]Sampling step:  77%|███████▋  | 1538/2000 [00:18<00:05, 82.75it/s]Sampling step:  77%|███████▋  | 1547/2000 [00:18<00:05, 82.77it/s]Sampling step:  78%|███████▊  | 1556/2000 [00:18<00:05, 82.68it/s]Sampling step:  78%|███████▊  | 1565/2000 [00:18<00:05, 82.77it/s]Sampling step:  79%|███████▊  | 1574/2000 [00:19<00:05, 82.91it/s]Sampling step:  79%|███████▉  | 1583/2000 [00:19<00:05, 82.88it/s]Sampling step:  80%|███████▉  | 1592/2000 [00:19<00:04, 82.85it/s]Sampling step:  80%|████████  | 1601/2000 [00:19<00:04, 82.81it/s]Sampling step:  80%|████████  | 1610/2000 [00:19<00:04, 82.83it/s]Sampling step:  81%|████████  | 1619/2000 [00:19<00:04, 82.97it/s]Sampling step:  81%|████████▏ | 1628/2000 [00:19<00:04, 82.97it/s]Sampling step:  82%|████████▏ | 1637/2000 [00:19<00:04, 82.81it/s]Sampling step:  82%|████████▏ | 1646/2000 [00:19<00:04, 82.83it/s]Sampling step:  83%|████████▎ | 1655/2000 [00:20<00:04, 82.74it/s]Sampling step:  83%|████████▎ | 1664/2000 [00:20<00:04, 82.81it/s]Sampling step:  84%|████████▎ | 1673/2000 [00:20<00:03, 82.87it/s]Sampling step:  84%|████████▍ | 1682/2000 [00:20<00:03, 82.79it/s]Sampling step:  85%|████████▍ | 1691/2000 [00:20<00:03, 82.83it/s]Sampling step:  85%|████████▌ | 1700/2000 [00:20<00:03, 82.93it/s]Sampling step:  85%|████████▌ | 1709/2000 [00:20<00:03, 82.85it/s]Sampling step:  86%|████████▌ | 1718/2000 [00:20<00:03, 82.81it/s]Sampling step:  86%|████████▋ | 1727/2000 [00:20<00:03, 82.86it/s]Sampling step:  87%|████████▋ | 1736/2000 [00:21<00:03, 82.88it/s]Sampling step:  87%|████████▋ | 1745/2000 [00:21<00:03, 83.01it/s]Sampling step:  88%|████████▊ | 1754/2000 [00:21<00:02, 83.04it/s]Sampling step:  88%|████████▊ | 1763/2000 [00:21<00:02, 82.82it/s]Sampling step:  89%|████████▊ | 1772/2000 [00:21<00:02, 82.83it/s]Sampling step:  89%|████████▉ | 1781/2000 [00:21<00:02, 82.84it/s]Sampling step:  90%|████████▉ | 1790/2000 [00:21<00:02, 82.95it/s]Sampling step:  90%|████████▉ | 1799/2000 [00:21<00:02, 82.92it/s]Sampling step:  90%|█████████ | 1808/2000 [00:21<00:02, 82.87it/s]Sampling step:  91%|█████████ | 1817/2000 [00:21<00:02, 82.88it/s]Sampling step:  91%|█████████▏| 1826/2000 [00:22<00:02, 82.85it/s]Sampling step:  92%|█████████▏| 1835/2000 [00:22<00:01, 82.93it/s]Sampling step:  92%|█████████▏| 1844/2000 [00:22<00:01, 82.91it/s]Sampling step:  93%|█████████▎| 1853/2000 [00:22<00:01, 83.05it/s]Sampling step:  93%|█████████▎| 1862/2000 [00:22<00:01, 82.98it/s]Sampling step:  94%|█████████▎| 1871/2000 [00:22<00:01, 82.92it/s]Sampling step:  94%|█████████▍| 1880/2000 [00:22<00:01, 82.97it/s]Sampling step:  94%|█████████▍| 1889/2000 [00:22<00:01, 82.77it/s]Sampling step:  95%|█████████▍| 1898/2000 [00:22<00:01, 82.82it/s]Sampling step:  95%|█████████▌| 1907/2000 [00:23<00:01, 82.90it/s]Sampling step:  96%|█████████▌| 1916/2000 [00:23<00:01, 82.93it/s]Sampling step:  96%|█████████▋| 1925/2000 [00:23<00:00, 82.89it/s]Sampling step:  97%|█████████▋| 1934/2000 [00:23<00:00, 82.85it/s]Sampling step:  97%|█████████▋| 1943/2000 [00:23<00:00, 82.64it/s]Sampling step:  98%|█████████▊| 1952/2000 [00:23<00:00, 82.61it/s]Sampling step:  98%|█████████▊| 1961/2000 [00:23<00:00, 82.77it/s]Sampling step:  98%|█████████▊| 1970/2000 [00:23<00:00, 82.67it/s]Sampling step:  99%|█████████▉| 1979/2000 [00:23<00:00, 82.69it/s]Sampling step:  99%|█████████▉| 1988/2000 [00:24<00:00, 82.63it/s]Sampling step: 100%|█████████▉| 1997/2000 [00:24<00:00, 82.70it/s]Sampling step: 100%|██████████| 2000/2000 [00:24<00:00, 82.68it/s]
  [6/40] 0014: diffusion error  2.25 mm | non-rigid residual  0.75 mm
Sampling step:   0%|          | 0/2000 [00:00<?, ?it/s]Sampling step:   0%|          | 8/2000 [00:00<00:26, 74.18it/s]Sampling step:   1%|          | 17/2000 [00:00<00:25, 79.16it/s]Sampling step:   1%|▏         | 26/2000 [00:00<00:24, 80.67it/s]Sampling step:   2%|▏         | 35/2000 [00:00<00:24, 81.54it/s]Sampling step:   2%|▏         | 44/2000 [00:00<00:23, 82.04it/s]Sampling step:   3%|▎         | 53/2000 [00:00<00:23, 82.11it/s]Sampling step:   3%|▎         | 62/2000 [00:00<00:23, 82.31it/s]Sampling step:   4%|▎         | 71/2000 [00:00<00:23, 82.37it/s]Sampling step:   4%|▍         | 80/2000 [00:00<00:23, 82.52it/s]Sampling step:   4%|▍         | 89/2000 [00:01<00:23, 82.58it/s]Sampling step:   5%|▍         | 98/2000 [00:01<00:23, 82.53it/s]Sampling step:   5%|▌         | 107/2000 [00:01<00:22, 82.54it/s]Sampling step:   6%|▌         | 116/2000 [00:01<00:22, 82.53it/s]Sampling step:   6%|▋         | 125/2000 [00:01<00:22, 82.60it/s]Sampling step:   7%|▋         | 134/2000 [00:01<00:22, 82.66it/s]Sampling step:   7%|▋         | 143/2000 [00:01<00:22, 82.68it/s]Sampling step:   8%|▊         | 152/2000 [00:01<00:22, 82.74it/s]Sampling step:   8%|▊         | 161/2000 [00:01<00:22, 82.71it/s]Sampling step:   8%|▊         | 170/2000 [00:02<00:22, 82.72it/s]Sampling step:   9%|▉         | 179/2000 [00:02<00:22, 82.70it/s]Sampling step:   9%|▉         | 188/2000 [00:02<00:21, 82.71it/s]Sampling step:  10%|▉         | 197/2000 [00:02<00:21, 82.61it/s]Sampling step:  10%|█         | 206/2000 [00:02<00:21, 82.64it/s]Sampling step:  11%|█         | 215/2000 [00:02<00:21, 82.74it/s]Sampling step:  11%|█         | 224/2000 [00:02<00:21, 82.68it/s]Sampling step:  12%|█▏        | 233/2000 [00:02<00:21, 82.73it/s]Sampling step:  12%|█▏        | 242/2000 [00:02<00:21, 82.82it/s]Sampling step:  13%|█▎        | 251/2000 [00:03<00:21, 82.77it/s]Sampling step:  13%|█▎        | 260/2000 [00:03<00:21, 82.68it/s]Sampling step:  13%|█▎        | 269/2000 [00:03<00:20, 82.70it/s]Sampling step:  14%|█▍        | 278/2000 [00:03<00:20, 82.65it/s]Sampling step:  14%|█▍        | 287/2000 [00:03<00:20, 82.65it/s]Sampling step:  15%|█▍        | 296/2000 [00:03<00:20, 82.74it/s]Sampling step:  15%|█▌        | 305/2000 [00:03<00:20, 82.77it/s]Sampling step:  16%|█▌        | 314/2000 [00:03<00:20, 82.72it/s]Sampling step:  16%|█▌        | 323/2000 [00:03<00:20, 82.76it/s]Sampling step:  17%|█▋        | 332/2000 [00:04<00:20, 82.86it/s]Sampling step:  17%|█▋        | 341/2000 [00:04<00:20, 82.82it/s]Sampling step:  18%|█▊        | 350/2000 [00:04<00:19, 82.76it/s]Sampling step:  18%|█▊        | 359/2000 [00:04<00:19, 82.73it/s]Sampling step:  18%|█▊        | 368/2000 [00:04<00:19, 82.73it/s]Sampling step:  19%|█▉        | 377/2000 [00:04<00:19, 82.62it/s]Sampling step:  19%|█▉        | 386/2000 [00:04<00:19, 82.58it/s]Sampling step:  20%|█▉        | 395/2000 [00:04<00:19, 82.70it/s]Sampling step:  20%|██        | 404/2000 [00:04<00:19, 82.71it/s]Sampling step:  21%|██        | 413/2000 [00:05<00:19, 82.75it/s]Sampling step:  21%|██        | 422/2000 [00:05<00:19, 82.76it/s]Sampling step:  22%|██▏       | 431/2000 [00:05<00:18, 82.67it/s]Sampling step:  22%|██▏       | 440/2000 [00:05<00:18, 82.70it/s]Sampling step:  22%|██▏       | 449/2000 [00:05<00:18, 82.73it/s]Sampling step:  23%|██▎       | 458/2000 [00:05<00:18, 82.78it/s]Sampling step:  23%|██▎       | 467/2000 [00:05<00:18, 82.65it/s]Sampling step:  24%|██▍       | 476/2000 [00:05<00:18, 82.64it/s]Sampling step:  24%|██▍       | 485/2000 [00:05<00:18, 82.67it/s]Sampling step:  25%|██▍       | 494/2000 [00:05<00:18, 82.69it/s]Sampling step:  25%|██▌       | 503/2000 [00:06<00:18, 82.76it/s]Sampling step:  26%|██▌       | 512/2000 [00:06<00:18, 82.60it/s]Sampling step:  26%|██▌       | 521/2000 [00:06<00:17, 82.72it/s]Sampling step:  26%|██▋       | 530/2000 [00:06<00:17, 82.76it/s]Sampling step:  27%|██▋       | 539/2000 [00:06<00:17, 82.76it/s]Sampling step:  27%|██▋       | 548/2000 [00:06<00:17, 82.71it/s]Sampling step:  28%|██▊       | 557/2000 [00:06<00:17, 82.66it/s]Sampling step:  28%|██▊       | 566/2000 [00:06<00:17, 82.76it/s]Sampling step:  29%|██▉       | 575/2000 [00:06<00:17, 82.81it/s]Sampling step:  29%|██▉       | 584/2000 [00:07<00:17, 82.88it/s]Sampling step:  30%|██▉       | 593/2000 [00:07<00:16, 82.80it/s]Sampling step:  30%|███       | 602/2000 [00:07<00:16, 82.86it/s]Sampling step:  31%|███       | 611/2000 [00:07<00:16, 82.94it/s]Sampling step:  31%|███       | 620/2000 [00:07<00:16, 82.98it/s]Sampling step:  31%|███▏      | 629/2000 [00:07<00:16, 82.94it/s]Sampling step:  32%|███▏      | 638/2000 [00:07<00:16, 82.87it/s]Sampling step:  32%|███▏      | 647/2000 [00:07<00:16, 82.86it/s]Sampling step:  33%|███▎      | 656/2000 [00:07<00:16, 82.90it/s]Sampling step:  33%|███▎      | 665/2000 [00:08<00:16, 82.87it/s]Sampling step:  34%|███▎      | 674/2000 [00:08<00:16, 82.87it/s]Sampling step:  34%|███▍      | 683/2000 [00:08<00:15, 82.93it/s]Sampling step:  35%|███▍      | 692/2000 [00:08<00:15, 83.04it/s]Sampling step:  35%|███▌      | 701/2000 [00:08<00:15, 82.99it/s]Sampling step:  36%|███▌      | 710/2000 [00:08<00:15, 83.05it/s]Sampling step:  36%|███▌      | 719/2000 [00:08<00:15, 82.99it/s]Sampling step:  36%|███▋      | 728/2000 [00:08<00:15, 82.88it/s]Sampling step:  37%|███▋      | 737/2000 [00:08<00:15, 82.78it/s]Sampling step:  37%|███▋      | 746/2000 [00:09<00:15, 82.88it/s]Sampling step:  38%|███▊      | 755/2000 [00:09<00:15, 82.81it/s]Sampling step:  38%|███▊      | 764/2000 [00:09<00:14, 82.80it/s]Sampling step:  39%|███▊      | 773/2000 [00:09<00:14, 82.80it/s]Sampling step:  39%|███▉      | 782/2000 [00:09<00:14, 82.77it/s]Sampling step:  40%|███▉      | 791/2000 [00:09<00:14, 82.84it/s]Sampling step:  40%|████      | 800/2000 [00:09<00:14, 82.78it/s]Sampling step:  40%|████      | 809/2000 [00:09<00:14, 82.82it/s]Sampling step:  41%|████      | 818/2000 [00:09<00:14, 82.85it/s]Sampling step:  41%|████▏     | 827/2000 [00:10<00:14, 82.91it/s]Sampling step:  42%|████▏     | 836/2000 [00:10<00:14, 82.93it/s]Sampling step:  42%|████▏     | 845/2000 [00:10<00:13, 82.86it/s]Sampling step:  43%|████▎     | 854/2000 [00:10<00:13, 82.81it/s]Sampling step:  43%|████▎     | 863/2000 [00:10<00:13, 82.87it/s]Sampling step:  44%|████▎     | 872/2000 [00:10<00:13, 82.84it/s]Sampling step:  44%|████▍     | 881/2000 [00:10<00:13, 82.68it/s]Sampling step:  44%|████▍     | 890/2000 [00:10<00:13, 82.78it/s]Sampling step:  45%|████▍     | 899/2000 [00:10<00:13, 82.83it/s]Sampling step:  45%|████▌     | 908/2000 [00:10<00:13, 82.57it/s]Sampling step:  46%|████▌     | 917/2000 [00:11<00:13, 82.58it/s]Sampling step:  46%|████▋     | 926/2000 [00:11<00:12, 82.66it/s]Sampling step:  47%|████▋     | 935/2000 [00:11<00:12, 82.65it/s]Sampling step:  47%|████▋     | 944/2000 [00:11<00:12, 82.73it/s]Sampling step:  48%|████▊     | 953/2000 [00:11<00:12, 82.69it/s]Sampling step:  48%|████▊     | 962/2000 [00:11<00:12, 82.70it/s]Sampling step:  49%|████▊     | 971/2000 [00:11<00:12, 82.72it/s]Sampling step:  49%|████▉     | 980/2000 [00:11<00:12, 82.81it/s]Sampling step:  49%|████▉     | 989/2000 [00:11<00:12, 82.86it/s]Sampling step:  50%|████▉     | 998/2000 [00:12<00:12, 82.81it/s]Sampling step:  50%|█████     | 1007/2000 [00:12<00:13, 75.87it/s]Sampling step:  51%|█████     | 1016/2000 [00:12<00:12, 77.69it/s]Sampling step:  51%|█████▏    | 1025/2000 [00:12<00:12, 79.10it/s]Sampling step:  52%|█████▏    | 1034/2000 [00:12<00:12, 80.17it/s]Sampling step:  52%|█████▏    | 1043/2000 [00:12<00:11, 81.05it/s]Sampling step:  53%|█████▎    | 1052/2000 [00:12<00:11, 81.59it/s]Sampling step:  53%|█████▎    | 1061/2000 [00:12<00:11, 81.99it/s]Sampling step:  54%|█████▎    | 1070/2000 [00:12<00:11, 82.19it/s]Sampling step:  54%|█████▍    | 1079/2000 [00:13<00:11, 82.50it/s]Sampling step:  54%|█████▍    | 1088/2000 [00:13<00:11, 82.40it/s]Sampling step:  55%|█████▍    | 1097/2000 [00:13<00:10, 82.50it/s]Sampling step:  55%|█████▌    | 1106/2000 [00:13<00:10, 82.65it/s]Sampling step:  56%|█████▌    | 1115/2000 [00:13<00:10, 82.76it/s]Sampling step:  56%|█████▌    | 1124/2000 [00:13<00:10, 82.82it/s]Sampling step:  57%|█████▋    | 1133/2000 [00:13<00:10, 82.95it/s]Sampling step:  57%|█████▋    | 1142/2000 [00:13<00:10, 82.89it/s]Sampling step:  58%|█████▊    | 1151/2000 [00:13<00:10, 82.92it/s]Sampling step:  58%|█████▊    | 1160/2000 [00:14<00:10, 82.96it/s]Sampling step:  58%|█████▊    | 1169/2000 [00:14<00:10, 82.85it/s]Sampling step:  59%|█████▉    | 1178/2000 [00:14<00:09, 82.88it/s]Sampling step:  59%|█████▉    | 1187/2000 [00:14<00:09, 82.90it/s]Sampling step:  60%|█████▉    | 1196/2000 [00:14<00:09, 82.87it/s]Sampling step:  60%|██████    | 1205/2000 [00:14<00:09, 82.85it/s]Sampling step:  61%|██████    | 1214/2000 [00:14<00:09, 82.90it/s]Sampling step:  61%|██████    | 1223/2000 [00:14<00:09, 82.94it/s]Sampling step:  62%|██████▏   | 1232/2000 [00:14<00:09, 83.01it/s]Sampling step:  62%|██████▏   | 1241/2000 [00:15<00:09, 82.88it/s]Sampling step:  62%|██████▎   | 1250/2000 [00:15<00:09, 82.82it/s]Sampling step:  63%|██████▎   | 1259/2000 [00:15<00:09, 82.16it/s]Sampling step:  63%|██████▎   | 1268/2000 [00:15<00:08, 82.41it/s]Sampling step:  64%|██████▍   | 1277/2000 [00:15<00:08, 82.49it/s]Sampling step:  64%|██████▍   | 1286/2000 [00:15<00:08, 82.61it/s]Sampling step:  65%|██████▍   | 1295/2000 [00:15<00:08, 82.63it/s]Sampling step:  65%|██████▌   | 1304/2000 [00:15<00:08, 82.62it/s]Sampling step:  66%|██████▌   | 1313/2000 [00:15<00:08, 82.77it/s]Sampling step:  66%|██████▌   | 1322/2000 [00:16<00:08, 82.87it/s]Sampling step:  67%|██████▋   | 1331/2000 [00:16<00:08, 82.85it/s]Sampling step:  67%|██████▋   | 1340/2000 [00:16<00:07, 82.97it/s]Sampling step:  67%|██████▋   | 1349/2000 [00:16<00:07, 82.93it/s]Sampling step:  68%|██████▊   | 1358/2000 [00:16<00:07, 82.88it/s]Sampling step:  68%|██████▊   | 1367/2000 [00:16<00:07, 82.99it/s]Sampling step:  69%|██████▉   | 1376/2000 [00:16<00:07, 82.90it/s]Sampling step:  69%|██████▉   | 1385/2000 [00:16<00:07, 82.86it/s]Sampling step:  70%|██████▉   | 1394/2000 [00:16<00:07, 82.97it/s]Sampling step:  70%|███████   | 1403/2000 [00:16<00:07, 83.07it/s]Sampling step:  71%|███████   | 1412/2000 [00:17<00:07, 83.16it/s]Sampling step:  71%|███████   | 1421/2000 [00:17<00:06, 82.97it/s]Sampling step:  72%|███████▏  | 1430/2000 [00:17<00:06, 82.55it/s]Sampling step:  72%|███████▏  | 1439/2000 [00:17<00:06, 82.86it/s]Sampling step:  72%|███████▏  | 1448/2000 [00:17<00:06, 82.80it/s]Sampling step:  73%|███████▎  | 1457/2000 [00:17<00:06, 82.79it/s]Sampling step:  73%|███████▎  | 1466/2000 [00:17<00:06, 82.82it/s]Sampling step:  74%|███████▍  | 1475/2000 [00:17<00:06, 82.89it/s]Sampling step:  74%|███████▍  | 1484/2000 [00:17<00:06, 82.77it/s]Sampling step:  75%|███████▍  | 1493/2000 [00:18<00:06, 82.96it/s]Sampling step:  75%|███████▌  | 1502/2000 [00:18<00:06, 82.87it/s]Sampling step:  76%|███████▌  | 1511/2000 [00:18<00:06, 81.06it/s]Sampling step:  76%|███████▌  | 1520/2000 [00:18<00:05, 81.67it/s]Sampling step:  76%|███████▋  | 1529/2000 [00:18<00:05, 81.99it/s]Sampling step:  77%|███████▋  | 1538/2000 [00:18<00:05, 82.19it/s]Sampling step:  77%|███████▋  | 1547/2000 [00:18<00:05, 82.39it/s]Sampling step:  78%|███████▊  | 1556/2000 [00:18<00:05, 82.54it/s]Sampling step:  78%|███████▊  | 1565/2000 [00:18<00:05, 82.66it/s]Sampling step:  79%|███████▊  | 1574/2000 [00:19<00:05, 82.56it/s]Sampling step:  79%|███████▉  | 1583/2000 [00:19<00:05, 82.55it/s]Sampling step:  80%|███████▉  | 1592/2000 [00:19<00:04, 82.69it/s]Sampling step:  80%|████████  | 1601/2000 [00:19<00:04, 82.68it/s]Sampling step:  80%|████████  | 1610/2000 [00:19<00:04, 82.66it/s]Sampling step:  81%|████████  | 1619/2000 [00:19<00:04, 82.60it/s]Sampling step:  81%|████████▏ | 1628/2000 [00:19<00:04, 82.57it/s]Sampling step:  82%|████████▏ | 1637/2000 [00:19<00:04, 82.57it/s]Sampling step:  82%|████████▏ | 1646/2000 [00:19<00:04, 82.57it/s]Sampling step:  83%|████████▎ | 1655/2000 [00:20<00:04, 82.64it/s]Sampling step:  83%|████████▎ | 1664/2000 [00:20<00:04, 82.60it/s]Sampling step:  84%|████████▎ | 1673/2000 [00:20<00:03, 82.67it/s]Sampling step:  84%|████████▍ | 1682/2000 [00:20<00:03, 82.75it/s]Sampling step:  85%|████████▍ | 1691/2000 [00:20<00:03, 82.76it/s]Sampling step:  85%|████████▌ | 1700/2000 [00:20<00:03, 82.75it/s]Sampling step:  85%|████████▌ | 1709/2000 [00:20<00:03, 82.59it/s]Sampling step:  86%|████████▌ | 1718/2000 [00:20<00:03, 82.64it/s]Sampling step:  86%|████████▋ | 1727/2000 [00:20<00:03, 82.75it/s]Sampling step:  87%|████████▋ | 1736/2000 [00:21<00:03, 82.76it/s]Sampling step:  87%|████████▋ | 1745/2000 [00:21<00:03, 82.77it/s]Sampling step:  88%|████████▊ | 1754/2000 [00:21<00:02, 82.77it/s]Sampling step:  88%|████████▊ | 1763/2000 [00:21<00:02, 82.73it/s]Sampling step:  89%|████████▊ | 1772/2000 [00:21<00:02, 82.72it/s]Sampling step:  89%|████████▉ | 1781/2000 [00:21<00:02, 82.66it/s]Sampling step:  90%|████████▉ | 1790/2000 [00:21<00:02, 82.59it/s]Sampling step:  90%|████████▉ | 1799/2000 [00:21<00:02, 82.62it/s]Sampling step:  90%|█████████ | 1808/2000 [00:21<00:02, 82.48it/s]Sampling step:  91%|█████████ | 1817/2000 [00:22<00:02, 82.68it/s]Sampling step:  91%|█████████▏| 1826/2000 [00:22<00:02, 82.72it/s]Sampling step:  92%|█████████▏| 1835/2000 [00:22<00:01, 82.60it/s]Sampling step:  92%|█████████▏| 1844/2000 [00:22<00:01, 82.56it/s]Sampling step:  93%|█████████▎| 1853/2000 [00:22<00:01, 82.65it/s]Sampling step:  93%|█████████▎| 1862/2000 [00:22<00:01, 82.61it/s]Sampling step:  94%|█████████▎| 1871/2000 [00:22<00:01, 82.67it/s]Sampling step:  94%|█████████▍| 1880/2000 [00:22<00:01, 82.76it/s]Sampling step:  94%|█████████▍| 1889/2000 [00:22<00:01, 82.72it/s]Sampling step:  95%|█████████▍| 1898/2000 [00:22<00:01, 82.77it/s]Sampling step:  95%|█████████▌| 1907/2000 [00:23<00:01, 82.79it/s]Sampling step:  96%|█████████▌| 1916/2000 [00:23<00:01, 82.60it/s]Sampling step:  96%|█████████▋| 1925/2000 [00:23<00:00, 82.73it/s]Sampling step:  97%|█████████▋| 1934/2000 [00:23<00:00, 82.73it/s]Sampling step:  97%|█████████▋| 1943/2000 [00:23<00:00, 82.72it/s]Sampling step:  98%|█████████▊| 1952/2000 [00:23<00:00, 82.62it/s]Sampling step:  98%|█████████▊| 1961/2000 [00:23<00:00, 82.45it/s]Sampling step:  98%|█████████▊| 1970/2000 [00:23<00:00, 82.63it/s]Sampling step:  99%|█████████▉| 1979/2000 [00:23<00:00, 82.59it/s]Sampling step:  99%|█████████▉| 1988/2000 [00:24<00:00, 82.68it/s]Sampling step: 100%|█████████▉| 1997/2000 [00:24<00:00, 82.64it/s]Sampling step: 100%|██████████| 2000/2000 [00:24<00:00, 82.58it/s]
  [7/40] 0019: diffusion error  2.98 mm | non-rigid residual  0.77 mm
Sampling step:   0%|          | 0/2000 [00:00<?, ?it/s]Sampling step:   0%|          | 8/2000 [00:00<00:26, 74.04it/s]Sampling step:   1%|          | 17/2000 [00:00<00:25, 78.97it/s]Sampling step:   1%|▏         | 26/2000 [00:00<00:24, 80.56it/s]Sampling step:   2%|▏         | 35/2000 [00:00<00:24, 81.44it/s]Sampling step:   2%|▏         | 44/2000 [00:00<00:23, 81.84it/s]Sampling step:   3%|▎         | 53/2000 [00:00<00:23, 82.17it/s]Sampling step:   3%|▎         | 62/2000 [00:00<00:23, 82.40it/s]Sampling step:   4%|▎         | 71/2000 [00:00<00:23, 82.46it/s]Sampling step:   4%|▍         | 80/2000 [00:00<00:23, 82.73it/s]Sampling step:   4%|▍         | 89/2000 [00:01<00:23, 82.58it/s]Sampling step:   5%|▍         | 98/2000 [00:01<00:22, 82.71it/s]Sampling step:   5%|▌         | 107/2000 [00:01<00:22, 82.75it/s]Sampling step:   6%|▌         | 116/2000 [00:01<00:22, 82.76it/s]Sampling step:   6%|▋         | 125/2000 [00:01<00:22, 82.71it/s]Sampling step:   7%|▋         | 134/2000 [00:01<00:22, 82.70it/s]Sampling step:   7%|▋         | 143/2000 [00:01<00:22, 82.79it/s]Sampling step:   8%|▊         | 152/2000 [00:01<00:22, 82.76it/s]Sampling step:   8%|▊         | 161/2000 [00:01<00:22, 82.83it/s]Sampling step:   8%|▊         | 170/2000 [00:02<00:22, 82.66it/s]Sampling step:   9%|▉         | 179/2000 [00:02<00:22, 82.64it/s]Sampling step:   9%|▉         | 188/2000 [00:02<00:21, 82.53it/s]Sampling step:  10%|▉         | 197/2000 [00:02<00:21, 82.49it/s]Sampling step:  10%|█         | 206/2000 [00:02<00:21, 82.56it/s]Sampling step:  11%|█         | 215/2000 [00:02<00:21, 82.64it/s]Sampling step:  11%|█         | 224/2000 [00:02<00:21, 82.71it/s]Sampling step:  12%|█▏        | 233/2000 [00:02<00:21, 82.66it/s]Sampling step:  12%|█▏        | 242/2000 [00:02<00:21, 82.62it/s]Sampling step:  13%|█▎        | 251/2000 [00:03<00:21, 82.51it/s]Sampling step:  13%|█▎        | 260/2000 [00:03<00:21, 82.63it/s]Sampling step:  13%|█▎        | 269/2000 [00:03<00:20, 82.70it/s]Sampling step:  14%|█▍        | 278/2000 [00:03<00:20, 82.71it/s]Sampling step:  14%|█▍        | 287/2000 [00:03<00:20, 82.63it/s]Sampling step:  15%|█▍        | 296/2000 [00:03<00:20, 82.56it/s]Sampling step:  15%|█▌        | 305/2000 [00:03<00:20, 82.64it/s]Sampling step:  16%|█▌        | 314/2000 [00:03<00:20, 82.67it/s]Sampling step:  16%|█▌        | 323/2000 [00:03<00:20, 82.62it/s]Sampling step:  17%|█▋        | 332/2000 [00:04<00:20, 82.56it/s]Sampling step:  17%|█▋        | 341/2000 [00:04<00:20, 82.54it/s]Sampling step:  18%|█▊        | 350/2000 [00:04<00:19, 82.54it/s]Sampling step:  18%|█▊        | 359/2000 [00:04<00:19, 82.48it/s]Sampling step:  18%|█▊        | 368/2000 [00:04<00:19, 82.52it/s]Sampling step:  19%|█▉        | 377/2000 [00:04<00:19, 82.52it/s]Sampling step:  19%|█▉        | 386/2000 [00:04<00:19, 82.55it/s]Sampling step:  20%|█▉        | 395/2000 [00:04<00:19, 82.51it/s]Sampling step:  20%|██        | 404/2000 [00:04<00:19, 82.51it/s]Sampling step:  21%|██        | 413/2000 [00:05<00:19, 82.56it/s]Sampling step:  21%|██        | 422/2000 [00:05<00:19, 82.52it/s]Sampling step:  22%|██▏       | 431/2000 [00:05<00:18, 82.67it/s]Sampling step:  22%|██▏       | 440/2000 [00:05<00:18, 82.62it/s]Sampling step:  22%|██▏       | 449/2000 [00:05<00:18, 82.69it/s]Sampling step:  23%|██▎       | 458/2000 [00:05<00:18, 82.56it/s]Sampling step:  23%|██▎       | 467/2000 [00:05<00:18, 82.60it/s]Sampling step:  24%|██▍       | 476/2000 [00:05<00:18, 82.61it/s]Sampling step:  24%|██▍       | 485/2000 [00:05<00:18, 82.56it/s]Sampling step:  25%|██▍       | 494/2000 [00:05<00:18, 82.58it/s]Sampling step:  25%|██▌       | 503/2000 [00:06<00:18, 82.66it/s]Sampling step:  26%|██▌       | 512/2000 [00:06<00:18, 82.62it/s]Sampling step:  26%|██▌       | 521/2000 [00:06<00:17, 82.66it/s]Sampling step:  26%|██▋       | 530/2000 [00:06<00:17, 82.70it/s]Sampling step:  27%|██▋       | 539/2000 [00:06<00:17, 82.19it/s]Sampling step:  27%|██▋       | 548/2000 [00:06<00:17, 82.26it/s]Sampling step:  28%|██▊       | 557/2000 [00:06<00:17, 82.44it/s]Sampling step:  28%|██▊       | 566/2000 [00:06<00:17, 82.53it/s]Sampling step:  29%|██▉       | 575/2000 [00:06<00:17, 82.55it/s]Sampling step:  29%|██▉       | 584/2000 [00:07<00:17, 82.46it/s]Sampling step:  30%|██▉       | 593/2000 [00:07<00:17, 82.50it/s]Sampling step:  30%|███       | 602/2000 [00:07<00:16, 82.57it/s]Sampling step:  31%|███       | 611/2000 [00:07<00:16, 82.73it/s]Sampling step:  31%|███       | 620/2000 [00:07<00:16, 82.63it/s]Sampling step:  31%|███▏      | 629/2000 [00:07<00:16, 82.58it/s]Sampling step:  32%|███▏      | 638/2000 [00:07<00:16, 82.59it/s]Sampling step:  32%|███▏      | 647/2000 [00:07<00:16, 82.66it/s]Sampling step:  33%|███▎      | 656/2000 [00:07<00:16, 82.63it/s]Sampling step:  33%|███▎      | 665/2000 [00:08<00:16, 82.55it/s]Sampling step:  34%|███▎      | 674/2000 [00:08<00:16, 82.54it/s]Sampling step:  34%|███▍      | 683/2000 [00:08<00:15, 82.58it/s]Sampling step:  35%|███▍      | 692/2000 [00:08<00:15, 82.62it/s]Sampling step:  35%|███▌      | 701/2000 [00:08<00:15, 82.69it/s]Sampling step:  36%|███▌      | 710/2000 [00:08<00:15, 82.44it/s]Sampling step:  36%|███▌      | 719/2000 [00:08<00:15, 82.44it/s]Sampling step:  36%|███▋      | 728/2000 [00:08<00:15, 82.56it/s]Sampling step:  37%|███▋      | 737/2000 [00:08<00:15, 82.64it/s]Sampling step:  37%|███▋      | 746/2000 [00:09<00:15, 82.77it/s]Sampling step:  38%|███▊      | 755/2000 [00:09<00:15, 82.73it/s]Sampling step:  38%|███▊      | 764/2000 [00:09<00:14, 82.79it/s]Sampling step:  39%|███▊      | 773/2000 [00:09<00:14, 82.78it/s]Sampling step:  39%|███▉      | 782/2000 [00:09<00:14, 82.91it/s]Sampling step:  40%|███▉      | 791/2000 [00:09<00:14, 82.78it/s]Sampling step:  40%|████      | 800/2000 [00:09<00:14, 82.71it/s]Sampling step:  40%|████      | 809/2000 [00:09<00:14, 82.68it/s]Sampling step:  41%|████      | 818/2000 [00:09<00:14, 82.62it/s]Sampling step:  41%|████▏     | 827/2000 [00:10<00:14, 82.64it/s]Sampling step:  42%|████▏     | 836/2000 [00:10<00:14, 82.62it/s]Sampling step:  42%|████▏     | 845/2000 [00:10<00:13, 82.74it/s]Sampling step:  43%|████▎     | 854/2000 [00:10<00:13, 82.70it/s]Sampling step:  43%|████▎     | 863/2000 [00:10<00:13, 82.72it/s]Sampling step:  44%|████▎     | 872/2000 [00:10<00:13, 82.58it/s]Sampling step:  44%|████▍     | 881/2000 [00:10<00:13, 82.56it/s]Sampling step:  44%|████▍     | 890/2000 [00:10<00:13, 82.38it/s]Sampling step:  45%|████▍     | 899/2000 [00:10<00:13, 82.35it/s]Sampling step:  45%|████▌     | 908/2000 [00:11<00:13, 82.46it/s]Sampling step:  46%|████▌     | 917/2000 [00:11<00:13, 82.38it/s]Sampling step:  46%|████▋     | 926/2000 [00:11<00:13, 82.55it/s]Sampling step:  47%|████▋     | 935/2000 [00:11<00:12, 82.68it/s]Sampling step:  47%|████▋     | 944/2000 [00:11<00:12, 82.74it/s]Sampling step:  48%|████▊     | 953/2000 [00:11<00:12, 82.64it/s]Sampling step:  48%|████▊     | 962/2000 [00:11<00:12, 82.58it/s]Sampling step:  49%|████▊     | 971/2000 [00:11<00:12, 82.57it/s]Sampling step:  49%|████▉     | 980/2000 [00:11<00:12, 82.56it/s]Sampling step:  49%|████▉     | 989/2000 [00:11<00:12, 82.60it/s]Sampling step:  50%|████▉     | 998/2000 [00:12<00:12, 82.60it/s]Sampling step:  50%|█████     | 1007/2000 [00:12<00:12, 82.60it/s]Sampling step:  51%|█████     | 1016/2000 [00:12<00:11, 82.62it/s]Sampling step:  51%|█████▏    | 1025/2000 [00:12<00:11, 82.65it/s]Sampling step:  52%|█████▏    | 1034/2000 [00:12<00:11, 82.65it/s]Sampling step:  52%|█████▏    | 1043/2000 [00:12<00:11, 82.59it/s]Sampling step:  53%|█████▎    | 1052/2000 [00:12<00:11, 82.70it/s]Sampling step:  53%|█████▎    | 1061/2000 [00:12<00:11, 82.65it/s]Sampling step:  54%|█████▎    | 1070/2000 [00:12<00:11, 82.53it/s]Sampling step:  54%|█████▍    | 1079/2000 [00:13<00:11, 82.36it/s]Sampling step:  54%|█████▍    | 1088/2000 [00:13<00:11, 82.45it/s]Sampling step:  55%|█████▍    | 1097/2000 [00:13<00:10, 82.61it/s]Sampling step:  55%|█████▌    | 1106/2000 [00:13<00:10, 82.62it/s]Sampling step:  56%|█████▌    | 1115/2000 [00:13<00:10, 82.62it/s]Sampling step:  56%|█████▌    | 1124/2000 [00:13<00:10, 82.61it/s]Sampling step:  57%|█████▋    | 1133/2000 [00:13<00:10, 82.63it/s]Sampling step:  57%|█████▋    | 1142/2000 [00:13<00:10, 82.63it/s]Sampling step:  58%|█████▊    | 1151/2000 [00:13<00:10, 82.62it/s]Sampling step:  58%|█████▊    | 1160/2000 [00:14<00:10, 82.62it/s]Sampling step:  58%|█████▊    | 1169/2000 [00:14<00:10, 82.62it/s]Sampling step:  59%|█████▉    | 1178/2000 [00:14<00:09, 82.62it/s]Sampling step:  59%|█████▉    | 1187/2000 [00:14<00:09, 82.71it/s]Sampling step:  60%|█████▉    | 1196/2000 [00:14<00:09, 82.73it/s]Sampling step:  60%|██████    | 1205/2000 [00:14<00:09, 82.64it/s]Sampling step:  61%|██████    | 1214/2000 [00:14<00:09, 82.76it/s]Sampling step:  61%|██████    | 1223/2000 [00:14<00:09, 82.82it/s]Sampling step:  62%|██████▏   | 1232/2000 [00:14<00:09, 82.73it/s]Sampling step:  62%|██████▏   | 1241/2000 [00:15<00:09, 82.50it/s]Sampling step:  62%|██████▎   | 1250/2000 [00:15<00:09, 82.44it/s]Sampling step:  63%|██████▎   | 1259/2000 [00:15<00:08, 82.54it/s]Sampling step:  63%|██████▎   | 1268/2000 [00:15<00:08, 82.59it/s]Sampling step:  64%|██████▍   | 1277/2000 [00:15<00:08, 82.71it/s]Sampling step:  64%|██████▍   | 1286/2000 [00:15<00:08, 82.48it/s]Sampling step:  65%|██████▍   | 1295/2000 [00:15<00:08, 82.58it/s]Sampling step:  65%|██████▌   | 1304/2000 [00:15<00:08, 82.63it/s]Sampling step:  66%|██████▌   | 1313/2000 [00:15<00:08, 82.60it/s]Sampling step:  66%|██████▌   | 1322/2000 [00:16<00:08, 82.55it/s]Sampling step:  67%|██████▋   | 1331/2000 [00:16<00:08, 82.55it/s]Sampling step:  67%|██████▋   | 1340/2000 [00:16<00:07, 82.56it/s]Sampling step:  67%|██████▋   | 1349/2000 [00:16<00:07, 82.58it/s]Sampling step:  68%|██████▊   | 1358/2000 [00:16<00:07, 82.72it/s]Sampling step:  68%|██████▊   | 1367/2000 [00:16<00:07, 82.63it/s]Sampling step:  69%|██████▉   | 1376/2000 [00:16<00:07, 82.67it/s]Sampling step:  69%|██████▉   | 1385/2000 [00:16<00:07, 82.65it/s]Sampling step:  70%|██████▉   | 1394/2000 [00:16<00:07, 82.60it/s]Sampling step:  70%|███████   | 1403/2000 [00:16<00:07, 82.64it/s]Sampling step:  71%|███████   | 1412/2000 [00:17<00:07, 82.55it/s]Sampling step:  71%|███████   | 1421/2000 [00:17<00:07, 82.46it/s]Sampling step:  72%|███████▏  | 1430/2000 [00:17<00:06, 82.62it/s]Sampling step:  72%|███████▏  | 1439/2000 [00:17<00:06, 82.67it/s]Sampling step:  72%|███████▏  | 1448/2000 [00:17<00:06, 82.56it/s]Sampling step:  73%|███████▎  | 1457/2000 [00:17<00:06, 82.52it/s]Sampling step:  73%|███████▎  | 1466/2000 [00:17<00:06, 82.71it/s]Sampling step:  74%|███████▍  | 1475/2000 [00:17<00:06, 82.71it/s]Sampling step:  74%|███████▍  | 1484/2000 [00:17<00:06, 82.69it/s]Sampling step:  75%|███████▍  | 1493/2000 [00:18<00:06, 82.66it/s]Sampling step:  75%|███████▌  | 1502/2000 [00:18<00:06, 82.60it/s]Sampling step:  76%|███████▌  | 1511/2000 [00:18<00:05, 82.51it/s]Sampling step:  76%|███████▌  | 1520/2000 [00:18<00:05, 82.57it/s]Sampling step:  76%|███████▋  | 1529/2000 [00:18<00:05, 82.54it/s]Sampling step:  77%|███████▋  | 1538/2000 [00:18<00:05, 82.65it/s]Sampling step:  77%|███████▋  | 1547/2000 [00:18<00:05, 82.66it/s]Sampling step:  78%|███████▊  | 1556/2000 [00:18<00:05, 82.73it/s]Sampling step:  78%|███████▊  | 1565/2000 [00:18<00:05, 82.74it/s]Sampling step:  79%|███████▊  | 1574/2000 [00:19<00:05, 82.63it/s]Sampling step:  79%|███████▉  | 1583/2000 [00:19<00:05, 82.72it/s]Sampling step:  80%|███████▉  | 1592/2000 [00:19<00:04, 82.21it/s]Sampling step:  80%|████████  | 1601/2000 [00:19<00:04, 82.45it/s]Sampling step:  80%|████████  | 1610/2000 [00:19<00:04, 82.40it/s]Sampling step:  81%|████████  | 1619/2000 [00:19<00:04, 82.48it/s]Sampling step:  81%|████████▏ | 1628/2000 [00:19<00:04, 82.56it/s]Sampling step:  82%|████████▏ | 1637/2000 [00:19<00:04, 82.59it/s]Sampling step:  82%|████████▏ | 1646/2000 [00:19<00:04, 82.59it/s]Sampling step:  83%|████████▎ | 1655/2000 [00:20<00:04, 82.55it/s]Sampling step:  83%|████████▎ | 1664/2000 [00:20<00:04, 82.59it/s]Sampling step:  84%|████████▎ | 1673/2000 [00:20<00:03, 82.62it/s]Sampling step:  84%|████████▍ | 1682/2000 [00:20<00:03, 82.69it/s]Sampling step:  85%|████████▍ | 1691/2000 [00:20<00:03, 82.86it/s]Sampling step:  85%|████████▌ | 1700/2000 [00:20<00:03, 82.75it/s]Sampling step:  85%|████████▌ | 1709/2000 [00:20<00:03, 82.70it/s]Sampling step:  86%|████████▌ | 1718/2000 [00:20<00:03, 82.72it/s]Sampling step:  86%|████████▋ | 1727/2000 [00:20<00:03, 82.71it/s]Sampling step:  87%|████████▋ | 1736/2000 [00:21<00:03, 82.59it/s]Sampling step:  87%|████████▋ | 1745/2000 [00:21<00:03, 82.56it/s]Sampling step:  88%|████████▊ | 1754/2000 [00:21<00:02, 82.70it/s]Sampling step:  88%|████████▊ | 1763/2000 [00:21<00:02, 82.78it/s]Sampling step:  89%|████████▊ | 1772/2000 [00:21<00:02, 82.39it/s]Sampling step:  89%|████████▉ | 1781/2000 [00:21<00:02, 82.46it/s]Sampling step:  90%|████████▉ | 1790/2000 [00:21<00:02, 82.52it/s]Sampling step:  90%|████████▉ | 1799/2000 [00:21<00:02, 82.56it/s]Sampling step:  90%|█████████ | 1808/2000 [00:21<00:02, 82.62it/s]Sampling step:  91%|█████████ | 1817/2000 [00:22<00:02, 82.75it/s]Sampling step:  91%|█████████▏| 1826/2000 [00:22<00:02, 82.66it/s]Sampling step:  92%|█████████▏| 1835/2000 [00:22<00:01, 82.73it/s]Sampling step:  92%|█████████▏| 1844/2000 [00:22<00:01, 82.78it/s]Sampling step:  93%|█████████▎| 1853/2000 [00:22<00:01, 82.81it/s]Sampling step:  93%|█████████▎| 1862/2000 [00:22<00:01, 82.74it/s]Sampling step:  94%|█████████▎| 1871/2000 [00:22<00:01, 82.70it/s]Sampling step:  94%|█████████▍| 1880/2000 [00:22<00:01, 82.72it/s]Sampling step:  94%|█████████▍| 1889/2000 [00:22<00:01, 82.82it/s]Sampling step:  95%|█████████▍| 1898/2000 [00:22<00:01, 82.80it/s]Sampling step:  95%|█████████▌| 1907/2000 [00:23<00:01, 82.60it/s]Sampling step:  96%|█████████▌| 1916/2000 [00:23<00:01, 82.63it/s]Sampling step:  96%|█████████▋| 1925/2000 [00:23<00:00, 82.72it/s]Sampling step:  97%|█████████▋| 1934/2000 [00:23<00:00, 82.88it/s]Sampling step:  97%|█████████▋| 1943/2000 [00:23<00:00, 82.37it/s]Sampling step:  98%|█████████▊| 1952/2000 [00:23<00:00, 82.35it/s]Sampling step:  98%|█████████▊| 1961/2000 [00:23<00:00, 82.42it/s]Sampling step:  98%|█████████▊| 1970/2000 [00:23<00:00, 82.47it/s]Sampling step:  99%|█████████▉| 1979/2000 [00:23<00:00, 82.57it/s]Sampling step:  99%|█████████▉| 1988/2000 [00:24<00:00, 82.55it/s]Sampling step: 100%|█████████▉| 1997/2000 [00:24<00:00, 82.58it/s]Sampling step: 100%|██████████| 2000/2000 [00:24<00:00, 82.58it/s]
  [8/40] 0023: diffusion error  1.44 mm | non-rigid residual  0.59 mm
Sampling step:   0%|          | 0/2000 [00:00<?, ?it/s]Sampling step:   0%|          | 8/2000 [00:00<00:26, 74.79it/s]Sampling step:   1%|          | 17/2000 [00:00<00:25, 79.13it/s]Sampling step:   1%|▏         | 26/2000 [00:00<00:24, 80.85it/s]Sampling step:   2%|▏         | 35/2000 [00:00<00:24, 81.48it/s]Sampling step:   2%|▏         | 44/2000 [00:00<00:23, 81.95it/s]Sampling step:   3%|▎         | 53/2000 [00:00<00:23, 82.37it/s]Sampling step:   3%|▎         | 62/2000 [00:00<00:23, 82.64it/s]Sampling step:   4%|▎         | 71/2000 [00:00<00:23, 82.80it/s]Sampling step:   4%|▍         | 80/2000 [00:00<00:23, 82.78it/s]Sampling step:   4%|▍         | 89/2000 [00:01<00:23, 82.83it/s]Sampling step:   5%|▍         | 98/2000 [00:01<00:22, 82.94it/s]Sampling step:   5%|▌         | 107/2000 [00:01<00:22, 83.04it/s]Sampling step:   6%|▌         | 116/2000 [00:01<00:22, 82.75it/s]Sampling step:   6%|▋         | 125/2000 [00:01<00:22, 82.64it/s]Sampling step:   7%|▋         | 134/2000 [00:01<00:22, 82.69it/s]Sampling step:   7%|▋         | 143/2000 [00:01<00:22, 82.75it/s]Sampling step:   8%|▊         | 152/2000 [00:01<00:22, 82.84it/s]Sampling step:   8%|▊         | 161/2000 [00:01<00:22, 82.86it/s]Sampling step:   8%|▊         | 170/2000 [00:02<00:22, 82.91it/s]Sampling step:   9%|▉         | 179/2000 [00:02<00:21, 82.92it/s]Sampling step:   9%|▉         | 188/2000 [00:02<00:21, 82.94it/s]Sampling step:  10%|▉         | 197/2000 [00:02<00:21, 82.85it/s]Sampling step:  10%|█         | 206/2000 [00:02<00:21, 82.88it/s]Sampling step:  11%|█         | 215/2000 [00:02<00:21, 83.06it/s]Sampling step:  11%|█         | 224/2000 [00:02<00:21, 83.07it/s]Sampling step:  12%|█▏        | 233/2000 [00:02<00:21, 83.14it/s]Sampling step:  12%|█▏        | 242/2000 [00:02<00:21, 82.89it/s]Sampling step:  13%|█▎        | 251/2000 [00:03<00:21, 82.92it/s]Sampling step:  13%|█▎        | 260/2000 [00:03<00:20, 83.03it/s]Sampling step:  13%|█▎        | 269/2000 [00:03<00:20, 83.03it/s]Sampling step:  14%|█▍        | 278/2000 [00:03<00:20, 83.02it/s]Sampling step:  14%|█▍        | 287/2000 [00:03<00:20, 82.88it/s]Sampling step:  15%|█▍        | 296/2000 [00:03<00:20, 82.93it/s]Sampling step:  15%|█▌        | 305/2000 [00:03<00:20, 82.99it/s]Sampling step:  16%|█▌        | 314/2000 [00:03<00:20, 82.84it/s]Sampling step:  16%|█▌        | 323/2000 [00:03<00:20, 82.73it/s]Sampling step:  17%|█▋        | 332/2000 [00:04<00:20, 82.91it/s]Sampling step:  17%|█▋        | 341/2000 [00:04<00:19, 83.03it/s]Sampling step:  18%|█▊        | 350/2000 [00:04<00:19, 82.96it/s]Sampling step:  18%|█▊        | 359/2000 [00:04<00:19, 83.03it/s]Sampling step:  18%|█▊        | 368/2000 [00:04<00:19, 83.09it/s]Sampling step:  19%|█▉        | 377/2000 [00:04<00:19, 83.08it/s]Sampling step:  19%|█▉        | 386/2000 [00:04<00:19, 83.06it/s]Sampling step:  20%|█▉        | 395/2000 [00:04<00:19, 83.08it/s]Sampling step:  20%|██        | 404/2000 [00:04<00:19, 82.98it/s]Sampling step:  21%|██        | 413/2000 [00:04<00:19, 82.86it/s]Sampling step:  21%|██        | 422/2000 [00:05<00:19, 82.81it/s]Sampling step:  22%|██▏       | 431/2000 [00:05<00:18, 82.80it/s]Sampling step:  22%|██▏       | 440/2000 [00:05<00:18, 82.87it/s]Sampling step:  22%|██▏       | 449/2000 [00:05<00:18, 82.86it/s]Sampling step:  23%|██▎       | 458/2000 [00:05<00:18, 83.01it/s]Sampling step:  23%|██▎       | 467/2000 [00:05<00:18, 82.84it/s]Sampling step:  24%|██▍       | 476/2000 [00:05<00:18, 82.87it/s]Sampling step:  24%|██▍       | 485/2000 [00:05<00:18, 82.93it/s]Sampling step:  25%|██▍       | 494/2000 [00:05<00:18, 82.93it/s]Sampling step:  25%|██▌       | 503/2000 [00:06<00:18, 82.94it/s]Sampling step:  26%|██▌       | 512/2000 [00:06<00:17, 82.93it/s]Sampling step:  26%|██▌       | 521/2000 [00:06<00:17, 82.82it/s]Sampling step:  26%|██▋       | 530/2000 [00:06<00:17, 82.76it/s]Sampling step:  27%|██▋       | 539/2000 [00:06<00:17, 82.64it/s]Sampling step:  27%|██▋       | 548/2000 [00:06<00:17, 82.89it/s]Sampling step:  28%|██▊       | 557/2000 [00:06<00:17, 82.97it/s]Sampling step:  28%|██▊       | 566/2000 [00:06<00:17, 82.94it/s]Sampling step:  29%|██▉       | 575/2000 [00:06<00:17, 82.90it/s]Sampling step:  29%|██▉       | 584/2000 [00:07<00:17, 82.94it/s]Sampling step:  30%|██▉       | 593/2000 [00:07<00:16, 82.98it/s]Sampling step:  30%|███       | 602/2000 [00:07<00:16, 82.98it/s]Sampling step:  31%|███       | 611/2000 [00:07<00:16, 82.87it/s]Sampling step:  31%|███       | 620/2000 [00:07<00:16, 82.89it/s]Sampling step:  31%|███▏      | 629/2000 [00:07<00:16, 83.01it/s]Sampling step:  32%|███▏      | 638/2000 [00:07<00:16, 83.10it/s]Sampling step:  32%|███▏      | 647/2000 [00:07<00:16, 82.78it/s]Sampling step:  33%|███▎      | 656/2000 [00:07<00:16, 82.79it/s]Sampling step:  33%|███▎      | 665/2000 [00:08<00:16, 82.81it/s]Sampling step:  34%|███▎      | 674/2000 [00:08<00:16, 82.87it/s]Sampling step:  34%|███▍      | 683/2000 [00:08<00:15, 82.90it/s]Sampling step:  35%|███▍      | 692/2000 [00:08<00:15, 83.05it/s]Sampling step:  35%|███▌      | 701/2000 [00:08<00:15, 82.99it/s]Sampling step:  36%|███▌      | 710/2000 [00:08<00:15, 82.99it/s]Sampling step:  36%|███▌      | 719/2000 [00:08<00:15, 82.92it/s]Sampling step:  36%|███▋      | 728/2000 [00:08<00:15, 82.85it/s]Sampling step:  37%|███▋      | 737/2000 [00:08<00:15, 82.79it/s]Sampling step:  37%|███▋      | 746/2000 [00:09<00:15, 82.73it/s]Sampling step:  38%|███▊      | 755/2000 [00:09<00:15, 82.81it/s]Sampling step:  38%|███▊      | 764/2000 [00:09<00:14, 82.87it/s]Sampling step:  39%|███▊      | 773/2000 [00:09<00:14, 82.86it/s]Sampling step:  39%|███▉      | 782/2000 [00:09<00:14, 82.85it/s]Sampling step:  40%|███▉      | 791/2000 [00:09<00:14, 82.97it/s]Sampling step:  40%|████      | 800/2000 [00:09<00:14, 83.13it/s]Sampling step:  40%|████      | 809/2000 [00:09<00:14, 83.07it/s]Sampling step:  41%|████      | 818/2000 [00:09<00:14, 83.04it/s]Sampling step:  41%|████▏     | 827/2000 [00:09<00:14, 82.72it/s]Sampling step:  42%|████▏     | 836/2000 [00:10<00:14, 82.66it/s]Sampling step:  42%|████▏     | 845/2000 [00:10<00:13, 82.79it/s]Sampling step:  43%|████▎     | 854/2000 [00:10<00:13, 82.85it/s]Sampling step:  43%|████▎     | 863/2000 [00:10<00:13, 82.74it/s]Sampling step:  44%|████▎     | 872/2000 [00:10<00:13, 82.84it/s]Sampling step:  44%|████▍     | 881/2000 [00:10<00:13, 83.01it/s]Sampling step:  44%|████▍     | 890/2000 [00:10<00:13, 82.95it/s]Sampling step:  45%|████▍     | 899/2000 [00:10<00:13, 82.92it/s]Sampling step:  45%|████▌     | 908/2000 [00:10<00:13, 82.81it/s]Sampling step:  46%|████▌     | 917/2000 [00:11<00:13, 82.85it/s]Sampling step:  46%|████▋     | 926/2000 [00:11<00:12, 82.91it/s]Sampling step:  47%|████▋     | 935/2000 [00:11<00:12, 82.84it/s]Sampling step:  47%|████▋     | 944/2000 [00:11<00:12, 82.85it/s]Sampling step:  48%|████▊     | 953/2000 [00:11<00:12, 82.85it/s]Sampling step:  48%|████▊     | 962/2000 [00:11<00:12, 82.87it/s]Sampling step:  49%|████▊     | 971/2000 [00:11<00:12, 82.83it/s]Sampling step:  49%|████▉     | 980/2000 [00:11<00:12, 82.93it/s]Sampling step:  49%|████▉     | 989/2000 [00:11<00:12, 82.92it/s]Sampling step:  50%|████▉     | 998/2000 [00:12<00:12, 82.61it/s]Sampling step:  50%|█████     | 1007/2000 [00:12<00:12, 82.73it/s]Sampling step:  51%|█████     | 1016/2000 [00:12<00:11, 82.78it/s]Sampling step:  51%|█████▏    | 1025/2000 [00:12<00:11, 82.74it/s]Sampling step:  52%|█████▏    | 1034/2000 [00:12<00:11, 82.81it/s]Sampling step:  52%|█████▏    | 1043/2000 [00:12<00:11, 82.85it/s]Sampling step:  53%|█████▎    | 1052/2000 [00:12<00:11, 82.84it/s]Sampling step:  53%|█████▎    | 1061/2000 [00:12<00:11, 82.82it/s]Sampling step:  54%|█████▎    | 1070/2000 [00:12<00:11, 82.70it/s]Sampling step:  54%|█████▍    | 1079/2000 [00:13<00:11, 82.63it/s]Sampling step:  54%|█████▍    | 1088/2000 [00:13<00:11, 82.74it/s]Sampling step:  55%|█████▍    | 1097/2000 [00:13<00:10, 82.78it/s]Sampling step:  55%|█████▌    | 1106/2000 [00:13<00:10, 82.82it/s]Sampling step:  56%|█████▌    | 1115/2000 [00:13<00:10, 82.87it/s]Sampling step:  56%|█████▌    | 1124/2000 [00:13<00:10, 82.95it/s]Sampling step:  57%|█████▋    | 1133/2000 [00:13<00:10, 82.93it/s]Sampling step:  57%|█████▋    | 1142/2000 [00:13<00:10, 82.98it/s]Sampling step:  58%|█████▊    | 1151/2000 [00:13<00:10, 83.02it/s]Sampling step:  58%|█████▊    | 1160/2000 [00:14<00:10, 83.00it/s]Sampling step:  58%|█████▊    | 1169/2000 [00:14<00:10, 82.86it/s]Sampling step:  59%|█████▉    | 1178/2000 [00:14<00:09, 82.81it/s]Sampling step:  59%|█████▉    | 1187/2000 [00:14<00:09, 82.77it/s]Sampling step:  60%|█████▉    | 1196/2000 [00:14<00:09, 82.68it/s]Sampling step:  60%|██████    | 1205/2000 [00:14<00:09, 82.81it/s]Sampling step:  61%|██████    | 1214/2000 [00:14<00:09, 82.98it/s]Sampling step:  61%|██████    | 1223/2000 [00:14<00:09, 82.97it/s]Sampling step:  62%|██████▏   | 1232/2000 [00:14<00:09, 82.96it/s]Sampling step:  62%|██████▏   | 1241/2000 [00:14<00:09, 82.86it/s]Sampling step:  62%|██████▎   | 1250/2000 [00:15<00:09, 82.68it/s]Sampling step:  63%|██████▎   | 1259/2000 [00:15<00:08, 82.54it/s]Sampling step:  63%|██████▎   | 1268/2000 [00:15<00:08, 82.52it/s]Sampling step:  64%|██████▍   | 1277/2000 [00:15<00:08, 82.56it/s]Sampling step:  64%|██████▍   | 1286/2000 [00:15<00:08, 82.60it/s]Sampling step:  65%|██████▍   | 1295/2000 [00:15<00:08, 82.69it/s]Sampling step:  65%|██████▌   | 1304/2000 [00:15<00:08, 82.70it/s]Sampling step:  66%|██████▌   | 1313/2000 [00:15<00:08, 82.82it/s]Sampling step:  66%|██████▌   | 1322/2000 [00:15<00:08, 82.80it/s]Sampling step:  67%|██████▋   | 1331/2000 [00:16<00:08, 82.73it/s]Sampling step:  67%|██████▋   | 1340/2000 [00:16<00:07, 82.61it/s]Sampling step:  67%|██████▋   | 1349/2000 [00:16<00:07, 82.50it/s]Sampling step:  68%|██████▊   | 1358/2000 [00:16<00:07, 82.47it/s]Sampling step:  68%|██████▊   | 1367/2000 [00:16<00:07, 82.55it/s]Sampling step:  69%|██████▉   | 1376/2000 [00:16<00:07, 82.62it/s]Sampling step:  69%|██████▉   | 1385/2000 [00:16<00:07, 82.78it/s]Sampling step:  70%|██████▉   | 1394/2000 [00:16<00:07, 82.78it/s]Sampling step:  70%|███████   | 1403/2000 [00:16<00:07, 82.70it/s]Sampling step:  71%|███████   | 1412/2000 [00:17<00:07, 82.57it/s]Sampling step:  71%|███████   | 1421/2000 [00:17<00:06, 82.80it/s]Sampling step:  72%|███████▏  | 1430/2000 [00:17<00:06, 82.87it/s]Sampling step:  72%|███████▏  | 1439/2000 [00:17<00:06, 82.86it/s]Sampling step:  72%|███████▏  | 1448/2000 [00:17<00:06, 82.82it/s]Sampling step:  73%|███████▎  | 1457/2000 [00:17<00:06, 82.90it/s]Sampling step:  73%|███████▎  | 1466/2000 [00:17<00:06, 82.79it/s]Sampling step:  74%|███████▍  | 1475/2000 [00:17<00:06, 82.79it/s]Sampling step:  74%|███████▍  | 1484/2000 [00:17<00:06, 82.60it/s]Sampling step:  75%|███████▍  | 1493/2000 [00:18<00:06, 82.53it/s]Sampling step:  75%|███████▌  | 1502/2000 [00:18<00:06, 82.58it/s]Sampling step:  76%|███████▌  | 1511/2000 [00:18<00:05, 82.76it/s]Sampling step:  76%|███████▌  | 1520/2000 [00:18<00:05, 82.73it/s]Sampling step:  76%|███████▋  | 1529/2000 [00:18<00:05, 82.51it/s]Sampling step:  77%|███████▋  | 1538/2000 [00:18<00:05, 82.64it/s]Sampling step:  77%|███████▋  | 1547/2000 [00:18<00:05, 82.66it/s]Sampling step:  78%|███████▊  | 1556/2000 [00:18<00:05, 82.72it/s]Sampling step:  78%|███████▊  | 1565/2000 [00:18<00:05, 82.60it/s]Sampling step:  79%|███████▊  | 1574/2000 [00:19<00:05, 82.67it/s]Sampling step:  79%|███████▉  | 1583/2000 [00:19<00:05, 82.57it/s]Sampling step:  80%|███████▉  | 1592/2000 [00:19<00:04, 82.55it/s]Sampling step:  80%|████████  | 1601/2000 [00:19<00:04, 82.61it/s]Sampling step:  80%|████████  | 1610/2000 [00:19<00:04, 82.68it/s]Sampling step:  81%|████████  | 1619/2000 [00:19<00:04, 82.62it/s]Sampling step:  81%|████████▏ | 1628/2000 [00:19<00:04, 82.62it/s]Sampling step:  82%|████████▏ | 1637/2000 [00:19<00:04, 82.71it/s]Sampling step:  82%|████████▏ | 1646/2000 [00:19<00:04, 82.69it/s]Sampling step:  83%|████████▎ | 1655/2000 [00:19<00:04, 82.61it/s]Sampling step:  83%|████████▎ | 1664/2000 [00:20<00:04, 82.57it/s]Sampling step:  84%|████████▎ | 1673/2000 [00:20<00:03, 82.62it/s]Sampling step:  84%|████████▍ | 1682/2000 [00:20<00:03, 82.58it/s]Sampling step:  85%|████████▍ | 1691/2000 [00:20<00:03, 82.63it/s]Sampling step:  85%|████████▌ | 1700/2000 [00:20<00:03, 82.29it/s]Sampling step:  85%|████████▌ | 1709/2000 [00:20<00:03, 82.38it/s]Sampling step:  86%|████████▌ | 1718/2000 [00:20<00:03, 82.66it/s]Sampling step:  86%|████████▋ | 1727/2000 [00:20<00:03, 82.59it/s]Sampling step:  87%|████████▋ | 1736/2000 [00:20<00:03, 82.52it/s]Sampling step:  87%|████████▋ | 1745/2000 [00:21<00:03, 82.59it/s]Sampling step:  88%|████████▊ | 1754/2000 [00:21<00:02, 82.68it/s]Sampling step:  88%|████████▊ | 1763/2000 [00:21<00:02, 82.66it/s]Sampling step:  89%|████████▊ | 1772/2000 [00:21<00:02, 82.80it/s]Sampling step:  89%|████████▉ | 1781/2000 [00:21<00:02, 82.85it/s]Sampling step:  90%|████████▉ | 1790/2000 [00:21<00:02, 82.82it/s]Sampling step:  90%|████████▉ | 1799/2000 [00:21<00:02, 82.81it/s]Sampling step:  90%|█████████ | 1808/2000 [00:21<00:02, 82.97it/s]Sampling step:  91%|█████████ | 1817/2000 [00:21<00:02, 82.79it/s]Sampling step:  91%|█████████▏| 1826/2000 [00:22<00:02, 82.82it/s]Sampling step:  92%|█████████▏| 1835/2000 [00:22<00:01, 82.95it/s]Sampling step:  92%|█████████▏| 1844/2000 [00:22<00:01, 82.99it/s]Sampling step:  93%|█████████▎| 1853/2000 [00:22<00:01, 83.05it/s]Sampling step:  93%|█████████▎| 1862/2000 [00:22<00:01, 83.10it/s]Sampling step:  94%|█████████▎| 1871/2000 [00:22<00:01, 83.00it/s]Sampling step:  94%|█████████▍| 1880/2000 [00:22<00:01, 82.73it/s]Sampling step:  94%|█████████▍| 1889/2000 [00:22<00:01, 82.85it/s]Sampling step:  95%|█████████▍| 1898/2000 [00:22<00:01, 82.90it/s]Sampling step:  95%|█████████▌| 1907/2000 [00:23<00:01, 82.83it/s]Sampling step:  96%|█████████▌| 1916/2000 [00:23<00:01, 82.91it/s]Sampling step:  96%|█████████▋| 1925/2000 [00:23<00:00, 82.94it/s]Sampling step:  97%|█████████▋| 1934/2000 [00:23<00:00, 83.01it/s]Sampling step:  97%|█████████▋| 1943/2000 [00:23<00:00, 82.89it/s]Sampling step:  98%|█████████▊| 1952/2000 [00:23<00:00, 82.98it/s]Sampling step:  98%|█████████▊| 1961/2000 [00:23<00:00, 83.02it/s]Sampling step:  98%|█████████▊| 1970/2000 [00:23<00:00, 83.00it/s]Sampling step:  99%|█████████▉| 1979/2000 [00:23<00:00, 82.98it/s]Sampling step:  99%|█████████▉| 1988/2000 [00:24<00:00, 82.97it/s]Sampling step: 100%|█████████▉| 1997/2000 [00:24<00:00, 82.93it/s]Sampling step: 100%|██████████| 2000/2000 [00:24<00:00, 82.79it/s]
  [9/40] 0026: diffusion error  5.48 mm | non-rigid residual  0.99 mm
Sampling step:   0%|          | 0/2000 [00:00<?, ?it/s]Sampling step:   0%|          | 8/2000 [00:00<00:26, 74.28it/s]Sampling step:   1%|          | 17/2000 [00:00<00:24, 79.46it/s]Sampling step:   1%|▏         | 26/2000 [00:00<00:24, 80.85it/s]Sampling step:   2%|▏         | 35/2000 [00:00<00:24, 81.48it/s]Sampling step:   2%|▏         | 44/2000 [00:00<00:23, 81.94it/s]Sampling step:   3%|▎         | 53/2000 [00:00<00:23, 82.04it/s]Sampling step:   3%|▎         | 62/2000 [00:00<00:23, 82.00it/s]Sampling step:   4%|▎         | 71/2000 [00:00<00:23, 82.04it/s]Sampling step:   4%|▍         | 80/2000 [00:00<00:23, 82.20it/s]Sampling step:   4%|▍         | 89/2000 [00:01<00:23, 82.37it/s]Sampling step:   5%|▍         | 98/2000 [00:01<00:23, 82.49it/s]Sampling step:   5%|▌         | 107/2000 [00:01<00:22, 82.55it/s]Sampling step:   6%|▌         | 116/2000 [00:01<00:22, 82.66it/s]Sampling step:   6%|▋         | 125/2000 [00:01<00:22, 82.64it/s]Sampling step:   7%|▋         | 134/2000 [00:01<00:22, 82.64it/s]Sampling step:   7%|▋         | 143/2000 [00:01<00:22, 82.58it/s]Sampling step:   8%|▊         | 152/2000 [00:01<00:22, 82.52it/s]Sampling step:   8%|▊         | 161/2000 [00:01<00:22, 82.57it/s]Sampling step:   8%|▊         | 170/2000 [00:02<00:22, 82.67it/s]Sampling step:   9%|▉         | 179/2000 [00:02<00:21, 82.78it/s]Sampling step:   9%|▉         | 188/2000 [00:02<00:21, 82.77it/s]Sampling step:  10%|▉         | 197/2000 [00:02<00:21, 82.84it/s]Sampling step:  10%|█         | 206/2000 [00:02<00:21, 82.83it/s]Sampling step:  11%|█         | 215/2000 [00:02<00:21, 82.86it/s]Sampling step:  11%|█         | 224/2000 [00:02<00:21, 82.90it/s]Sampling step:  12%|█▏        | 233/2000 [00:02<00:21, 82.63it/s]Sampling step:  12%|█▏        | 242/2000 [00:02<00:21, 82.69it/s]Sampling step:  13%|█▎        | 251/2000 [00:03<00:21, 82.75it/s]Sampling step:  13%|█▎        | 260/2000 [00:03<00:21, 82.78it/s]Sampling step:  13%|█▎        | 269/2000 [00:03<00:20, 82.79it/s]Sampling step:  14%|█▍        | 278/2000 [00:03<00:20, 82.77it/s]Sampling step:  14%|█▍        | 287/2000 [00:03<00:20, 82.73it/s]Sampling step:  15%|█▍        | 296/2000 [00:03<00:20, 82.67it/s]Sampling step:  15%|█▌        | 305/2000 [00:03<00:20, 82.75it/s]Sampling step:  16%|█▌        | 314/2000 [00:03<00:20, 82.69it/s]Sampling step:  16%|█▌        | 323/2000 [00:03<00:20, 82.66it/s]Sampling step:  17%|█▋        | 332/2000 [00:04<00:20, 82.69it/s]Sampling step:  17%|█▋        | 341/2000 [00:04<00:20, 82.79it/s]Sampling step:  18%|█▊        | 350/2000 [00:04<00:19, 82.82it/s]Sampling step:  18%|█▊        | 359/2000 [00:04<00:19, 82.73it/s]Sampling step:  18%|█▊        | 368/2000 [00:04<00:19, 82.84it/s]Sampling step:  19%|█▉        | 377/2000 [00:04<00:19, 82.76it/s]Sampling step:  19%|█▉        | 386/2000 [00:04<00:19, 82.77it/s]Sampling step:  20%|█▉        | 395/2000 [00:04<00:19, 82.70it/s]Sampling step:  20%|██        | 404/2000 [00:04<00:19, 82.77it/s]Sampling step:  21%|██        | 413/2000 [00:05<00:19, 82.79it/s]Sampling step:  21%|██        | 422/2000 [00:05<00:19, 82.77it/s]Sampling step:  22%|██▏       | 431/2000 [00:05<00:18, 82.75it/s]Sampling step:  22%|██▏       | 440/2000 [00:05<00:18, 82.71it/s]Sampling step:  22%|██▏       | 449/2000 [00:05<00:18, 82.74it/s]Sampling step:  23%|██▎       | 458/2000 [00:05<00:18, 82.76it/s]Sampling step:  23%|██▎       | 467/2000 [00:05<00:18, 82.72it/s]Sampling step:  24%|██▍       | 476/2000 [00:05<00:18, 82.73it/s]Sampling step:  24%|██▍       | 485/2000 [00:05<00:18, 82.71it/s]Sampling step:  25%|██▍       | 494/2000 [00:05<00:18, 82.87it/s]Sampling step:  25%|██▌       | 503/2000 [00:06<00:18, 82.87it/s]Sampling step:  26%|██▌       | 512/2000 [00:06<00:17, 82.92it/s]Sampling step:  26%|██▌       | 521/2000 [00:06<00:17, 82.75it/s]Sampling step:  26%|██▋       | 530/2000 [00:06<00:17, 82.76it/s]Sampling step:  27%|██▋       | 539/2000 [00:06<00:17, 82.70it/s]Sampling step:  27%|██▋       | 548/2000 [00:06<00:17, 82.65it/s]Sampling step:  28%|██▊       | 557/2000 [00:06<00:17, 82.81it/s]Sampling step:  28%|██▊       | 566/2000 [00:06<00:17, 82.89it/s]Sampling step:  29%|██▉       | 575/2000 [00:06<00:17, 82.88it/s]Sampling step:  29%|██▉       | 584/2000 [00:07<00:17, 82.50it/s]Sampling step:  30%|██▉       | 593/2000 [00:07<00:17, 82.62it/s]Sampling step:  30%|███       | 602/2000 [00:07<00:16, 82.54it/s]Sampling step:  31%|███       | 611/2000 [00:07<00:16, 82.78it/s]Sampling step:  31%|███       | 620/2000 [00:07<00:16, 82.79it/s]Sampling step:  31%|███▏      | 629/2000 [00:07<00:16, 82.75it/s]Sampling step:  32%|███▏      | 638/2000 [00:07<00:16, 82.75it/s]Sampling step:  32%|███▏      | 647/2000 [00:07<00:16, 82.84it/s]Sampling step:  33%|███▎      | 656/2000 [00:07<00:16, 82.84it/s]Sampling step:  33%|███▎      | 665/2000 [00:08<00:16, 83.00it/s]Sampling step:  34%|███▎      | 674/2000 [00:08<00:15, 83.04it/s]Sampling step:  34%|███▍      | 683/2000 [00:08<00:15, 82.90it/s]Sampling step:  35%|███▍      | 692/2000 [00:08<00:15, 82.87it/s]Sampling step:  35%|███▌      | 701/2000 [00:08<00:15, 82.93it/s]Sampling step:  36%|███▌      | 710/2000 [00:08<00:15, 82.90it/s]Sampling step:  36%|███▌      | 719/2000 [00:08<00:15, 82.98it/s]Sampling step:  36%|███▋      | 728/2000 [00:08<00:15, 82.89it/s]Sampling step:  37%|███▋      | 737/2000 [00:08<00:15, 82.86it/s]Sampling step:  37%|███▋      | 746/2000 [00:09<00:15, 83.01it/s]Sampling step:  38%|███▊      | 755/2000 [00:09<00:14, 83.02it/s]Sampling step:  38%|███▊      | 764/2000 [00:09<00:14, 82.79it/s]Sampling step:  39%|███▊      | 773/2000 [00:09<00:14, 82.79it/s]Sampling step:  39%|███▉      | 782/2000 [00:09<00:14, 82.72it/s]Sampling step:  40%|███▉      | 791/2000 [00:09<00:14, 82.78it/s]Sampling step:  40%|████      | 800/2000 [00:09<00:14, 82.90it/s]Sampling step:  40%|████      | 809/2000 [00:09<00:14, 82.59it/s]Sampling step:  41%|████      | 818/2000 [00:09<00:14, 82.61it/s]Sampling step:  41%|████▏     | 827/2000 [00:10<00:14, 82.81it/s]Sampling step:  42%|████▏     | 836/2000 [00:10<00:14, 82.73it/s]Sampling step:  42%|████▏     | 845/2000 [00:10<00:13, 82.70it/s]Sampling step:  43%|████▎     | 854/2000 [00:10<00:13, 82.72it/s]Sampling step:  43%|████▎     | 863/2000 [00:10<00:13, 82.80it/s]Sampling step:  44%|████▎     | 872/2000 [00:10<00:13, 82.82it/s]Sampling step:  44%|████▍     | 881/2000 [00:10<00:13, 82.72it/s]Sampling step:  44%|████▍     | 890/2000 [00:10<00:13, 82.71it/s]Sampling step:  45%|████▍     | 899/2000 [00:10<00:13, 82.76it/s]Sampling step:  45%|████▌     | 908/2000 [00:10<00:13, 82.87it/s]Sampling step:  46%|████▌     | 917/2000 [00:11<00:13, 83.02it/s]Sampling step:  46%|████▋     | 926/2000 [00:11<00:12, 83.00it/s]Sampling step:  47%|████▋     | 935/2000 [00:11<00:12, 82.41it/s]Sampling step:  47%|████▋     | 944/2000 [00:11<00:12, 82.44it/s]Sampling step:  48%|████▊     | 953/2000 [00:11<00:12, 82.59it/s]Sampling step:  48%|████▊     | 962/2000 [00:11<00:12, 82.60it/s]Sampling step:  49%|████▊     | 971/2000 [00:11<00:12, 82.69it/s]Sampling step:  49%|████▉     | 980/2000 [00:11<00:12, 82.77it/s]Sampling step:  49%|████▉     | 989/2000 [00:11<00:12, 82.83it/s]Sampling step:  50%|████▉     | 998/2000 [00:12<00:12, 82.91it/s]Sampling step:  50%|█████     | 1007/2000 [00:12<00:11, 82.90it/s]Sampling step:  51%|█████     | 1016/2000 [00:12<00:11, 82.86it/s]Sampling step:  51%|█████▏    | 1025/2000 [00:12<00:11, 82.84it/s]Sampling step:  52%|█████▏    | 1034/2000 [00:12<00:11, 82.96it/s]Sampling step:  52%|█████▏    | 1043/2000 [00:12<00:11, 82.74it/s]Sampling step:  53%|█████▎    | 1052/2000 [00:12<00:11, 82.67it/s]Sampling step:  53%|█████▎    | 1061/2000 [00:12<00:11, 82.63it/s]Sampling step:  54%|█████▎    | 1070/2000 [00:12<00:11, 82.68it/s]Sampling step:  54%|█████▍    | 1079/2000 [00:13<00:11, 82.81it/s]Sampling step:  54%|█████▍    | 1088/2000 [00:13<00:11, 82.82it/s]Sampling step:  55%|█████▍    | 1097/2000 [00:13<00:10, 82.76it/s]Sampling step:  55%|█████▌    | 1106/2000 [00:13<00:10, 82.89it/s]Sampling step:  56%|█████▌    | 1115/2000 [00:13<00:10, 82.70it/s]Sampling step:  56%|█████▌    | 1124/2000 [00:13<00:10, 82.58it/s]Sampling step:  57%|█████▋    | 1133/2000 [00:13<00:10, 82.72it/s]Sampling step:  57%|█████▋    | 1142/2000 [00:13<00:10, 82.65it/s]Sampling step:  58%|█████▊    | 1151/2000 [00:13<00:10, 82.80it/s]Sampling step:  58%|█████▊    | 1160/2000 [00:14<00:10, 82.86it/s]Sampling step:  58%|█████▊    | 1169/2000 [00:14<00:10, 82.87it/s]Sampling step:  59%|█████▉    | 1178/2000 [00:14<00:09, 82.78it/s]Sampling step:  59%|█████▉    | 1187/2000 [00:14<00:09, 82.79it/s]Sampling step:  60%|█████▉    | 1196/2000 [00:14<00:09, 82.91it/s]Sampling step:  60%|██████    | 1205/2000 [00:14<00:09, 82.86it/s]Sampling step:  61%|██████    | 1214/2000 [00:14<00:09, 82.94it/s]Sampling step:  61%|██████    | 1223/2000 [00:14<00:09, 82.83it/s]Sampling step:  62%|██████▏   | 1232/2000 [00:14<00:09, 82.77it/s]Sampling step:  62%|██████▏   | 1241/2000 [00:15<00:09, 82.88it/s]Sampling step:  62%|██████▎   | 1250/2000 [00:15<00:09, 82.83it/s]Sampling step:  63%|██████▎   | 1259/2000 [00:15<00:08, 82.77it/s]Sampling step:  63%|██████▎   | 1268/2000 [00:15<00:08, 82.75it/s]Sampling step:  64%|██████▍   | 1277/2000 [00:15<00:08, 82.73it/s]Sampling step:  64%|██████▍   | 1286/2000 [00:15<00:08, 82.76it/s]Sampling step:  65%|██████▍   | 1295/2000 [00:15<00:08, 82.81it/s]Sampling step:  65%|██████▌   | 1304/2000 [00:15<00:08, 82.62it/s]Sampling step:  66%|██████▌   | 1313/2000 [00:15<00:08, 82.66it/s]Sampling step:  66%|██████▌   | 1322/2000 [00:15<00:08, 82.80it/s]Sampling step:  67%|██████▋   | 1331/2000 [00:16<00:08, 82.87it/s]Sampling step:  67%|██████▋   | 1340/2000 [00:16<00:07, 82.82it/s]Sampling step:  67%|██████▋   | 1349/2000 [00:16<00:07, 82.80it/s]Sampling step:  68%|██████▊   | 1358/2000 [00:16<00:07, 82.85it/s]Sampling step:  68%|██████▊   | 1367/2000 [00:16<00:07, 82.82it/s]Sampling step:  69%|██████▉   | 1376/2000 [00:16<00:07, 82.71it/s]Sampling step:  69%|██████▉   | 1385/2000 [00:16<00:07, 82.66it/s]Sampling step:  70%|██████▉   | 1394/2000 [00:16<00:07, 82.65it/s]Sampling step:  70%|███████   | 1403/2000 [00:16<00:07, 82.64it/s]Sampling step:  71%|███████   | 1412/2000 [00:17<00:07, 82.72it/s]Sampling step:  71%|███████   | 1421/2000 [00:17<00:06, 82.85it/s]Sampling step:  72%|███████▏  | 1430/2000 [00:17<00:06, 82.59it/s]Sampling step:  72%|███████▏  | 1439/2000 [00:17<00:06, 82.70it/s]Sampling step:  72%|███████▏  | 1448/2000 [00:17<00:06, 82.83it/s]Sampling step:  73%|███████▎  | 1457/2000 [00:17<00:06, 82.80it/s]Sampling step:  73%|███████▎  | 1466/2000 [00:17<00:06, 82.44it/s]Sampling step:  74%|███████▍  | 1475/2000 [00:17<00:06, 82.30it/s]Sampling step:  74%|███████▍  | 1484/2000 [00:17<00:06, 82.44it/s]Sampling step:  75%|███████▍  | 1493/2000 [00:18<00:06, 82.56it/s]Sampling step:  75%|███████▌  | 1502/2000 [00:18<00:06, 82.64it/s]Sampling step:  76%|███████▌  | 1511/2000 [00:18<00:05, 82.49it/s]Sampling step:  76%|███████▌  | 1520/2000 [00:18<00:05, 82.76it/s]Sampling step:  76%|███████▋  | 1529/2000 [00:18<00:05, 82.87it/s]Sampling step:  77%|███████▋  | 1538/2000 [00:18<00:05, 82.84it/s]Sampling step:  77%|███████▋  | 1547/2000 [00:18<00:05, 82.81it/s]Sampling step:  78%|███████▊  | 1556/2000 [00:18<00:05, 82.76it/s]Sampling step:  78%|███████▊  | 1565/2000 [00:18<00:05, 82.82it/s]Sampling step:  79%|███████▊  | 1574/2000 [00:19<00:05, 82.81it/s]Sampling step:  79%|███████▉  | 1583/2000 [00:19<00:05, 82.80it/s]Sampling step:  80%|███████▉  | 1592/2000 [00:19<00:04, 82.68it/s]Sampling step:  80%|████████  | 1601/2000 [00:19<00:04, 82.82it/s]Sampling step:  80%|████████  | 1610/2000 [00:19<00:04, 82.93it/s]Sampling step:  81%|████████  | 1619/2000 [00:19<00:04, 82.95it/s]Sampling step:  81%|████████▏ | 1628/2000 [00:19<00:04, 82.95it/s]Sampling step:  82%|████████▏ | 1637/2000 [00:19<00:04, 82.87it/s]Sampling step:  82%|████████▏ | 1646/2000 [00:19<00:04, 82.68it/s]Sampling step:  83%|████████▎ | 1655/2000 [00:20<00:04, 82.74it/s]Sampling step:  83%|████████▎ | 1664/2000 [00:20<00:04, 82.76it/s]Sampling step:  84%|████████▎ | 1673/2000 [00:20<00:03, 82.72it/s]Sampling step:  84%|████████▍ | 1682/2000 [00:20<00:03, 82.57it/s]Sampling step:  85%|████████▍ | 1691/2000 [00:20<00:03, 82.62it/s]Sampling step:  85%|████████▌ | 1700/2000 [00:20<00:03, 82.64it/s]Sampling step:  85%|████████▌ | 1709/2000 [00:20<00:03, 82.71it/s]Sampling step:  86%|████████▌ | 1718/2000 [00:20<00:03, 82.57it/s]Sampling step:  86%|████████▋ | 1727/2000 [00:20<00:03, 82.62it/s]Sampling step:  87%|████████▋ | 1736/2000 [00:20<00:03, 82.85it/s]Sampling step:  87%|████████▋ | 1745/2000 [00:21<00:03, 82.85it/s]Sampling step:  88%|████████▊ | 1754/2000 [00:21<00:02, 82.84it/s]Sampling step:  88%|████████▊ | 1763/2000 [00:21<00:02, 82.81it/s]Sampling step:  89%|████████▊ | 1772/2000 [00:21<00:02, 82.78it/s]Sampling step:  89%|████████▉ | 1781/2000 [00:21<00:02, 82.81it/s]Sampling step:  90%|████████▉ | 1790/2000 [00:21<00:02, 82.81it/s]Sampling step:  90%|████████▉ | 1799/2000 [00:21<00:02, 82.75it/s]Sampling step:  90%|█████████ | 1808/2000 [00:21<00:02, 82.75it/s]Sampling step:  91%|█████████ | 1817/2000 [00:21<00:02, 82.21it/s]Sampling step:  91%|█████████▏| 1826/2000 [00:22<00:02, 82.34it/s]Sampling step:  92%|█████████▏| 1835/2000 [00:22<00:01, 82.54it/s]Sampling step:  92%|█████████▏| 1844/2000 [00:22<00:01, 82.58it/s]Sampling step:  93%|█████████▎| 1853/2000 [00:22<00:01, 82.70it/s]Sampling step:  93%|█████████▎| 1862/2000 [00:22<00:01, 82.78it/s]Sampling step:  94%|█████████▎| 1871/2000 [00:22<00:01, 82.65it/s]Sampling step:  94%|█████████▍| 1880/2000 [00:22<00:01, 82.64it/s]Sampling step:  94%|█████████▍| 1889/2000 [00:22<00:01, 82.68it/s]Sampling step:  95%|█████████▍| 1898/2000 [00:22<00:01, 82.70it/s]Sampling step:  95%|█████████▌| 1907/2000 [00:23<00:01, 82.77it/s]Sampling step:  96%|█████████▌| 1916/2000 [00:23<00:01, 82.79it/s]Sampling step:  96%|█████████▋| 1925/2000 [00:23<00:00, 82.58it/s]Sampling step:  97%|█████████▋| 1934/2000 [00:23<00:00, 82.75it/s]Sampling step:  97%|█████████▋| 1943/2000 [00:23<00:00, 82.79it/s]Sampling step:  98%|█████████▊| 1952/2000 [00:23<00:00, 82.70it/s]Sampling step:  98%|█████████▊| 1961/2000 [00:23<00:00, 82.73it/s]Sampling step:  98%|█████████▊| 1970/2000 [00:23<00:00, 82.70it/s]Sampling step:  99%|█████████▉| 1979/2000 [00:23<00:00, 82.84it/s]Sampling step:  99%|█████████▉| 1988/2000 [00:24<00:00, 82.77it/s]Sampling step: 100%|█████████▉| 1997/2000 [00:24<00:00, 82.61it/s]Sampling step: 100%|██████████| 2000/2000 [00:24<00:00, 82.70it/s]
  [10/40] 0028: diffusion error  3.22 mm | non-rigid residual  0.68 mm
Sampling step:   0%|          | 0/2000 [00:00<?, ?it/s]Sampling step:   0%|          | 8/2000 [00:00<00:27, 73.71it/s]Sampling step:   1%|          | 17/2000 [00:00<00:25, 78.60it/s]Sampling step:   1%|▏         | 26/2000 [00:00<00:24, 80.47it/s]Sampling step:   2%|▏         | 35/2000 [00:00<00:24, 81.48it/s]Sampling step:   2%|▏         | 44/2000 [00:00<00:23, 81.95it/s]Sampling step:   3%|▎         | 53/2000 [00:00<00:23, 82.26it/s]Sampling step:   3%|▎         | 62/2000 [00:00<00:23, 82.30it/s]Sampling step:   4%|▎         | 71/2000 [00:00<00:23, 82.42it/s]Sampling step:   4%|▍         | 80/2000 [00:00<00:23, 82.57it/s]Sampling step:   4%|▍         | 89/2000 [00:01<00:23, 82.78it/s]Sampling step:   5%|▍         | 98/2000 [00:01<00:22, 82.77it/s]Sampling step:   5%|▌         | 107/2000 [00:01<00:22, 82.78it/s]Sampling step:   6%|▌         | 116/2000 [00:01<00:22, 82.73it/s]Sampling step:   6%|▋         | 125/2000 [00:01<00:22, 82.85it/s]Sampling step:   7%|▋         | 134/2000 [00:01<00:22, 82.87it/s]Sampling step:   7%|▋         | 143/2000 [00:01<00:22, 82.74it/s]Sampling step:   8%|▊         | 152/2000 [00:01<00:22, 82.84it/s]Sampling step:   8%|▊         | 161/2000 [00:01<00:22, 82.85it/s]Sampling step:   8%|▊         | 170/2000 [00:02<00:22, 82.83it/s]Sampling step:   9%|▉         | 179/2000 [00:02<00:22, 82.44it/s]Sampling step:   9%|▉         | 188/2000 [00:02<00:21, 82.36it/s]Sampling step:  10%|▉         | 197/2000 [00:02<00:21, 82.62it/s]Sampling step:  10%|█         | 206/2000 [00:02<00:21, 82.68it/s]Sampling step:  11%|█         | 215/2000 [00:02<00:21, 82.71it/s]Sampling step:  11%|█         | 224/2000 [00:02<00:21, 82.70it/s]Sampling step:  12%|█▏        | 233/2000 [00:02<00:21, 82.70it/s]Sampling step:  12%|█▏        | 242/2000 [00:02<00:21, 82.91it/s]Sampling step:  13%|█▎        | 251/2000 [00:03<00:21, 82.85it/s]Sampling step:  13%|█▎        | 260/2000 [00:03<00:20, 82.88it/s]Sampling step:  13%|█▎        | 269/2000 [00:03<00:20, 82.71it/s]Sampling step:  14%|█▍        | 278/2000 [00:03<00:20, 82.82it/s]Sampling step:  14%|█▍        | 287/2000 [00:03<00:20, 82.88it/s]Sampling step:  15%|█▍        | 296/2000 [00:03<00:20, 82.94it/s]Sampling step:  15%|█▌        | 305/2000 [00:03<00:20, 82.87it/s]Sampling step:  16%|█▌        | 314/2000 [00:03<00:20, 82.76it/s]Sampling step:  16%|█▌        | 323/2000 [00:03<00:20, 82.83it/s]Sampling step:  17%|█▋        | 332/2000 [00:04<00:20, 82.88it/s]Sampling step:  17%|█▋        | 341/2000 [00:04<00:20, 82.85it/s]Sampling step:  18%|█▊        | 350/2000 [00:04<00:19, 82.75it/s]Sampling step:  18%|█▊        | 359/2000 [00:04<00:19, 82.61it/s]Sampling step:  18%|█▊        | 368/2000 [00:04<00:19, 82.56it/s]Sampling step:  19%|█▉        | 377/2000 [00:04<00:19, 82.50it/s]Sampling step:  19%|█▉        | 386/2000 [00:04<00:19, 82.53it/s]Sampling step:  20%|█▉        | 395/2000 [00:04<00:19, 82.56it/s]Sampling step:  20%|██        | 404/2000 [00:04<00:19, 82.59it/s]Sampling step:  21%|██        | 413/2000 [00:05<00:19, 82.64it/s]Sampling step:  21%|██        | 422/2000 [00:05<00:19, 82.73it/s]Sampling step:  22%|██▏       | 431/2000 [00:05<00:19, 82.51it/s]Sampling step:  22%|██▏       | 440/2000 [00:05<00:18, 82.61it/s]Sampling step:  22%|██▏       | 449/2000 [00:05<00:18, 82.66it/s]Sampling step:  23%|██▎       | 458/2000 [00:05<00:18, 82.70it/s]Sampling step:  23%|██▎       | 467/2000 [00:05<00:18, 82.67it/s]Sampling step:  24%|██▍       | 476/2000 [00:05<00:18, 82.66it/s]Sampling step:  24%|██▍       | 485/2000 [00:05<00:18, 82.66it/s]Sampling step:  25%|██▍       | 494/2000 [00:05<00:18, 82.68it/s]Sampling step:  25%|██▌       | 503/2000 [00:06<00:18, 82.65it/s]Sampling step:  26%|██▌       | 512/2000 [00:06<00:18, 82.56it/s]Sampling step:  26%|██▌       | 521/2000 [00:06<00:17, 82.58it/s]Sampling step:  26%|██▋       | 530/2000 [00:06<00:17, 82.48it/s]Sampling step:  27%|██▋       | 539/2000 [00:06<00:17, 82.46it/s]Sampling step:  27%|██▋       | 548/2000 [00:06<00:17, 82.44it/s]Sampling step:  28%|██▊       | 557/2000 [00:06<00:17, 82.42it/s]Sampling step:  28%|██▊       | 566/2000 [00:06<00:17, 82.56it/s]Sampling step:  29%|██▉       | 575/2000 [00:06<00:17, 82.65it/s]Sampling step:  29%|██▉       | 584/2000 [00:07<00:17, 82.67it/s]Sampling step:  30%|██▉       | 593/2000 [00:07<00:17, 82.70it/s]Sampling step:  30%|███       | 602/2000 [00:07<00:16, 82.71it/s]Sampling step:  31%|███       | 611/2000 [00:07<00:16, 82.67it/s]Sampling step:  31%|███       | 620/2000 [00:07<00:16, 82.68it/s]Sampling step:  31%|███▏      | 629/2000 [00:07<00:16, 82.83it/s]Sampling step:  32%|███▏      | 638/2000 [00:07<00:16, 82.80it/s]Sampling step:  32%|███▏      | 647/2000 [00:07<00:16, 82.73it/s]Sampling step:  33%|███▎      | 656/2000 [00:07<00:16, 82.85it/s]Sampling step:  33%|███▎      | 665/2000 [00:08<00:16, 82.96it/s]Sampling step:  34%|███▎      | 674/2000 [00:08<00:15, 82.98it/s]Sampling step:  34%|███▍      | 683/2000 [00:08<00:15, 82.75it/s]Sampling step:  35%|███▍      | 692/2000 [00:08<00:15, 82.82it/s]Sampling step:  35%|███▌      | 701/2000 [00:08<00:15, 82.80it/s]Sampling step:  36%|███▌      | 710/2000 [00:08<00:15, 82.58it/s]Sampling step:  36%|███▌      | 719/2000 [00:08<00:15, 82.62it/s]Sampling step:  36%|███▋      | 728/2000 [00:08<00:15, 82.68it/s]Sampling step:  37%|███▋      | 737/2000 [00:08<00:15, 82.75it/s]Sampling step:  37%|███▋      | 746/2000 [00:09<00:15, 82.84it/s]Sampling step:  38%|███▊      | 755/2000 [00:09<00:15, 82.84it/s]Sampling step:  38%|███▊      | 764/2000 [00:09<00:14, 82.63it/s]Sampling step:  39%|███▊      | 773/2000 [00:09<00:14, 82.75it/s]Sampling step:  39%|███▉      | 782/2000 [00:09<00:14, 82.78it/s]Sampling step:  40%|███▉      | 791/2000 [00:09<00:14, 82.81it/s]Sampling step:  40%|████      | 800/2000 [00:09<00:14, 82.88it/s]Sampling step:  40%|████      | 809/2000 [00:09<00:14, 82.73it/s]Sampling step:  41%|████      | 818/2000 [00:09<00:14, 82.50it/s]Sampling step:  41%|████▏     | 827/2000 [00:10<00:14, 82.41it/s]Sampling step:  42%|████▏     | 836/2000 [00:10<00:14, 82.40it/s]Sampling step:  42%|████▏     | 845/2000 [00:10<00:14, 82.30it/s]Sampling step:  43%|████▎     | 854/2000 [00:10<00:13, 82.43it/s]Sampling step:  43%|████▎     | 863/2000 [00:10<00:13, 82.55it/s]Sampling step:  44%|████▎     | 872/2000 [00:10<00:13, 82.60it/s]Sampling step:  44%|████▍     | 881/2000 [00:10<00:13, 82.66it/s]Sampling step:  44%|████▍     | 890/2000 [00:10<00:13, 82.30it/s]Sampling step:  45%|████▍     | 899/2000 [00:10<00:13, 82.47it/s]Sampling step:  45%|████▌     | 908/2000 [00:10<00:13, 82.64it/s]Sampling step:  46%|████▌     | 917/2000 [00:11<00:13, 82.76it/s]Sampling step:  46%|████▋     | 926/2000 [00:11<00:13, 82.60it/s]Sampling step:  47%|████▋     | 935/2000 [00:11<00:12, 82.82it/s]Sampling step:  47%|████▋     | 944/2000 [00:11<00:12, 82.79it/s]Sampling step:  48%|████▊     | 953/2000 [00:11<00:12, 82.82it/s]Sampling step:  48%|████▊     | 962/2000 [00:11<00:12, 82.82it/s]Sampling step:  49%|████▊     | 971/2000 [00:11<00:12, 82.84it/s]Sampling step:  49%|████▉     | 980/2000 [00:11<00:12, 82.90it/s]Sampling step:  49%|████▉     | 989/2000 [00:11<00:12, 82.99it/s]Sampling step:  50%|████▉     | 998/2000 [00:12<00:12, 82.88it/s]Sampling step:  50%|█████     | 1007/2000 [00:12<00:12, 82.73it/s]Sampling step:  51%|█████     | 1016/2000 [00:12<00:11, 82.76it/s]Sampling step:  51%|█████▏    | 1025/2000 [00:12<00:11, 82.80it/s]Sampling step:  52%|█████▏    | 1034/2000 [00:12<00:11, 82.91it/s]Sampling step:  52%|█████▏    | 1043/2000 [00:12<00:11, 82.92it/s]Sampling step:  53%|█████▎    | 1052/2000 [00:12<00:11, 82.75it/s]Sampling step:  53%|█████▎    | 1061/2000 [00:12<00:11, 82.44it/s]Sampling step:  54%|█████▎    | 1070/2000 [00:12<00:11, 82.44it/s]Sampling step:  54%|█████▍    | 1079/2000 [00:13<00:11, 82.53it/s]Sampling step:  54%|█████▍    | 1088/2000 [00:13<00:11, 82.64it/s]Sampling step:  55%|█████▍    | 1097/2000 [00:13<00:10, 82.79it/s]Sampling step:  55%|█████▌    | 1106/2000 [00:13<00:10, 82.76it/s]Sampling step:  56%|█████▌    | 1115/2000 [00:13<00:10, 82.78it/s]Sampling step:  56%|█████▌    | 1124/2000 [00:13<00:10, 82.88it/s]Sampling step:  57%|█████▋    | 1133/2000 [00:13<00:10, 82.82it/s]Sampling step:  57%|█████▋    | 1142/2000 [00:13<00:10, 82.74it/s]Sampling step:  58%|█████▊    | 1151/2000 [00:13<00:10, 82.69it/s]Sampling step:  58%|█████▊    | 1160/2000 [00:14<00:10, 82.64it/s]Sampling step:  58%|█████▊    | 1169/2000 [00:14<00:10, 82.70it/s]Sampling step:  59%|█████▉    | 1178/2000 [00:14<00:09, 82.66it/s]Sampling step:  59%|█████▉    | 1187/2000 [00:14<00:09, 82.54it/s]Sampling step:  60%|█████▉    | 1196/2000 [00:14<00:09, 82.65it/s]Sampling step:  60%|██████    | 1205/2000 [00:14<00:09, 82.73it/s]Sampling step:  61%|██████    | 1214/2000 [00:14<00:09, 82.81it/s]Sampling step:  61%|██████    | 1223/2000 [00:14<00:09, 82.75it/s]Sampling step:  62%|██████▏   | 1232/2000 [00:14<00:09, 82.68it/s]Sampling step:  62%|██████▏   | 1241/2000 [00:15<00:09, 82.26it/s]Sampling step:  62%|██████▎   | 1250/2000 [00:15<00:09, 82.39it/s]Sampling step:  63%|██████▎   | 1259/2000 [00:15<00:08, 82.36it/s]Sampling step:  63%|██████▎   | 1268/2000 [00:15<00:08, 82.56it/s]Sampling step:  64%|██████▍   | 1277/2000 [00:15<00:08, 82.76it/s]Sampling step:  64%|██████▍   | 1286/2000 [00:15<00:08, 82.84it/s]Sampling step:  65%|██████▍   | 1295/2000 [00:15<00:08, 82.89it/s]Sampling step:  65%|██████▌   | 1304/2000 [00:15<00:08, 82.78it/s]Sampling step:  66%|██████▌   | 1313/2000 [00:15<00:08, 82.91it/s]Sampling step:  66%|██████▌   | 1322/2000 [00:15<00:08, 83.06it/s]Sampling step:  67%|██████▋   | 1331/2000 [00:16<00:08, 82.99it/s]Sampling step:  67%|██████▋   | 1340/2000 [00:16<00:07, 82.94it/s]Sampling step:  67%|██████▋   | 1349/2000 [00:16<00:07, 82.95it/s]Sampling step:  68%|██████▊   | 1358/2000 [00:16<00:07, 82.98it/s]Sampling step:  68%|██████▊   | 1367/2000 [00:16<00:07, 83.10it/s]Sampling step:  69%|██████▉   | 1376/2000 [00:16<00:07, 83.04it/s]Sampling step:  69%|██████▉   | 1385/2000 [00:16<00:07, 82.92it/s]Sampling step:  70%|██████▉   | 1394/2000 [00:16<00:07, 82.94it/s]Sampling step:  70%|███████   | 1403/2000 [00:16<00:07, 82.98it/s]Sampling step:  71%|███████   | 1412/2000 [00:17<00:07, 82.81it/s]Sampling step:  71%|███████   | 1421/2000 [00:17<00:07, 82.66it/s]Sampling step:  72%|███████▏  | 1430/2000 [00:17<00:06, 82.59it/s]Sampling step:  72%|███████▏  | 1439/2000 [00:17<00:06, 82.78it/s]Sampling step:  72%|███████▏  | 1448/2000 [00:17<00:06, 82.89it/s]Sampling step:  73%|███████▎  | 1457/2000 [00:17<00:06, 82.91it/s]Sampling step:  73%|███████▎  | 1466/2000 [00:17<00:06, 82.90it/s]Sampling step:  74%|███████▍  | 1475/2000 [00:17<00:06, 82.93it/s]Sampling step:  74%|███████▍  | 1484/2000 [00:17<00:06, 82.89it/s]Sampling step:  75%|███████▍  | 1493/2000 [00:18<00:06, 82.84it/s]Sampling step:  75%|███████▌  | 1502/2000 [00:18<00:06, 82.92it/s]Sampling step:  76%|███████▌  | 1511/2000 [00:18<00:05, 82.81it/s]Sampling step:  76%|███████▌  | 1520/2000 [00:18<00:05, 82.86it/s]Sampling step:  76%|███████▋  | 1529/2000 [00:18<00:05, 82.97it/s]Sampling step:  77%|███████▋  | 1538/2000 [00:18<00:05, 83.02it/s]Sampling step:  77%|███████▋  | 1547/2000 [00:18<00:05, 82.88it/s]Sampling step:  78%|███████▊  | 1556/2000 [00:18<00:05, 82.97it/s]Sampling step:  78%|███████▊  | 1565/2000 [00:18<00:05, 82.90it/s]Sampling step:  79%|███████▊  | 1574/2000 [00:19<00:05, 82.94it/s]Sampling step:  79%|███████▉  | 1583/2000 [00:19<00:05, 83.04it/s]Sampling step:  80%|███████▉  | 1592/2000 [00:19<00:04, 82.77it/s]Sampling step:  80%|████████  | 1601/2000 [00:19<00:04, 82.70it/s]Sampling step:  80%|████████  | 1610/2000 [00:19<00:04, 82.80it/s]Sampling step:  81%|████████  | 1619/2000 [00:19<00:04, 82.94it/s]Sampling step:  81%|████████▏ | 1628/2000 [00:19<00:04, 82.90it/s]Sampling step:  82%|████████▏ | 1637/2000 [00:19<00:04, 82.78it/s]Sampling step:  82%|████████▏ | 1646/2000 [00:19<00:04, 82.91it/s]Sampling step:  83%|████████▎ | 1655/2000 [00:20<00:04, 82.94it/s]Sampling step:  83%|████████▎ | 1664/2000 [00:20<00:04, 82.93it/s]Sampling step:  84%|████████▎ | 1673/2000 [00:20<00:03, 82.81it/s]Sampling step:  84%|████████▍ | 1682/2000 [00:20<00:03, 82.75it/s]Sampling step:  85%|████████▍ | 1691/2000 [00:20<00:03, 82.79it/s]Sampling step:  85%|████████▌ | 1700/2000 [00:20<00:03, 82.84it/s]Sampling step:  85%|████████▌ | 1709/2000 [00:20<00:03, 82.86it/s]Sampling step:  86%|████████▌ | 1718/2000 [00:20<00:03, 82.77it/s]Sampling step:  86%|████████▋ | 1727/2000 [00:20<00:03, 82.76it/s]Sampling step:  87%|████████▋ | 1736/2000 [00:20<00:03, 82.91it/s]Sampling step:  87%|████████▋ | 1745/2000 [00:21<00:03, 82.47it/s]Sampling step:  88%|████████▊ | 1754/2000 [00:21<00:02, 82.40it/s]Sampling step:  88%|████████▊ | 1763/2000 [00:21<00:02, 82.33it/s]Sampling step:  89%|████████▊ | 1772/2000 [00:21<00:02, 82.48it/s]Sampling step:  89%|████████▉ | 1781/2000 [00:21<00:02, 82.46it/s]Sampling step:  90%|████████▉ | 1790/2000 [00:21<00:02, 82.51it/s]Sampling step:  90%|████████▉ | 1799/2000 [00:21<00:02, 82.45it/s]Sampling step:  90%|█████████ | 1808/2000 [00:21<00:02, 82.46it/s]Sampling step:  91%|█████████ | 1817/2000 [00:21<00:02, 82.57it/s]Sampling step:  91%|█████████▏| 1826/2000 [00:22<00:02, 82.65it/s]Sampling step:  92%|█████████▏| 1835/2000 [00:22<00:01, 82.58it/s]Sampling step:  92%|█████████▏| 1844/2000 [00:22<00:01, 82.53it/s]Sampling step:  93%|█████████▎| 1853/2000 [00:22<00:01, 82.62it/s]Sampling step:  93%|█████████▎| 1862/2000 [00:22<00:01, 82.77it/s]Sampling step:  94%|█████████▎| 1871/2000 [00:22<00:01, 82.76it/s]Sampling step:  94%|█████████▍| 1880/2000 [00:22<00:01, 82.64it/s]Sampling step:  94%|█████████▍| 1889/2000 [00:22<00:01, 82.61it/s]Sampling step:  95%|█████████▍| 1898/2000 [00:22<00:01, 82.65it/s]Sampling step:  95%|█████████▌| 1907/2000 [00:23<00:01, 82.72it/s]Sampling step:  96%|█████████▌| 1916/2000 [00:23<00:01, 82.79it/s]Sampling step:  96%|█████████▋| 1925/2000 [00:23<00:00, 82.73it/s]Sampling step:  97%|█████████▋| 1934/2000 [00:23<00:00, 82.75it/s]Sampling step:  97%|█████████▋| 1943/2000 [00:23<00:00, 82.69it/s]Sampling step:  98%|█████████▊| 1952/2000 [00:23<00:00, 82.65it/s]Sampling step:  98%|█████████▊| 1961/2000 [00:23<00:00, 82.79it/s]Sampling step:  98%|█████████▊| 1970/2000 [00:23<00:00, 82.88it/s]Sampling step:  99%|█████████▉| 1979/2000 [00:23<00:00, 82.77it/s]Sampling step:  99%|█████████▉| 1988/2000 [00:24<00:00, 82.77it/s]Sampling step: 100%|█████████▉| 1997/2000 [00:24<00:00, 82.83it/s]Sampling step: 100%|██████████| 2000/2000 [00:24<00:00, 82.69it/s]
  [11/40] 0030: diffusion error  2.73 mm | non-rigid residual  0.51 mm
Sampling step:   0%|          | 0/2000 [00:00<?, ?it/s]Sampling step:   0%|          | 8/2000 [00:00<00:26, 74.44it/s]Sampling step:   1%|          | 17/2000 [00:00<00:24, 79.51it/s]Sampling step:   1%|▏         | 26/2000 [00:00<00:24, 81.17it/s]Sampling step:   2%|▏         | 35/2000 [00:00<00:24, 81.80it/s]Sampling step:   2%|▏         | 44/2000 [00:00<00:23, 82.16it/s]Sampling step:   3%|▎         | 53/2000 [00:00<00:23, 82.45it/s]Sampling step:   3%|▎         | 62/2000 [00:00<00:23, 82.51it/s]Sampling step:   4%|▎         | 71/2000 [00:00<00:23, 82.59it/s]Sampling step:   4%|▍         | 80/2000 [00:00<00:23, 82.41it/s]Sampling step:   4%|▍         | 89/2000 [00:01<00:23, 82.54it/s]Sampling step:   5%|▍         | 98/2000 [00:01<00:22, 82.83it/s]Sampling step:   5%|▌         | 107/2000 [00:01<00:22, 82.75it/s]Sampling step:   6%|▌         | 116/2000 [00:01<00:22, 82.97it/s]Sampling step:   6%|▋         | 125/2000 [00:01<00:22, 82.88it/s]Sampling step:   7%|▋         | 134/2000 [00:01<00:22, 82.91it/s]Sampling step:   7%|▋         | 143/2000 [00:01<00:22, 82.78it/s]Sampling step:   8%|▊         | 152/2000 [00:01<00:22, 82.82it/s]Sampling step:   8%|▊         | 161/2000 [00:01<00:22, 82.84it/s]Sampling step:   8%|▊         | 170/2000 [00:02<00:22, 82.85it/s]Sampling step:   9%|▉         | 179/2000 [00:02<00:21, 82.94it/s]Sampling step:   9%|▉         | 188/2000 [00:02<00:21, 82.92it/s]Sampling step:  10%|▉         | 197/2000 [00:02<00:21, 82.97it/s]Sampling step:  10%|█         | 206/2000 [00:02<00:21, 82.99it/s]Sampling step:  11%|█         | 215/2000 [00:02<00:21, 82.95it/s]Sampling step:  11%|█         | 224/2000 [00:02<00:21, 82.85it/s]Sampling step:  12%|█▏        | 233/2000 [00:02<00:21, 82.87it/s]Sampling step:  12%|█▏        | 242/2000 [00:02<00:21, 82.88it/s]Sampling step:  13%|█▎        | 251/2000 [00:03<00:21, 82.84it/s]Sampling step:  13%|█▎        | 260/2000 [00:03<00:21, 82.73it/s]Sampling step:  13%|█▎        | 269/2000 [00:03<00:20, 82.59it/s]Sampling step:  14%|█▍        | 278/2000 [00:03<00:20, 82.54it/s]Sampling step:  14%|█▍        | 287/2000 [00:03<00:20, 82.65it/s]Sampling step:  15%|█▍        | 296/2000 [00:03<00:20, 82.72it/s]Sampling step:  15%|█▌        | 305/2000 [00:03<00:20, 82.67it/s]Sampling step:  16%|█▌        | 314/2000 [00:03<00:20, 82.68it/s]Sampling step:  16%|█▌        | 323/2000 [00:03<00:20, 82.66it/s]Sampling step:  17%|█▋        | 332/2000 [00:04<00:20, 82.76it/s]Sampling step:  17%|█▋        | 341/2000 [00:04<00:20, 82.75it/s]Sampling step:  18%|█▊        | 350/2000 [00:04<00:19, 82.67it/s]Sampling step:  18%|█▊        | 359/2000 [00:04<00:19, 82.69it/s]Sampling step:  18%|█▊        | 368/2000 [00:04<00:19, 82.71it/s]Sampling step:  19%|█▉        | 377/2000 [00:04<00:19, 82.76it/s]Sampling step:  19%|█▉        | 386/2000 [00:04<00:19, 82.69it/s]Sampling step:  20%|█▉        | 395/2000 [00:04<00:19, 82.63it/s]Sampling step:  20%|██        | 404/2000 [00:04<00:19, 82.75it/s]Sampling step:  21%|██        | 413/2000 [00:04<00:19, 82.83it/s]Sampling step:  21%|██        | 422/2000 [00:05<00:19, 82.84it/s]Sampling step:  22%|██▏       | 431/2000 [00:05<00:18, 82.81it/s]Sampling step:  22%|██▏       | 440/2000 [00:05<00:18, 82.77it/s]Sampling step:  22%|██▏       | 449/2000 [00:05<00:18, 82.77it/s]Sampling step:  23%|██▎       | 458/2000 [00:05<00:18, 82.76it/s]Sampling step:  23%|██▎       | 467/2000 [00:05<00:18, 82.82it/s]Sampling step:  24%|██▍       | 476/2000 [00:05<00:18, 82.80it/s]Sampling step:  24%|██▍       | 485/2000 [00:05<00:18, 82.76it/s]Sampling step:  25%|██▍       | 494/2000 [00:05<00:18, 82.82it/s]Sampling step:  25%|██▌       | 503/2000 [00:06<00:18, 82.93it/s]Sampling step:  26%|██▌       | 512/2000 [00:06<00:17, 82.85it/s]Sampling step:  26%|██▌       | 521/2000 [00:06<00:17, 82.69it/s]Sampling step:  26%|██▋       | 530/2000 [00:06<00:17, 82.74it/s]Sampling step:  27%|██▋       | 539/2000 [00:06<00:17, 82.72it/s]Sampling step:  27%|██▋       | 548/2000 [00:06<00:17, 82.79it/s]Sampling step:  28%|██▊       | 557/2000 [00:06<00:17, 82.74it/s]Sampling step:  28%|██▊       | 566/2000 [00:06<00:17, 82.87it/s]Sampling step:  29%|██▉       | 575/2000 [00:06<00:17, 82.88it/s]Sampling step:  29%|██▉       | 584/2000 [00:07<00:17, 82.85it/s]Sampling step:  30%|██▉       | 593/2000 [00:07<00:16, 82.91it/s]Sampling step:  30%|███       | 602/2000 [00:07<00:16, 82.92it/s]Sampling step:  31%|███       | 611/2000 [00:07<00:16, 82.82it/s]Sampling step:  31%|███       | 620/2000 [00:07<00:16, 82.80it/s]Sampling step:  31%|███▏      | 629/2000 [00:07<00:16, 82.74it/s]Sampling step:  32%|███▏      | 638/2000 [00:07<00:16, 82.67it/s]Sampling step:  32%|███▏      | 647/2000 [00:07<00:16, 82.71it/s]Sampling step:  33%|███▎      | 656/2000 [00:07<00:16, 82.68it/s]Sampling step:  33%|███▎      | 665/2000 [00:08<00:16, 82.69it/s]Sampling step:  34%|███▎      | 674/2000 [00:08<00:16, 82.66it/s]Sampling step:  34%|███▍      | 683/2000 [00:08<00:15, 82.69it/s]Sampling step:  35%|███▍      | 692/2000 [00:08<00:15, 82.66it/s]Sampling step:  35%|███▌      | 701/2000 [00:08<00:15, 82.71it/s]Sampling step:  36%|███▌      | 710/2000 [00:08<00:15, 82.65it/s]Sampling step:  36%|███▌      | 719/2000 [00:08<00:15, 82.68it/s]Sampling step:  36%|███▋      | 728/2000 [00:08<00:15, 82.78it/s]Sampling step:  37%|███▋      | 737/2000 [00:08<00:15, 82.86it/s]Sampling step:  37%|███▋      | 746/2000 [00:09<00:15, 82.77it/s]Sampling step:  38%|███▊      | 755/2000 [00:09<00:15, 82.85it/s]Sampling step:  38%|███▊      | 764/2000 [00:09<00:14, 82.72it/s]Sampling step:  39%|███▊      | 773/2000 [00:09<00:14, 82.72it/s]Sampling step:  39%|███▉      | 782/2000 [00:09<00:14, 82.84it/s]Sampling step:  40%|███▉      | 791/2000 [00:09<00:14, 82.76it/s]Sampling step:  40%|████      | 800/2000 [00:09<00:14, 82.74it/s]Sampling step:  40%|████      | 809/2000 [00:09<00:14, 82.63it/s]Sampling step:  41%|████      | 818/2000 [00:09<00:14, 82.67it/s]Sampling step:  41%|████▏     | 827/2000 [00:10<00:14, 82.83it/s]Sampling step:  42%|████▏     | 836/2000 [00:10<00:14, 82.79it/s]Sampling step:  42%|████▏     | 845/2000 [00:10<00:13, 82.70it/s]Sampling step:  43%|████▎     | 854/2000 [00:10<00:13, 82.72it/s]Sampling step:  43%|████▎     | 863/2000 [00:10<00:13, 82.75it/s]Sampling step:  44%|████▎     | 872/2000 [00:10<00:13, 82.77it/s]Sampling step:  44%|████▍     | 881/2000 [00:10<00:13, 82.86it/s]Sampling step:  44%|████▍     | 890/2000 [00:10<00:13, 82.74it/s]Sampling step:  45%|████▍     | 899/2000 [00:10<00:13, 82.84it/s]Sampling step:  45%|████▌     | 908/2000 [00:10<00:13, 82.82it/s]Sampling step:  46%|████▌     | 917/2000 [00:11<00:13, 82.83it/s]Sampling step:  46%|████▋     | 926/2000 [00:11<00:12, 82.81it/s]Sampling step:  47%|████▋     | 935/2000 [00:11<00:12, 82.75it/s]Sampling step:  47%|████▋     | 944/2000 [00:11<00:12, 82.81it/s]Sampling step:  48%|████▊     | 953/2000 [00:11<00:12, 82.79it/s]Sampling step:  48%|████▊     | 962/2000 [00:11<00:12, 82.67it/s]Sampling step:  49%|████▊     | 971/2000 [00:11<00:12, 82.53it/s]Sampling step:  49%|████▉     | 980/2000 [00:11<00:12, 82.56it/s]Sampling step:  49%|████▉     | 989/2000 [00:11<00:12, 82.61it/s]Sampling step:  50%|████▉     | 998/2000 [00:12<00:12, 82.75it/s]Sampling step:  50%|█████     | 1007/2000 [00:12<00:11, 82.84it/s]Sampling step:  51%|█████     | 1016/2000 [00:12<00:11, 82.72it/s]Sampling step:  51%|█████▏    | 1025/2000 [00:12<00:11, 82.81it/s]Sampling step:  52%|█████▏    | 1034/2000 [00:12<00:11, 82.87it/s]Sampling step:  52%|█████▏    | 1043/2000 [00:12<00:11, 82.95it/s]Sampling step:  53%|█████▎    | 1052/2000 [00:12<00:11, 82.99it/s]Sampling step:  53%|█████▎    | 1061/2000 [00:12<00:11, 82.94it/s]Sampling step:  54%|█████▎    | 1070/2000 [00:12<00:11, 82.77it/s]Sampling step:  54%|█████▍    | 1079/2000 [00:13<00:11, 82.87it/s]Sampling step:  54%|█████▍    | 1088/2000 [00:13<00:10, 82.93it/s]Sampling step:  55%|█████▍    | 1097/2000 [00:13<00:10, 82.70it/s]Sampling step:  55%|█████▌    | 1106/2000 [00:13<00:10, 82.57it/s]Sampling step:  56%|█████▌    | 1115/2000 [00:13<00:10, 82.59it/s]Sampling step:  56%|█████▌    | 1124/2000 [00:13<00:10, 82.60it/s]Sampling step:  57%|█████▋    | 1133/2000 [00:13<00:10, 82.64it/s]Sampling step:  57%|█████▋    | 1142/2000 [00:13<00:10, 82.41it/s]Sampling step:  58%|█████▊    | 1151/2000 [00:13<00:10, 82.60it/s]Sampling step:  58%|█████▊    | 1160/2000 [00:14<00:10, 82.61it/s]Sampling step:  58%|█████▊    | 1169/2000 [00:14<00:10, 82.66it/s]Sampling step:  59%|█████▉    | 1178/2000 [00:14<00:09, 82.46it/s]Sampling step:  59%|█████▉    | 1187/2000 [00:14<00:09, 82.49it/s]Sampling step:  60%|█████▉    | 1196/2000 [00:14<00:09, 82.51it/s]Sampling step:  60%|██████    | 1205/2000 [00:14<00:09, 82.60it/s]Sampling step:  61%|██████    | 1214/2000 [00:14<00:09, 82.62it/s]Sampling step:  61%|██████    | 1223/2000 [00:14<00:09, 82.66it/s]Sampling step:  62%|██████▏   | 1232/2000 [00:14<00:09, 82.84it/s]Sampling step:  62%|██████▏   | 1241/2000 [00:15<00:09, 82.92it/s]Sampling step:  62%|██████▎   | 1250/2000 [00:15<00:09, 82.81it/s]Sampling step:  63%|██████▎   | 1259/2000 [00:15<00:08, 82.70it/s]Sampling step:  63%|██████▎   | 1268/2000 [00:15<00:08, 82.68it/s]Sampling step:  64%|██████▍   | 1277/2000 [00:15<00:08, 82.69it/s]Sampling step:  64%|██████▍   | 1286/2000 [00:15<00:08, 82.83it/s]Sampling step:  65%|██████▍   | 1295/2000 [00:15<00:08, 82.75it/s]Sampling step:  65%|██████▌   | 1304/2000 [00:15<00:08, 82.75it/s]Sampling step:  66%|██████▌   | 1313/2000 [00:15<00:08, 82.41it/s]Sampling step:  66%|██████▌   | 1322/2000 [00:15<00:08, 82.55it/s]Sampling step:  67%|██████▋   | 1331/2000 [00:16<00:08, 82.68it/s]Sampling step:  67%|██████▋   | 1340/2000 [00:16<00:07, 82.51it/s]Sampling step:  67%|██████▋   | 1349/2000 [00:16<00:07, 82.52it/s]Sampling step:  68%|██████▊   | 1358/2000 [00:16<00:07, 82.67it/s]Sampling step:  68%|██████▊   | 1367/2000 [00:16<00:07, 82.83it/s]Sampling step:  69%|██████▉   | 1376/2000 [00:16<00:07, 82.87it/s]Sampling step:  69%|██████▉   | 1385/2000 [00:16<00:07, 82.88it/s]Sampling step:  70%|██████▉   | 1394/2000 [00:16<00:07, 82.82it/s]Sampling step:  70%|███████   | 1403/2000 [00:16<00:07, 82.95it/s]Sampling step:  71%|███████   | 1412/2000 [00:17<00:07, 82.87it/s]Sampling step:  71%|███████   | 1421/2000 [00:17<00:06, 82.87it/s]Sampling step:  72%|███████▏  | 1430/2000 [00:17<00:06, 82.79it/s]Sampling step:  72%|███████▏  | 1439/2000 [00:17<00:06, 82.78it/s]Sampling step:  72%|███████▏  | 1448/2000 [00:17<00:06, 82.82it/s]Sampling step:  73%|███████▎  | 1457/2000 [00:17<00:06, 82.81it/s]Sampling step:  73%|███████▎  | 1466/2000 [00:17<00:06, 82.69it/s]Sampling step:  74%|███████▍  | 1475/2000 [00:17<00:06, 82.71it/s]Sampling step:  74%|███████▍  | 1484/2000 [00:17<00:06, 82.81it/s]Sampling step:  75%|███████▍  | 1493/2000 [00:18<00:06, 82.34it/s]Sampling step:  75%|███████▌  | 1502/2000 [00:18<00:06, 82.41it/s]Sampling step:  76%|███████▌  | 1511/2000 [00:18<00:05, 82.41it/s]Sampling step:  76%|███████▌  | 1520/2000 [00:18<00:05, 82.71it/s]Sampling step:  76%|███████▋  | 1529/2000 [00:18<00:05, 82.78it/s]Sampling step:  77%|███████▋  | 1538/2000 [00:18<00:05, 82.82it/s]Sampling step:  77%|███████▋  | 1547/2000 [00:18<00:05, 82.67it/s]Sampling step:  78%|███████▊  | 1556/2000 [00:18<00:05, 82.76it/s]Sampling step:  78%|███████▊  | 1565/2000 [00:18<00:05, 82.87it/s]Sampling step:  79%|███████▊  | 1574/2000 [00:19<00:05, 82.97it/s]Sampling step:  79%|███████▉  | 1583/2000 [00:19<00:05, 82.94it/s]Sampling step:  80%|███████▉  | 1592/2000 [00:19<00:04, 82.82it/s]Sampling step:  80%|████████  | 1601/2000 [00:19<00:04, 82.84it/s]Sampling step:  80%|████████  | 1610/2000 [00:19<00:04, 82.90it/s]Sampling step:  81%|████████  | 1619/2000 [00:19<00:04, 83.07it/s]Sampling step:  81%|████████▏ | 1628/2000 [00:19<00:04, 82.99it/s]Sampling step:  82%|████████▏ | 1637/2000 [00:19<00:04, 82.90it/s]Sampling step:  82%|████████▏ | 1646/2000 [00:19<00:04, 82.95it/s]Sampling step:  83%|████████▎ | 1655/2000 [00:20<00:04, 83.04it/s]Sampling step:  83%|████████▎ | 1664/2000 [00:20<00:04, 83.02it/s]Sampling step:  84%|████████▎ | 1673/2000 [00:20<00:03, 82.84it/s]Sampling step:  84%|████████▍ | 1682/2000 [00:20<00:03, 82.84it/s]Sampling step:  85%|████████▍ | 1691/2000 [00:20<00:03, 82.95it/s]Sampling step:  85%|████████▌ | 1700/2000 [00:20<00:03, 82.99it/s]Sampling step:  85%|████████▌ | 1709/2000 [00:20<00:03, 82.96it/s]Sampling step:  86%|████████▌ | 1718/2000 [00:20<00:03, 82.85it/s]Sampling step:  86%|████████▋ | 1727/2000 [00:20<00:03, 82.95it/s]Sampling step:  87%|████████▋ | 1736/2000 [00:20<00:03, 83.13it/s]Sampling step:  87%|████████▋ | 1745/2000 [00:21<00:03, 83.17it/s]Sampling step:  88%|████████▊ | 1754/2000 [00:21<00:02, 83.00it/s]Sampling step:  88%|████████▊ | 1763/2000 [00:21<00:02, 82.91it/s]Sampling step:  89%|████████▊ | 1772/2000 [00:21<00:02, 82.85it/s]Sampling step:  89%|████████▉ | 1781/2000 [00:21<00:02, 82.81it/s]Sampling step:  90%|████████▉ | 1790/2000 [00:21<00:02, 82.80it/s]Sampling step:  90%|████████▉ | 1799/2000 [00:21<00:02, 82.83it/s]Sampling step:  90%|█████████ | 1808/2000 [00:21<00:02, 82.86it/s]Sampling step:  91%|█████████ | 1817/2000 [00:21<00:02, 82.98it/s]Sampling step:  91%|█████████▏| 1826/2000 [00:22<00:02, 83.01it/s]Sampling step:  92%|█████████▏| 1835/2000 [00:22<00:01, 83.00it/s]Sampling step:  92%|█████████▏| 1844/2000 [00:22<00:01, 82.70it/s]Sampling step:  93%|█████████▎| 1853/2000 [00:22<00:01, 82.69it/s]Sampling step:  93%|█████████▎| 1862/2000 [00:22<00:01, 82.85it/s]Sampling step:  94%|█████████▎| 1871/2000 [00:22<00:01, 82.97it/s]Sampling step:  94%|█████████▍| 1880/2000 [00:22<00:01, 82.92it/s]Sampling step:  94%|█████████▍| 1889/2000 [00:22<00:01, 82.93it/s]Sampling step:  95%|█████████▍| 1898/2000 [00:22<00:01, 83.05it/s]Sampling step:  95%|█████████▌| 1907/2000 [00:23<00:01, 83.06it/s]Sampling step:  96%|█████████▌| 1916/2000 [00:23<00:01, 83.05it/s]Sampling step:  96%|█████████▋| 1925/2000 [00:23<00:00, 83.04it/s]Sampling step:  97%|█████████▋| 1934/2000 [00:23<00:00, 82.97it/s]Sampling step:  97%|█████████▋| 1943/2000 [00:23<00:00, 82.96it/s]Sampling step:  98%|█████████▊| 1952/2000 [00:23<00:00, 83.05it/s]Sampling step:  98%|█████████▊| 1961/2000 [00:23<00:00, 83.04it/s]Sampling step:  98%|█████████▊| 1970/2000 [00:23<00:00, 82.96it/s]Sampling step:  99%|█████████▉| 1979/2000 [00:23<00:00, 83.02it/s]Sampling step:  99%|█████████▉| 1988/2000 [00:24<00:00, 83.00it/s]Sampling step: 100%|█████████▉| 1997/2000 [00:24<00:00, 83.12it/s]Sampling step: 100%|██████████| 2000/2000 [00:24<00:00, 82.76it/s]
  [12/40] 0032: diffusion error  4.39 mm | non-rigid residual  0.69 mm
Sampling step:   0%|          | 0/2000 [00:00<?, ?it/s]Sampling step:   0%|          | 8/2000 [00:00<00:26, 74.58it/s]Sampling step:   1%|          | 17/2000 [00:00<00:25, 79.11it/s]Sampling step:   1%|▏         | 26/2000 [00:00<00:24, 80.72it/s]Sampling step:   2%|▏         | 35/2000 [00:00<00:24, 81.54it/s]Sampling step:   2%|▏         | 44/2000 [00:00<00:23, 81.98it/s]Sampling step:   3%|▎         | 53/2000 [00:00<00:23, 82.14it/s]Sampling step:   3%|▎         | 62/2000 [00:00<00:23, 82.37it/s]Sampling step:   4%|▎         | 71/2000 [00:00<00:23, 82.35it/s]Sampling step:   4%|▍         | 80/2000 [00:00<00:23, 82.37it/s]Sampling step:   4%|▍         | 89/2000 [00:01<00:23, 82.50it/s]Sampling step:   5%|▍         | 98/2000 [00:01<00:23, 82.47it/s]Sampling step:   5%|▌         | 107/2000 [00:01<00:22, 82.57it/s]Sampling step:   6%|▌         | 116/2000 [00:01<00:22, 82.63it/s]Sampling step:   6%|▋         | 125/2000 [00:01<00:22, 82.63it/s]Sampling step:   7%|▋         | 134/2000 [00:01<00:22, 82.58it/s]Sampling step:   7%|▋         | 143/2000 [00:01<00:22, 82.65it/s]Sampling step:   8%|▊         | 152/2000 [00:01<00:22, 82.74it/s]Sampling step:   8%|▊         | 161/2000 [00:01<00:22, 82.81it/s]Sampling step:   8%|▊         | 170/2000 [00:02<00:22, 82.82it/s]Sampling step:   9%|▉         | 179/2000 [00:02<00:22, 82.65it/s]Sampling step:   9%|▉         | 188/2000 [00:02<00:21, 82.70it/s]Sampling step:  10%|▉         | 197/2000 [00:02<00:21, 82.75it/s]Sampling step:  10%|█         | 206/2000 [00:02<00:21, 82.90it/s]Sampling step:  11%|█         | 215/2000 [00:02<00:21, 82.88it/s]Sampling step:  11%|█         | 224/2000 [00:02<00:21, 82.73it/s]Sampling step:  12%|█▏        | 233/2000 [00:02<00:21, 82.69it/s]Sampling step:  12%|█▏        | 242/2000 [00:02<00:21, 82.62it/s]Sampling step:  13%|█▎        | 251/2000 [00:03<00:21, 82.65it/s]Sampling step:  13%|█▎        | 260/2000 [00:03<00:21, 82.80it/s]Sampling step:  13%|█▎        | 269/2000 [00:03<00:20, 83.03it/s]Sampling step:  14%|█▍        | 278/2000 [00:03<00:20, 82.95it/s]Sampling step:  14%|█▍        | 287/2000 [00:03<00:20, 82.95it/s]Sampling step:  15%|█▍        | 296/2000 [00:03<00:20, 82.90it/s]Sampling step:  15%|█▌        | 305/2000 [00:03<00:20, 82.80it/s]Sampling step:  16%|█▌        | 314/2000 [00:03<00:20, 82.90it/s]Sampling step:  16%|█▌        | 323/2000 [00:03<00:20, 82.95it/s]Sampling step:  17%|█▋        | 332/2000 [00:04<00:20, 82.92it/s]Sampling step:  17%|█▋        | 341/2000 [00:04<00:20, 82.80it/s]Sampling step:  18%|█▊        | 350/2000 [00:04<00:19, 82.79it/s]Sampling step:  18%|█▊        | 359/2000 [00:04<00:19, 82.79it/s]Sampling step:  18%|█▊        | 368/2000 [00:04<00:19, 82.77it/s]Sampling step:  19%|█▉        | 377/2000 [00:04<00:19, 82.82it/s]Sampling step:  19%|█▉        | 386/2000 [00:04<00:19, 82.75it/s]Sampling step:  20%|█▉        | 395/2000 [00:04<00:19, 82.69it/s]Sampling step:  20%|██        | 404/2000 [00:04<00:19, 82.81it/s]Sampling step:  21%|██        | 413/2000 [00:05<00:19, 82.98it/s]Sampling step:  21%|██        | 422/2000 [00:05<00:19, 82.74it/s]Sampling step:  22%|██▏       | 431/2000 [00:05<00:18, 82.68it/s]Sampling step:  22%|██▏       | 440/2000 [00:05<00:18, 82.72it/s]Sampling step:  22%|██▏       | 449/2000 [00:05<00:18, 82.74it/s]Sampling step:  23%|██▎       | 458/2000 [00:05<00:18, 82.76it/s]Sampling step:  23%|██▎       | 467/2000 [00:05<00:18, 82.82it/s]Sampling step:  24%|██▍       | 476/2000 [00:05<00:18, 82.84it/s]Sampling step:  24%|██▍       | 485/2000 [00:05<00:18, 82.81it/s]Sampling step:  25%|██▍       | 494/2000 [00:05<00:18, 82.83it/s]Sampling step:  25%|██▌       | 503/2000 [00:06<00:18, 82.87it/s]Sampling step:  26%|██▌       | 512/2000 [00:06<00:17, 82.68it/s]Sampling step:  26%|██▌       | 521/2000 [00:06<00:17, 82.76it/s]Sampling step:  26%|██▋       | 530/2000 [00:06<00:17, 82.79it/s]Sampling step:  27%|██▋       | 539/2000 [00:06<00:17, 82.79it/s]Sampling step:  27%|██▋       | 548/2000 [00:06<00:17, 82.63it/s]Sampling step:  28%|██▊       | 557/2000 [00:06<00:17, 82.64it/s]Sampling step:  28%|██▊       | 566/2000 [00:06<00:17, 82.49it/s]Sampling step:  29%|██▉       | 575/2000 [00:06<00:17, 82.52it/s]Sampling step:  29%|██▉       | 584/2000 [00:07<00:17, 82.67it/s]Sampling step:  30%|██▉       | 593/2000 [00:07<00:17, 82.66it/s]Sampling step:  30%|███       | 602/2000 [00:07<00:16, 82.62it/s]Sampling step:  31%|███       | 611/2000 [00:07<00:16, 82.67it/s]Sampling step:  31%|███       | 620/2000 [00:07<00:16, 82.67it/s]Sampling step:  31%|███▏      | 629/2000 [00:07<00:16, 82.53it/s]Sampling step:  32%|███▏      | 638/2000 [00:07<00:16, 82.55it/s]Sampling step:  32%|███▏      | 647/2000 [00:07<00:16, 82.60it/s]Sampling step:  33%|███▎      | 656/2000 [00:07<00:16, 82.72it/s]Sampling step:  33%|███▎      | 665/2000 [00:08<00:16, 82.78it/s]Sampling step:  34%|███▎      | 674/2000 [00:08<00:16, 82.73it/s]Sampling step:  34%|███▍      | 683/2000 [00:08<00:15, 82.76it/s]Sampling step:  35%|███▍      | 692/2000 [00:08<00:15, 82.76it/s]Sampling step:  35%|███▌      | 701/2000 [00:08<00:15, 82.74it/s]Sampling step:  36%|███▌      | 710/2000 [00:08<00:15, 82.74it/s]Sampling step:  36%|███▌      | 719/2000 [00:08<00:15, 82.62it/s]Sampling step:  36%|███▋      | 728/2000 [00:08<00:15, 82.70it/s]Sampling step:  37%|███▋      | 737/2000 [00:08<00:15, 82.74it/s]Sampling step:  37%|███▋      | 746/2000 [00:09<00:15, 82.78it/s]Sampling step:  38%|███▊      | 755/2000 [00:09<00:15, 82.77it/s]Sampling step:  38%|███▊      | 764/2000 [00:09<00:14, 82.87it/s]Sampling step:  39%|███▊      | 773/2000 [00:09<00:14, 82.72it/s]Sampling step:  39%|███▉      | 782/2000 [00:09<00:14, 82.72it/s]Sampling step:  40%|███▉      | 791/2000 [00:09<00:14, 82.81it/s]Sampling step:  40%|████      | 800/2000 [00:09<00:14, 82.74it/s]Sampling step:  40%|████      | 809/2000 [00:09<00:14, 82.86it/s]Sampling step:  41%|████      | 818/2000 [00:09<00:14, 82.87it/s]Sampling step:  41%|████▏     | 827/2000 [00:10<00:14, 82.72it/s]Sampling step:  42%|████▏     | 836/2000 [00:10<00:14, 82.63it/s]Sampling step:  42%|████▏     | 845/2000 [00:10<00:13, 82.58it/s]Sampling step:  43%|████▎     | 854/2000 [00:10<00:13, 82.71it/s]Sampling step:  43%|████▎     | 863/2000 [00:10<00:13, 82.85it/s]Sampling step:  44%|████▎     | 872/2000 [00:10<00:13, 82.80it/s]Sampling step:  44%|████▍     | 881/2000 [00:10<00:13, 82.65it/s]Sampling step:  44%|████▍     | 890/2000 [00:10<00:13, 82.65it/s]Sampling step:  45%|████▍     | 899/2000 [00:10<00:13, 82.63it/s]Sampling step:  45%|████▌     | 908/2000 [00:10<00:13, 82.58it/s]Sampling step:  46%|████▌     | 917/2000 [00:11<00:13, 82.83it/s]Sampling step:  46%|████▋     | 926/2000 [00:11<00:12, 82.97it/s]Sampling step:  47%|████▋     | 935/2000 [00:11<00:12, 82.83it/s]Sampling step:  47%|████▋     | 944/2000 [00:11<00:12, 82.82it/s]Sampling step:  48%|████▊     | 953/2000 [00:11<00:12, 82.69it/s]Sampling step:  48%|████▊     | 962/2000 [00:11<00:12, 82.59it/s]Sampling step:  49%|████▊     | 971/2000 [00:11<00:12, 82.59it/s]Sampling step:  49%|████▉     | 980/2000 [00:11<00:12, 82.63it/s]Sampling step:  49%|████▉     | 989/2000 [00:11<00:12, 82.64it/s]Sampling step:  50%|████▉     | 998/2000 [00:12<00:12, 82.68it/s]Sampling step:  50%|█████     | 1007/2000 [00:12<00:12, 82.60it/s]Sampling step:  51%|█████     | 1016/2000 [00:12<00:11, 82.64it/s]Sampling step:  51%|█████▏    | 1025/2000 [00:12<00:11, 82.70it/s]Sampling step:  52%|█████▏    | 1034/2000 [00:12<00:11, 82.75it/s]Sampling step:  52%|█████▏    | 1043/2000 [00:12<00:11, 82.72it/s]Sampling step:  53%|█████▎    | 1052/2000 [00:12<00:11, 82.72it/s]Sampling step:  53%|█████▎    | 1061/2000 [00:12<00:11, 82.92it/s]Sampling step:  54%|█████▎    | 1070/2000 [00:12<00:11, 82.87it/s]Sampling step:  54%|█████▍    | 1079/2000 [00:13<00:11, 82.94it/s]Sampling step:  54%|█████▍    | 1088/2000 [00:13<00:11, 82.77it/s]Sampling step:  55%|█████▍    | 1097/2000 [00:13<00:10, 82.90it/s]Sampling step:  55%|█████▌    | 1106/2000 [00:13<00:10, 82.90it/s]Sampling step:  56%|█████▌    | 1115/2000 [00:13<00:10, 82.74it/s]Sampling step:  56%|█████▌    | 1124/2000 [00:13<00:10, 82.62it/s]Sampling step:  57%|█████▋    | 1133/2000 [00:13<00:10, 82.45it/s]Sampling step:  57%|█████▋    | 1142/2000 [00:13<00:10, 82.50it/s]Sampling step:  58%|█████▊    | 1151/2000 [00:13<00:10, 82.51it/s]Sampling step:  58%|█████▊    | 1160/2000 [00:14<00:10, 82.70it/s]Sampling step:  58%|█████▊    | 1169/2000 [00:14<00:10, 82.77it/s]Sampling step:  59%|█████▉    | 1178/2000 [00:14<00:09, 82.78it/s]Sampling step:  59%|█████▉    | 1187/2000 [00:14<00:09, 82.84it/s]Sampling step:  60%|█████▉    | 1196/2000 [00:14<00:09, 82.79it/s]Sampling step:  60%|██████    | 1205/2000 [00:14<00:09, 82.70it/s]Sampling step:  61%|██████    | 1214/2000 [00:14<00:09, 82.61it/s]Sampling step:  61%|██████    | 1223/2000 [00:14<00:09, 82.73it/s]Sampling step:  62%|██████▏   | 1232/2000 [00:14<00:09, 82.94it/s]Sampling step:  62%|██████▏   | 1241/2000 [00:15<00:09, 82.86it/s]Sampling step:  62%|██████▎   | 1250/2000 [00:15<00:09, 82.85it/s]Sampling step:  63%|██████▎   | 1259/2000 [00:15<00:08, 82.85it/s]Sampling step:  63%|██████▎   | 1268/2000 [00:15<00:08, 82.91it/s]Sampling step:  64%|██████▍   | 1277/2000 [00:15<00:08, 82.77it/s]Sampling step:  64%|██████▍   | 1286/2000 [00:15<00:08, 82.72it/s]Sampling step:  65%|██████▍   | 1295/2000 [00:15<00:08, 82.65it/s]Sampling step:  65%|██████▌   | 1304/2000 [00:15<00:08, 82.56it/s]Sampling step:  66%|██████▌   | 1313/2000 [00:15<00:08, 82.63it/s]Sampling step:  66%|██████▌   | 1322/2000 [00:15<00:08, 82.65it/s]Sampling step:  67%|██████▋   | 1331/2000 [00:16<00:08, 82.63it/s]Sampling step:  67%|██████▋   | 1340/2000 [00:16<00:07, 82.64it/s]Sampling step:  67%|██████▋   | 1349/2000 [00:16<00:07, 82.71it/s]Sampling step:  68%|██████▊   | 1358/2000 [00:16<00:07, 82.86it/s]Sampling step:  68%|██████▊   | 1367/2000 [00:16<00:07, 82.86it/s]Sampling step:  69%|██████▉   | 1376/2000 [00:16<00:07, 82.78it/s]Sampling step:  69%|██████▉   | 1385/2000 [00:16<00:07, 82.83it/s]Sampling step:  70%|██████▉   | 1394/2000 [00:16<00:07, 82.83it/s]Sampling step:  70%|███████   | 1403/2000 [00:16<00:07, 82.77it/s]Sampling step:  71%|███████   | 1412/2000 [00:17<00:07, 82.88it/s]Sampling step:  71%|███████   | 1421/2000 [00:17<00:06, 82.95it/s]Sampling step:  72%|███████▏  | 1430/2000 [00:17<00:06, 82.96it/s]Sampling step:  72%|███████▏  | 1439/2000 [00:17<00:06, 83.02it/s]Sampling step:  72%|███████▏  | 1448/2000 [00:17<00:06, 83.02it/s]Sampling step:  73%|███████▎  | 1457/2000 [00:17<00:06, 83.02it/s]Sampling step:  73%|███████▎  | 1466/2000 [00:17<00:06, 83.00it/s]Sampling step:  74%|███████▍  | 1475/2000 [00:17<00:06, 82.78it/s]Sampling step:  74%|███████▍  | 1484/2000 [00:17<00:06, 82.89it/s]Sampling step:  75%|███████▍  | 1493/2000 [00:18<00:06, 82.73it/s]Sampling step:  75%|███████▌  | 1502/2000 [00:18<00:06, 82.33it/s]Sampling step:  76%|███████▌  | 1511/2000 [00:18<00:05, 82.37it/s]Sampling step:  76%|███████▌  | 1520/2000 [00:18<00:05, 82.46it/s]Sampling step:  76%|███████▋  | 1529/2000 [00:18<00:05, 82.57it/s]Sampling step:  77%|███████▋  | 1538/2000 [00:18<00:05, 82.53it/s]Sampling step:  77%|███████▋  | 1547/2000 [00:18<00:05, 82.15it/s]Sampling step:  78%|███████▊  | 1556/2000 [00:18<00:05, 82.34it/s]Sampling step:  78%|███████▊  | 1565/2000 [00:18<00:05, 82.40it/s]Sampling step:  79%|███████▊  | 1574/2000 [00:19<00:05, 82.52it/s]Sampling step:  79%|███████▉  | 1583/2000 [00:19<00:05, 82.55it/s]Sampling step:  80%|███████▉  | 1592/2000 [00:19<00:04, 82.67it/s]Sampling step:  80%|████████  | 1601/2000 [00:19<00:04, 82.76it/s]Sampling step:  80%|████████  | 1610/2000 [00:19<00:04, 82.81it/s]Sampling step:  81%|████████  | 1619/2000 [00:19<00:04, 82.90it/s]Sampling step:  81%|████████▏ | 1628/2000 [00:19<00:04, 82.80it/s]Sampling step:  82%|████████▏ | 1637/2000 [00:19<00:04, 82.70it/s]Sampling step:  82%|████████▏ | 1646/2000 [00:19<00:04, 82.67it/s]Sampling step:  83%|████████▎ | 1655/2000 [00:20<00:04, 82.51it/s]Sampling step:  83%|████████▎ | 1664/2000 [00:20<00:04, 82.57it/s]Sampling step:  84%|████████▎ | 1673/2000 [00:20<00:03, 82.49it/s]Sampling step:  84%|████████▍ | 1682/2000 [00:20<00:03, 82.54it/s]Sampling step:  85%|████████▍ | 1691/2000 [00:20<00:03, 82.49it/s]Sampling step:  85%|████████▌ | 1700/2000 [00:20<00:03, 82.65it/s]Sampling step:  85%|████████▌ | 1709/2000 [00:20<00:03, 82.57it/s]Sampling step:  86%|████████▌ | 1718/2000 [00:20<00:03, 82.51it/s]Sampling step:  86%|████████▋ | 1727/2000 [00:20<00:03, 82.54it/s]Sampling step:  87%|████████▋ | 1736/2000 [00:20<00:03, 82.53it/s]Sampling step:  87%|████████▋ | 1745/2000 [00:21<00:03, 82.54it/s]Sampling step:  88%|████████▊ | 1754/2000 [00:21<00:02, 82.61it/s]Sampling step:  88%|████████▊ | 1763/2000 [00:21<00:02, 82.70it/s]Sampling step:  89%|████████▊ | 1772/2000 [00:21<00:02, 82.65it/s]Sampling step:  89%|████████▉ | 1781/2000 [00:21<00:02, 82.68it/s]Sampling step:  90%|████████▉ | 1790/2000 [00:21<00:02, 82.59it/s]Sampling step:  90%|████████▉ | 1799/2000 [00:21<00:02, 82.71it/s]Sampling step:  90%|█████████ | 1808/2000 [00:21<00:02, 82.69it/s]Sampling step:  91%|█████████ | 1817/2000 [00:21<00:02, 82.76it/s]Sampling step:  91%|█████████▏| 1826/2000 [00:22<00:02, 82.61it/s]Sampling step:  92%|█████████▏| 1835/2000 [00:22<00:02, 82.39it/s]Sampling step:  92%|█████████▏| 1844/2000 [00:22<00:01, 82.45it/s]Sampling step:  93%|█████████▎| 1853/2000 [00:22<00:01, 82.52it/s]Sampling step:  93%|█████████▎| 1862/2000 [00:22<00:01, 82.63it/s]Sampling step:  94%|█████████▎| 1871/2000 [00:22<00:01, 82.70it/s]Sampling step:  94%|█████████▍| 1880/2000 [00:22<00:01, 82.68it/s]Sampling step:  94%|█████████▍| 1889/2000 [00:22<00:01, 82.64it/s]Sampling step:  95%|█████████▍| 1898/2000 [00:22<00:01, 82.62it/s]Sampling step:  95%|█████████▌| 1907/2000 [00:23<00:01, 82.73it/s]Sampling step:  96%|█████████▌| 1916/2000 [00:23<00:01, 82.67it/s]Sampling step:  96%|█████████▋| 1925/2000 [00:23<00:00, 82.69it/s]Sampling step:  97%|█████████▋| 1934/2000 [00:23<00:00, 82.71it/s]Sampling step:  97%|█████████▋| 1943/2000 [00:23<00:00, 82.70it/s]Sampling step:  98%|█████████▊| 1952/2000 [00:23<00:00, 82.67it/s]Sampling step:  98%|█████████▊| 1961/2000 [00:23<00:00, 82.62it/s]Sampling step:  98%|█████████▊| 1970/2000 [00:23<00:00, 82.69it/s]Sampling step:  99%|█████████▉| 1979/2000 [00:23<00:00, 82.76it/s]Sampling step:  99%|█████████▉| 1988/2000 [00:24<00:00, 82.77it/s]Sampling step: 100%|█████████▉| 1997/2000 [00:24<00:00, 82.62it/s]Sampling step: 100%|██████████| 2000/2000 [00:24<00:00, 82.67it/s]
  [13/40] 0035: diffusion error  7.49 mm | non-rigid residual  0.66 mm
Sampling step:   0%|          | 0/2000 [00:00<?, ?it/s]Sampling step:   0%|          | 8/2000 [00:00<00:26, 74.57it/s]Sampling step:   1%|          | 17/2000 [00:00<00:25, 79.19it/s]Sampling step:   1%|▏         | 26/2000 [00:00<00:24, 80.65it/s]Sampling step:   2%|▏         | 35/2000 [00:00<00:24, 81.57it/s]Sampling step:   2%|▏         | 44/2000 [00:00<00:23, 82.00it/s]Sampling step:   3%|▎         | 53/2000 [00:00<00:23, 82.25it/s]Sampling step:   3%|▎         | 62/2000 [00:00<00:23, 82.52it/s]Sampling step:   4%|▎         | 71/2000 [00:00<00:23, 82.59it/s]Sampling step:   4%|▍         | 80/2000 [00:00<00:23, 82.60it/s]Sampling step:   4%|▍         | 89/2000 [00:01<00:23, 82.68it/s]Sampling step:   5%|▍         | 98/2000 [00:01<00:23, 82.47it/s]Sampling step:   5%|▌         | 107/2000 [00:01<00:22, 82.46it/s]Sampling step:   6%|▌         | 116/2000 [00:01<00:22, 82.49it/s]Sampling step:   6%|▋         | 125/2000 [00:01<00:22, 82.61it/s]Sampling step:   7%|▋         | 134/2000 [00:01<00:22, 82.71it/s]Sampling step:   7%|▋         | 143/2000 [00:01<00:22, 82.91it/s]Sampling step:   8%|▊         | 152/2000 [00:01<00:22, 82.93it/s]Sampling step:   8%|▊         | 161/2000 [00:01<00:22, 82.89it/s]Sampling step:   8%|▊         | 170/2000 [00:02<00:22, 82.82it/s]Sampling step:   9%|▉         | 179/2000 [00:02<00:22, 82.72it/s]Sampling step:   9%|▉         | 188/2000 [00:02<00:21, 82.74it/s]Sampling step:  10%|▉         | 197/2000 [00:02<00:21, 82.81it/s]Sampling step:  10%|█         | 206/2000 [00:02<00:21, 82.85it/s]Sampling step:  11%|█         | 215/2000 [00:02<00:21, 82.66it/s]Sampling step:  11%|█         | 224/2000 [00:02<00:21, 82.82it/s]Sampling step:  12%|█▏        | 233/2000 [00:02<00:21, 82.92it/s]Sampling step:  12%|█▏        | 242/2000 [00:02<00:21, 82.81it/s]Sampling step:  13%|█▎        | 251/2000 [00:03<00:21, 82.85it/s]Sampling step:  13%|█▎        | 260/2000 [00:03<00:21, 82.75it/s]Sampling step:  13%|█▎        | 269/2000 [00:03<00:20, 82.82it/s]Sampling step:  14%|█▍        | 278/2000 [00:03<00:20, 82.59it/s]Sampling step:  14%|█▍        | 287/2000 [00:03<00:20, 82.51it/s]Sampling step:  15%|█▍        | 296/2000 [00:03<00:20, 82.45it/s]Sampling step:  15%|█▌        | 305/2000 [00:03<00:20, 82.53it/s]Sampling step:  16%|█▌        | 314/2000 [00:03<00:20, 82.71it/s]Sampling step:  16%|█▌        | 323/2000 [00:03<00:20, 82.79it/s]Sampling step:  17%|█▋        | 332/2000 [00:04<00:20, 82.74it/s]Sampling step:  17%|█▋        | 341/2000 [00:04<00:20, 82.83it/s]Sampling step:  18%|█▊        | 350/2000 [00:04<00:19, 82.88it/s]Sampling step:  18%|█▊        | 359/2000 [00:04<00:19, 82.76it/s]Sampling step:  18%|█▊        | 368/2000 [00:04<00:19, 82.81it/s]Sampling step:  19%|█▉        | 377/2000 [00:04<00:19, 82.90it/s]Sampling step:  19%|█▉        | 386/2000 [00:04<00:19, 82.79it/s]Sampling step:  20%|█▉        | 395/2000 [00:04<00:19, 82.88it/s]Sampling step:  20%|██        | 404/2000 [00:04<00:19, 82.85it/s]Sampling step:  21%|██        | 413/2000 [00:05<00:19, 82.85it/s]Sampling step:  21%|██        | 422/2000 [00:05<00:19, 82.80it/s]Sampling step:  22%|██▏       | 431/2000 [00:05<00:18, 82.78it/s]Sampling step:  22%|██▏       | 440/2000 [00:05<00:18, 82.76it/s]Sampling step:  22%|██▏       | 449/2000 [00:05<00:18, 82.60it/s]Sampling step:  23%|██▎       | 458/2000 [00:05<00:18, 82.46it/s]Sampling step:  23%|██▎       | 467/2000 [00:05<00:18, 82.44it/s]Sampling step:  24%|██▍       | 476/2000 [00:05<00:18, 82.46it/s]Sampling step:  24%|██▍       | 485/2000 [00:05<00:18, 82.58it/s]Sampling step:  25%|██▍       | 494/2000 [00:05<00:18, 82.67it/s]Sampling step:  25%|██▌       | 503/2000 [00:06<00:18, 82.80it/s]Sampling step:  26%|██▌       | 512/2000 [00:06<00:17, 82.88it/s]Sampling step:  26%|██▌       | 521/2000 [00:06<00:17, 82.83it/s]Sampling step:  26%|██▋       | 530/2000 [00:06<00:17, 82.87it/s]Sampling step:  27%|██▋       | 539/2000 [00:06<00:17, 82.99it/s]Sampling step:  27%|██▋       | 548/2000 [00:06<00:17, 82.82it/s]Sampling step:  28%|██▊       | 557/2000 [00:06<00:17, 82.83it/s]Sampling step:  28%|██▊       | 566/2000 [00:06<00:17, 82.78it/s]Sampling step:  29%|██▉       | 575/2000 [00:06<00:17, 82.79it/s]Sampling step:  29%|██▉       | 584/2000 [00:07<00:17, 82.77it/s]Sampling step:  30%|██▉       | 593/2000 [00:07<00:16, 82.92it/s]Sampling step:  30%|███       | 602/2000 [00:07<00:16, 82.84it/s]Sampling step:  31%|███       | 611/2000 [00:07<00:16, 82.84it/s]Sampling step:  31%|███       | 620/2000 [00:07<00:16, 82.83it/s]Sampling step:  31%|███▏      | 629/2000 [00:07<00:16, 82.64it/s]Sampling step:  32%|███▏      | 638/2000 [00:07<00:16, 82.78it/s]Sampling step:  32%|███▏      | 647/2000 [00:07<00:16, 82.80it/s]Sampling step:  33%|███▎      | 656/2000 [00:07<00:16, 82.85it/s]Sampling step:  33%|███▎      | 665/2000 [00:08<00:16, 82.76it/s]Sampling step:  34%|███▎      | 674/2000 [00:08<00:16, 82.74it/s]Sampling step:  34%|███▍      | 683/2000 [00:08<00:15, 82.78it/s]Sampling step:  35%|███▍      | 692/2000 [00:08<00:15, 82.89it/s]Sampling step:  35%|███▌      | 701/2000 [00:08<00:15, 82.95it/s]Sampling step:  36%|███▌      | 710/2000 [00:08<00:15, 82.90it/s]Sampling step:  36%|███▌      | 719/2000 [00:08<00:15, 82.84it/s]Sampling step:  36%|███▋      | 728/2000 [00:08<00:15, 82.78it/s]Sampling step:  37%|███▋      | 737/2000 [00:08<00:15, 82.83it/s]Sampling step:  37%|███▋      | 746/2000 [00:09<00:15, 82.80it/s]Sampling step:  38%|███▊      | 755/2000 [00:09<00:15, 82.73it/s]Sampling step:  38%|███▊      | 764/2000 [00:09<00:14, 82.86it/s]Sampling step:  39%|███▊      | 773/2000 [00:09<00:14, 82.79it/s]Sampling step:  39%|███▉      | 782/2000 [00:09<00:14, 82.97it/s]Sampling step:  40%|███▉      | 791/2000 [00:09<00:14, 82.93it/s]Sampling step:  40%|████      | 800/2000 [00:09<00:14, 82.85it/s]Sampling step:  40%|████      | 809/2000 [00:09<00:14, 82.65it/s]Sampling step:  41%|████      | 818/2000 [00:09<00:14, 82.68it/s]Sampling step:  41%|████▏     | 827/2000 [00:10<00:14, 82.81it/s]Sampling step:  42%|████▏     | 836/2000 [00:10<00:14, 82.84it/s]Sampling step:  42%|████▏     | 845/2000 [00:10<00:13, 82.92it/s]Sampling step:  43%|████▎     | 854/2000 [00:10<00:13, 82.90it/s]Sampling step:  43%|████▎     | 863/2000 [00:10<00:13, 82.83it/s]Sampling step:  44%|████▎     | 872/2000 [00:10<00:13, 82.71it/s]Sampling step:  44%|████▍     | 881/2000 [00:10<00:13, 82.65it/s]Sampling step:  44%|████▍     | 890/2000 [00:10<00:13, 82.81it/s]Sampling step:  45%|████▍     | 899/2000 [00:10<00:13, 82.82it/s]Sampling step:  45%|████▌     | 908/2000 [00:10<00:13, 82.86it/s]Sampling step:  46%|████▌     | 917/2000 [00:11<00:13, 82.67it/s]Sampling step:  46%|████▋     | 926/2000 [00:11<00:12, 82.77it/s]Sampling step:  47%|████▋     | 935/2000 [00:11<00:12, 82.77it/s]Sampling step:  47%|████▋     | 944/2000 [00:11<00:12, 82.80it/s]Sampling step:  48%|████▊     | 953/2000 [00:11<00:12, 82.73it/s]Sampling step:  48%|████▊     | 962/2000 [00:11<00:12, 82.70it/s]Sampling step:  49%|████▊     | 971/2000 [00:11<00:12, 82.73it/s]Sampling step:  49%|████▉     | 980/2000 [00:11<00:12, 82.64it/s]Sampling step:  49%|████▉     | 989/2000 [00:11<00:12, 82.60it/s]Sampling step:  50%|████▉     | 998/2000 [00:12<00:12, 82.51it/s]Sampling step:  50%|█████     | 1007/2000 [00:12<00:12, 82.65it/s]Sampling step:  51%|█████     | 1016/2000 [00:12<00:11, 82.65it/s]Sampling step:  51%|█████▏    | 1025/2000 [00:12<00:11, 82.72it/s]Sampling step:  52%|█████▏    | 1034/2000 [00:12<00:11, 82.77it/s]Sampling step:  52%|█████▏    | 1043/2000 [00:12<00:11, 82.76it/s]Sampling step:  53%|█████▎    | 1052/2000 [00:12<00:11, 82.84it/s]Sampling step:  53%|█████▎    | 1061/2000 [00:12<00:11, 82.92it/s]Sampling step:  54%|█████▎    | 1070/2000 [00:12<00:11, 82.85it/s]Sampling step:  54%|█████▍    | 1079/2000 [00:13<00:11, 82.91it/s]Sampling step:  54%|█████▍    | 1088/2000 [00:13<00:11, 82.71it/s]Sampling step:  55%|█████▍    | 1097/2000 [00:13<00:10, 82.75it/s]Sampling step:  55%|█████▌    | 1106/2000 [00:13<00:10, 82.78it/s]Sampling step:  56%|█████▌    | 1115/2000 [00:13<00:10, 82.95it/s]Sampling step:  56%|█████▌    | 1124/2000 [00:13<00:10, 82.94it/s]Sampling step:  57%|█████▋    | 1133/2000 [00:13<00:10, 82.92it/s]Sampling step:  57%|█████▋    | 1142/2000 [00:13<00:10, 82.94it/s]Sampling step:  58%|█████▊    | 1151/2000 [00:13<00:10, 82.88it/s]Sampling step:  58%|█████▊    | 1160/2000 [00:14<00:10, 82.83it/s]Sampling step:  58%|█████▊    | 1169/2000 [00:14<00:10, 82.70it/s]Sampling step:  59%|█████▉    | 1178/2000 [00:14<00:09, 82.68it/s]Sampling step:  59%|█████▉    | 1187/2000 [00:14<00:09, 82.70it/s]Sampling step:  60%|█████▉    | 1196/2000 [00:14<00:09, 82.70it/s]Sampling step:  60%|██████    | 1205/2000 [00:14<00:09, 82.75it/s]Sampling step:  61%|██████    | 1214/2000 [00:14<00:09, 82.73it/s]Sampling step:  61%|██████    | 1223/2000 [00:14<00:09, 82.87it/s]Sampling step:  62%|██████▏   | 1232/2000 [00:14<00:09, 82.80it/s]Sampling step:  62%|██████▏   | 1241/2000 [00:15<00:09, 82.88it/s]Sampling step:  62%|██████▎   | 1250/2000 [00:15<00:09, 82.75it/s]Sampling step:  63%|██████▎   | 1259/2000 [00:15<00:08, 82.84it/s]Sampling step:  63%|██████▎   | 1268/2000 [00:15<00:08, 82.87it/s]Sampling step:  64%|██████▍   | 1277/2000 [00:15<00:08, 82.89it/s]Sampling step:  64%|██████▍   | 1286/2000 [00:15<00:08, 82.87it/s]Sampling step:  65%|██████▍   | 1295/2000 [00:15<00:08, 82.84it/s]Sampling step:  65%|██████▌   | 1304/2000 [00:15<00:08, 82.81it/s]Sampling step:  66%|██████▌   | 1313/2000 [00:15<00:08, 82.90it/s]Sampling step:  66%|██████▌   | 1322/2000 [00:15<00:08, 82.94it/s]Sampling step:  67%|██████▋   | 1331/2000 [00:16<00:08, 82.67it/s]Sampling step:  67%|██████▋   | 1340/2000 [00:16<00:07, 82.70it/s]Sampling step:  67%|██████▋   | 1349/2000 [00:16<00:07, 82.70it/s]Sampling step:  68%|██████▊   | 1358/2000 [00:16<00:07, 82.72it/s]Sampling step:  68%|██████▊   | 1367/2000 [00:16<00:07, 82.80it/s]Sampling step:  69%|██████▉   | 1376/2000 [00:16<00:07, 82.85it/s]Sampling step:  69%|██████▉   | 1385/2000 [00:16<00:07, 82.81it/s]Sampling step:  70%|██████▉   | 1394/2000 [00:16<00:07, 82.75it/s]Sampling step:  70%|███████   | 1403/2000 [00:16<00:07, 82.70it/s]Sampling step:  71%|███████   | 1412/2000 [00:17<00:07, 82.91it/s]Sampling step:  71%|███████   | 1421/2000 [00:17<00:06, 82.90it/s]Sampling step:  72%|███████▏  | 1430/2000 [00:17<00:06, 82.81it/s]Sampling step:  72%|███████▏  | 1439/2000 [00:17<00:06, 82.77it/s]Sampling step:  72%|███████▏  | 1448/2000 [00:17<00:06, 82.79it/s]Sampling step:  73%|███████▎  | 1457/2000 [00:17<00:06, 82.73it/s]Sampling step:  73%|███████▎  | 1466/2000 [00:17<00:06, 82.69it/s]Sampling step:  74%|███████▍  | 1475/2000 [00:17<00:06, 82.73it/s]Sampling step:  74%|███████▍  | 1484/2000 [00:17<00:06, 82.70it/s]Sampling step:  75%|███████▍  | 1493/2000 [00:18<00:06, 82.65it/s]Sampling step:  75%|███████▌  | 1502/2000 [00:18<00:06, 82.78it/s]Sampling step:  76%|███████▌  | 1511/2000 [00:18<00:05, 82.78it/s]Sampling step:  76%|███████▌  | 1520/2000 [00:18<00:05, 82.87it/s]Sampling step:  76%|███████▋  | 1529/2000 [00:18<00:05, 83.00it/s]Sampling step:  77%|███████▋  | 1538/2000 [00:18<00:05, 83.00it/s]Sampling step:  77%|███████▋  | 1547/2000 [00:18<00:05, 83.05it/s]Sampling step:  78%|███████▊  | 1556/2000 [00:18<00:05, 83.08it/s]Sampling step:  78%|███████▊  | 1565/2000 [00:18<00:05, 83.05it/s]Sampling step:  79%|███████▊  | 1574/2000 [00:19<00:05, 83.06it/s]Sampling step:  79%|███████▉  | 1583/2000 [00:19<00:05, 82.83it/s]Sampling step:  80%|███████▉  | 1592/2000 [00:19<00:04, 82.87it/s]Sampling step:  80%|████████  | 1601/2000 [00:19<00:04, 82.90it/s]Sampling step:  80%|████████  | 1610/2000 [00:19<00:04, 82.93it/s]Sampling step:  81%|████████  | 1619/2000 [00:19<00:04, 82.98it/s]Sampling step:  81%|████████▏ | 1628/2000 [00:19<00:04, 83.02it/s]Sampling step:  82%|████████▏ | 1637/2000 [00:19<00:04, 83.19it/s]Sampling step:  82%|████████▏ | 1646/2000 [00:19<00:04, 83.26it/s]Sampling step:  83%|████████▎ | 1655/2000 [00:19<00:04, 83.34it/s]Sampling step:  83%|████████▎ | 1664/2000 [00:20<00:04, 83.08it/s]Sampling step:  84%|████████▎ | 1673/2000 [00:20<00:03, 83.00it/s]Sampling step:  84%|████████▍ | 1682/2000 [00:20<00:03, 82.69it/s]Sampling step:  85%|████████▍ | 1691/2000 [00:20<00:03, 82.66it/s]Sampling step:  85%|████████▌ | 1700/2000 [00:20<00:03, 82.70it/s]Sampling step:  85%|████████▌ | 1709/2000 [00:20<00:03, 82.62it/s]Sampling step:  86%|████████▌ | 1718/2000 [00:20<00:03, 82.70it/s]Sampling step:  86%|████████▋ | 1727/2000 [00:20<00:03, 82.84it/s]Sampling step:  87%|████████▋ | 1736/2000 [00:20<00:03, 82.91it/s]Sampling step:  87%|████████▋ | 1745/2000 [00:21<00:03, 82.90it/s]Sampling step:  88%|████████▊ | 1754/2000 [00:21<00:02, 82.95it/s]Sampling step:  88%|████████▊ | 1763/2000 [00:21<00:02, 82.96it/s]Sampling step:  89%|████████▊ | 1772/2000 [00:21<00:02, 82.95it/s]Sampling step:  89%|████████▉ | 1781/2000 [00:21<00:02, 83.08it/s]Sampling step:  90%|████████▉ | 1790/2000 [00:21<00:02, 82.89it/s]Sampling step:  90%|████████▉ | 1799/2000 [00:21<00:02, 83.04it/s]Sampling step:  90%|█████████ | 1808/2000 [00:21<00:02, 83.09it/s]Sampling step:  91%|█████████ | 1817/2000 [00:21<00:02, 83.12it/s]Sampling step:  91%|█████████▏| 1826/2000 [00:22<00:02, 82.93it/s]Sampling step:  92%|█████████▏| 1835/2000 [00:22<00:01, 82.86it/s]Sampling step:  92%|█████████▏| 1844/2000 [00:22<00:01, 82.83it/s]Sampling step:  93%|█████████▎| 1853/2000 [00:22<00:01, 83.10it/s]Sampling step:  93%|█████████▎| 1862/2000 [00:22<00:01, 82.87it/s]Sampling step:  94%|█████████▎| 1871/2000 [00:22<00:01, 82.59it/s]Sampling step:  94%|█████████▍| 1880/2000 [00:22<00:01, 82.64it/s]Sampling step:  94%|█████████▍| 1889/2000 [00:22<00:01, 82.78it/s]Sampling step:  95%|█████████▍| 1898/2000 [00:22<00:01, 82.88it/s]Sampling step:  95%|█████████▌| 1907/2000 [00:23<00:01, 82.90it/s]Sampling step:  96%|█████████▌| 1916/2000 [00:23<00:01, 82.80it/s]Sampling step:  96%|█████████▋| 1925/2000 [00:23<00:00, 82.78it/s]Sampling step:  97%|█████████▋| 1934/2000 [00:23<00:00, 82.84it/s]Sampling step:  97%|█████████▋| 1943/2000 [00:23<00:00, 82.87it/s]Sampling step:  98%|█████████▊| 1952/2000 [00:23<00:00, 82.83it/s]Sampling step:  98%|█████████▊| 1961/2000 [00:23<00:00, 82.94it/s]Sampling step:  98%|█████████▊| 1970/2000 [00:23<00:00, 83.18it/s]Sampling step:  99%|█████████▉| 1979/2000 [00:23<00:00, 83.30it/s]Sampling step:  99%|█████████▉| 1988/2000 [00:24<00:00, 83.45it/s]Sampling step: 100%|█████████▉| 1997/2000 [00:24<00:00, 83.42it/s]Sampling step: 100%|██████████| 2000/2000 [00:24<00:00, 82.79it/s]
  [14/40] 0040: diffusion error  1.83 mm | non-rigid residual  0.65 mm
Sampling step:   0%|          | 0/2000 [00:00<?, ?it/s]Sampling step:   0%|          | 8/2000 [00:00<00:26, 74.47it/s]Sampling step:   1%|          | 17/2000 [00:00<00:25, 79.18it/s]Sampling step:   1%|▏         | 26/2000 [00:00<00:24, 80.56it/s]Sampling step:   2%|▏         | 35/2000 [00:00<00:24, 81.39it/s]Sampling step:   2%|▏         | 44/2000 [00:00<00:23, 81.83it/s]Sampling step:   3%|▎         | 53/2000 [00:00<00:23, 82.21it/s]Sampling step:   3%|▎         | 62/2000 [00:00<00:23, 82.23it/s]Sampling step:   4%|▎         | 71/2000 [00:00<00:23, 82.30it/s]Sampling step:   4%|▍         | 80/2000 [00:00<00:23, 82.43it/s]Sampling step:   4%|▍         | 89/2000 [00:01<00:23, 82.65it/s]Sampling step:   5%|▍         | 98/2000 [00:01<00:22, 82.73it/s]Sampling step:   5%|▌         | 107/2000 [00:01<00:22, 82.74it/s]Sampling step:   6%|▌         | 116/2000 [00:01<00:22, 82.69it/s]Sampling step:   6%|▋         | 125/2000 [00:01<00:22, 82.83it/s]Sampling step:   7%|▋         | 134/2000 [00:01<00:22, 82.81it/s]Sampling step:   7%|▋         | 143/2000 [00:01<00:22, 82.76it/s]Sampling step:   8%|▊         | 152/2000 [00:01<00:22, 82.79it/s]Sampling step:   8%|▊         | 161/2000 [00:01<00:22, 82.79it/s]Sampling step:   8%|▊         | 170/2000 [00:02<00:22, 82.80it/s]Sampling step:   9%|▉         | 179/2000 [00:02<00:21, 82.81it/s]Sampling step:   9%|▉         | 188/2000 [00:02<00:21, 82.72it/s]Sampling step:  10%|▉         | 197/2000 [00:02<00:21, 82.49it/s]Sampling step:  10%|█         | 206/2000 [00:02<00:21, 82.61it/s]Sampling step:  11%|█         | 215/2000 [00:02<00:21, 82.60it/s]Sampling step:  11%|█         | 224/2000 [00:02<00:21, 82.61it/s]Sampling step:  12%|█▏        | 233/2000 [00:02<00:21, 82.66it/s]Sampling step:  12%|█▏        | 242/2000 [00:02<00:21, 82.63it/s]Sampling step:  13%|█▎        | 251/2000 [00:03<00:21, 82.67it/s]Sampling step:  13%|█▎        | 260/2000 [00:03<00:21, 82.74it/s]Sampling step:  13%|█▎        | 269/2000 [00:03<00:20, 82.67it/s]Sampling step:  14%|█▍        | 278/2000 [00:03<00:20, 82.77it/s]Sampling step:  14%|█▍        | 287/2000 [00:03<00:20, 82.72it/s]Sampling step:  15%|█▍        | 296/2000 [00:03<00:20, 82.67it/s]Sampling step:  15%|█▌        | 305/2000 [00:03<00:20, 82.73it/s]Sampling step:  16%|█▌        | 314/2000 [00:03<00:20, 82.75it/s]Sampling step:  16%|█▌        | 323/2000 [00:03<00:20, 82.90it/s]Sampling step:  17%|█▋        | 332/2000 [00:04<00:20, 82.92it/s]Sampling step:  17%|█▋        | 341/2000 [00:04<00:20, 82.78it/s]Sampling step:  18%|█▊        | 350/2000 [00:04<00:19, 82.72it/s]Sampling step:  18%|█▊        | 359/2000 [00:04<00:19, 82.84it/s]Sampling step:  18%|█▊        | 368/2000 [00:04<00:19, 82.94it/s]Sampling step:  19%|█▉        | 377/2000 [00:04<00:19, 82.77it/s]Sampling step:  19%|█▉        | 386/2000 [00:04<00:19, 82.75it/s]Sampling step:  20%|█▉        | 395/2000 [00:04<00:19, 82.66it/s]Sampling step:  20%|██        | 404/2000 [00:04<00:19, 82.69it/s]Sampling step:  21%|██        | 413/2000 [00:05<00:19, 82.68it/s]Sampling step:  21%|██        | 422/2000 [00:05<00:19, 82.70it/s]Sampling step:  22%|██▏       | 431/2000 [00:05<00:18, 82.73it/s]Sampling step:  22%|██▏       | 440/2000 [00:05<00:18, 82.74it/s]Sampling step:  22%|██▏       | 449/2000 [00:05<00:18, 82.68it/s]Sampling step:  23%|██▎       | 458/2000 [00:05<00:18, 82.72it/s]Sampling step:  23%|██▎       | 467/2000 [00:05<00:18, 82.77it/s]Sampling step:  24%|██▍       | 476/2000 [00:05<00:18, 82.67it/s]Sampling step:  24%|██▍       | 485/2000 [00:05<00:18, 82.72it/s]Sampling step:  25%|██▍       | 494/2000 [00:05<00:18, 82.87it/s]Sampling step:  25%|██▌       | 503/2000 [00:06<00:18, 82.85it/s]Sampling step:  26%|██▌       | 512/2000 [00:06<00:17, 82.74it/s]Sampling step:  26%|██▌       | 521/2000 [00:06<00:17, 82.67it/s]Sampling step:  26%|██▋       | 530/2000 [00:06<00:17, 82.64it/s]Sampling step:  27%|██▋       | 539/2000 [00:06<00:17, 82.52it/s]Sampling step:  27%|██▋       | 548/2000 [00:06<00:17, 82.53it/s]Sampling step:  28%|██▊       | 557/2000 [00:06<00:17, 82.47it/s]Sampling step:  28%|██▊       | 566/2000 [00:06<00:17, 82.44it/s]Sampling step:  29%|██▉       | 575/2000 [00:06<00:17, 82.48it/s]Sampling step:  29%|██▉       | 584/2000 [00:07<00:17, 82.50it/s]Sampling step:  30%|██▉       | 593/2000 [00:07<00:17, 82.62it/s]Sampling step:  30%|███       | 602/2000 [00:07<00:16, 82.63it/s]Sampling step:  31%|███       | 611/2000 [00:07<00:16, 82.57it/s]Sampling step:  31%|███       | 620/2000 [00:07<00:16, 82.60it/s]Sampling step:  31%|███▏      | 629/2000 [00:07<00:16, 82.56it/s]Sampling step:  32%|███▏      | 638/2000 [00:07<00:16, 82.57it/s]Sampling step:  32%|███▏      | 647/2000 [00:07<00:16, 82.80it/s]Sampling step:  33%|███▎      | 656/2000 [00:07<00:16, 82.77it/s]Sampling step:  33%|███▎      | 665/2000 [00:08<00:16, 82.83it/s]Sampling step:  34%|███▎      | 674/2000 [00:08<00:16, 82.86it/s]Sampling step:  34%|███▍      | 683/2000 [00:08<00:15, 82.69it/s]Sampling step:  35%|███▍      | 692/2000 [00:08<00:15, 82.79it/s]Sampling step:  35%|███▌      | 701/2000 [00:08<00:15, 82.88it/s]Sampling step:  36%|███▌      | 710/2000 [00:08<00:15, 82.90it/s]Sampling step:  36%|███▌      | 719/2000 [00:08<00:15, 82.93it/s]Sampling step:  36%|███▋      | 728/2000 [00:08<00:15, 82.74it/s]Sampling step:  37%|███▋      | 737/2000 [00:08<00:15, 82.78it/s]Sampling step:  37%|███▋      | 746/2000 [00:09<00:15, 82.78it/s]Sampling step:  38%|███▊      | 755/2000 [00:09<00:15, 82.83it/s]Sampling step:  38%|███▊      | 764/2000 [00:09<00:14, 82.78it/s]Sampling step:  39%|███▊      | 773/2000 [00:09<00:14, 82.79it/s]Sampling step:  39%|███▉      | 782/2000 [00:09<00:14, 82.73it/s]Sampling step:  40%|███▉      | 791/2000 [00:09<00:14, 82.74it/s]Sampling step:  40%|████      | 800/2000 [00:09<00:14, 82.71it/s]Sampling step:  40%|████      | 809/2000 [00:09<00:14, 82.67it/s]Sampling step:  41%|████      | 818/2000 [00:09<00:14, 82.76it/s]Sampling step:  41%|████▏     | 827/2000 [00:10<00:14, 82.73it/s]Sampling step:  42%|████▏     | 836/2000 [00:10<00:14, 82.81it/s]Sampling step:  42%|████▏     | 845/2000 [00:10<00:13, 82.83it/s]Sampling step:  43%|████▎     | 854/2000 [00:10<00:13, 82.93it/s]Sampling step:  43%|████▎     | 863/2000 [00:10<00:13, 83.08it/s]Sampling step:  44%|████▎     | 872/2000 [00:10<00:13, 83.21it/s]Sampling step:  44%|████▍     | 881/2000 [00:10<00:13, 83.03it/s]Sampling step:  44%|████▍     | 890/2000 [00:10<00:13, 82.97it/s]Sampling step:  45%|████▍     | 899/2000 [00:10<00:13, 82.83it/s]Sampling step:  45%|████▌     | 908/2000 [00:10<00:13, 82.82it/s]Sampling step:  46%|████▌     | 917/2000 [00:11<00:13, 82.76it/s]Sampling step:  46%|████▋     | 926/2000 [00:11<00:12, 82.72it/s]Sampling step:  47%|████▋     | 935/2000 [00:11<00:12, 82.83it/s]Sampling step:  47%|████▋     | 944/2000 [00:11<00:12, 82.75it/s]Sampling step:  48%|████▊     | 953/2000 [00:11<00:12, 82.74it/s]Sampling step:  48%|████▊     | 962/2000 [00:11<00:12, 82.73it/s]Sampling step:  49%|████▊     | 971/2000 [00:11<00:12, 82.72it/s]Sampling step:  49%|████▉     | 980/2000 [00:11<00:12, 82.76it/s]Sampling step:  49%|████▉     | 989/2000 [00:11<00:12, 82.84it/s]Sampling step:  50%|████▉     | 998/2000 [00:12<00:12, 82.82it/s]Sampling step:  50%|█████     | 1007/2000 [00:12<00:11, 82.94it/s]Sampling step:  51%|█████     | 1016/2000 [00:12<00:11, 82.78it/s]Sampling step:  51%|█████▏    | 1025/2000 [00:12<00:11, 82.74it/s]Sampling step:  52%|█████▏    | 1034/2000 [00:12<00:11, 82.74it/s]Sampling step:  52%|█████▏    | 1043/2000 [00:12<00:11, 82.77it/s]Sampling step:  53%|█████▎    | 1052/2000 [00:12<00:11, 82.72it/s]Sampling step:  53%|█████▎    | 1061/2000 [00:12<00:11, 82.71it/s]Sampling step:  54%|█████▎    | 1070/2000 [00:12<00:11, 82.79it/s]Sampling step:  54%|█████▍    | 1079/2000 [00:13<00:11, 82.32it/s]Sampling step:  54%|█████▍    | 1088/2000 [00:13<00:11, 82.40it/s]Sampling step:  55%|█████▍    | 1097/2000 [00:13<00:10, 82.46it/s]Sampling step:  55%|█████▌    | 1106/2000 [00:13<00:10, 82.47it/s]Sampling step:  56%|█████▌    | 1115/2000 [00:13<00:10, 82.57it/s]Sampling step:  56%|█████▌    | 1124/2000 [00:13<00:10, 82.63it/s]Sampling step:  57%|█████▋    | 1133/2000 [00:13<00:10, 82.61it/s]Sampling step:  57%|█████▋    | 1142/2000 [00:13<00:10, 82.18it/s]Sampling step:  58%|█████▊    | 1151/2000 [00:13<00:10, 82.34it/s]Sampling step:  58%|█████▊    | 1160/2000 [00:14<00:10, 82.44it/s]Sampling step:  58%|█████▊    | 1169/2000 [00:14<00:10, 82.66it/s]Sampling step:  59%|█████▉    | 1178/2000 [00:14<00:09, 82.63it/s]Sampling step:  59%|█████▉    | 1187/2000 [00:14<00:09, 82.66it/s]Sampling step:  60%|█████▉    | 1196/2000 [00:14<00:09, 82.65it/s]Sampling step:  60%|██████    | 1205/2000 [00:14<00:09, 82.64it/s]Sampling step:  61%|██████    | 1214/2000 [00:14<00:09, 82.74it/s]Sampling step:  61%|██████    | 1223/2000 [00:14<00:09, 82.55it/s]Sampling step:  62%|██████▏   | 1232/2000 [00:14<00:09, 82.77it/s]Sampling step:  62%|██████▏   | 1241/2000 [00:15<00:09, 82.80it/s]Sampling step:  62%|██████▎   | 1250/2000 [00:15<00:09, 82.73it/s]Sampling step:  63%|██████▎   | 1259/2000 [00:15<00:08, 82.42it/s]Sampling step:  63%|██████▎   | 1268/2000 [00:15<00:08, 82.39it/s]Sampling step:  64%|██████▍   | 1277/2000 [00:15<00:08, 82.45it/s]Sampling step:  64%|██████▍   | 1286/2000 [00:15<00:08, 82.50it/s]Sampling step:  65%|██████▍   | 1295/2000 [00:15<00:08, 82.61it/s]Sampling step:  65%|██████▌   | 1304/2000 [00:15<00:08, 82.58it/s]Sampling step:  66%|██████▌   | 1313/2000 [00:15<00:08, 82.68it/s]Sampling step:  66%|██████▌   | 1322/2000 [00:15<00:08, 82.75it/s]Sampling step:  67%|██████▋   | 1331/2000 [00:16<00:08, 82.88it/s]Sampling step:  67%|██████▋   | 1340/2000 [00:16<00:07, 82.78it/s]Sampling step:  67%|██████▋   | 1349/2000 [00:16<00:07, 82.83it/s]Sampling step:  68%|██████▊   | 1358/2000 [00:16<00:07, 82.89it/s]Sampling step:  68%|██████▊   | 1367/2000 [00:16<00:07, 82.74it/s]Sampling step:  69%|██████▉   | 1376/2000 [00:16<00:07, 82.76it/s]Sampling step:  69%|██████▉   | 1385/2000 [00:16<00:07, 82.74it/s]Sampling step:  70%|██████▉   | 1394/2000 [00:16<00:07, 82.83it/s]Sampling step:  70%|███████   | 1403/2000 [00:16<00:07, 82.89it/s]Sampling step:  71%|███████   | 1412/2000 [00:17<00:07, 82.95it/s]Sampling step:  71%|███████   | 1421/2000 [00:17<00:06, 82.85it/s]Sampling step:  72%|███████▏  | 1430/2000 [00:17<00:06, 82.60it/s]Sampling step:  72%|███████▏  | 1439/2000 [00:17<00:06, 82.64it/s]Sampling step:  72%|███████▏  | 1448/2000 [00:17<00:06, 82.77it/s]Sampling step:  73%|███████▎  | 1457/2000 [00:17<00:06, 82.84it/s]Sampling step:  73%|███████▎  | 1466/2000 [00:17<00:06, 82.81it/s]Sampling step:  74%|███████▍  | 1475/2000 [00:17<00:06, 82.86it/s]Sampling step:  74%|███████▍  | 1484/2000 [00:17<00:06, 82.79it/s]Sampling step:  75%|███████▍  | 1493/2000 [00:18<00:06, 82.83it/s]Sampling step:  75%|███████▌  | 1502/2000 [00:18<00:06, 82.82it/s]Sampling step:  76%|███████▌  | 1511/2000 [00:18<00:05, 82.93it/s]Sampling step:  76%|███████▌  | 1520/2000 [00:18<00:05, 82.96it/s]Sampling step:  76%|███████▋  | 1529/2000 [00:18<00:05, 82.97it/s]Sampling step:  77%|███████▋  | 1538/2000 [00:18<00:05, 82.96it/s]Sampling step:  77%|███████▋  | 1547/2000 [00:18<00:05, 82.84it/s]Sampling step:  78%|███████▊  | 1556/2000 [00:18<00:05, 82.69it/s]Sampling step:  78%|███████▊  | 1565/2000 [00:18<00:05, 82.76it/s]Sampling step:  79%|███████▊  | 1574/2000 [00:19<00:05, 82.83it/s]Sampling step:  79%|███████▉  | 1583/2000 [00:19<00:05, 82.87it/s]Sampling step:  80%|███████▉  | 1592/2000 [00:19<00:04, 82.90it/s]Sampling step:  80%|████████  | 1601/2000 [00:19<00:04, 82.84it/s]Sampling step:  80%|████████  | 1610/2000 [00:19<00:04, 82.67it/s]Sampling step:  81%|████████  | 1619/2000 [00:19<00:04, 82.65it/s]Sampling step:  81%|████████▏ | 1628/2000 [00:19<00:04, 82.69it/s]Sampling step:  82%|████████▏ | 1637/2000 [00:19<00:04, 82.67it/s]Sampling step:  82%|████████▏ | 1646/2000 [00:19<00:04, 82.69it/s]Sampling step:  83%|████████▎ | 1655/2000 [00:20<00:04, 82.71it/s]Sampling step:  83%|████████▎ | 1664/2000 [00:20<00:04, 82.90it/s]Sampling step:  84%|████████▎ | 1673/2000 [00:20<00:03, 82.75it/s]Sampling step:  84%|████████▍ | 1682/2000 [00:20<00:03, 82.89it/s]Sampling step:  85%|████████▍ | 1691/2000 [00:20<00:03, 82.86it/s]Sampling step:  85%|████████▌ | 1700/2000 [00:20<00:03, 82.83it/s]Sampling step:  85%|████████▌ | 1709/2000 [00:20<00:03, 82.81it/s]Sampling step:  86%|████████▌ | 1718/2000 [00:20<00:03, 82.72it/s]Sampling step:  86%|████████▋ | 1727/2000 [00:20<00:03, 82.82it/s]Sampling step:  87%|████████▋ | 1736/2000 [00:20<00:03, 82.90it/s]Sampling step:  87%|████████▋ | 1745/2000 [00:21<00:03, 83.03it/s]Sampling step:  88%|████████▊ | 1754/2000 [00:21<00:02, 82.94it/s]Sampling step:  88%|████████▊ | 1763/2000 [00:21<00:02, 82.94it/s]Sampling step:  89%|████████▊ | 1772/2000 [00:21<00:02, 82.99it/s]Sampling step:  89%|████████▉ | 1781/2000 [00:21<00:02, 82.53it/s]Sampling step:  90%|████████▉ | 1790/2000 [00:21<00:02, 82.58it/s]Sampling step:  90%|████████▉ | 1799/2000 [00:21<00:02, 82.62it/s]Sampling step:  90%|█████████ | 1808/2000 [00:21<00:02, 82.67it/s]Sampling step:  91%|█████████ | 1817/2000 [00:21<00:02, 82.72it/s]Sampling step:  91%|█████████▏| 1826/2000 [00:22<00:02, 82.76it/s]Sampling step:  92%|█████████▏| 1835/2000 [00:22<00:01, 82.85it/s]Sampling step:  92%|█████████▏| 1844/2000 [00:22<00:01, 82.79it/s]Sampling step:  93%|█████████▎| 1853/2000 [00:22<00:01, 82.70it/s]Sampling step:  93%|█████████▎| 1862/2000 [00:22<00:01, 82.77it/s]Sampling step:  94%|█████████▎| 1871/2000 [00:22<00:01, 82.68it/s]Sampling step:  94%|█████████▍| 1880/2000 [00:22<00:01, 82.64it/s]Sampling step:  94%|█████████▍| 1889/2000 [00:22<00:01, 82.77it/s]Sampling step:  95%|█████████▍| 1898/2000 [00:22<00:01, 82.91it/s]Sampling step:  95%|█████████▌| 1907/2000 [00:23<00:01, 82.92it/s]Sampling step:  96%|█████████▌| 1916/2000 [00:23<00:01, 82.92it/s]Sampling step:  96%|█████████▋| 1925/2000 [00:23<00:00, 82.84it/s]Sampling step:  97%|█████████▋| 1934/2000 [00:23<00:00, 82.81it/s]Sampling step:  97%|█████████▋| 1943/2000 [00:23<00:00, 82.78it/s]Sampling step:  98%|█████████▊| 1952/2000 [00:23<00:00, 82.81it/s]Sampling step:  98%|█████████▊| 1961/2000 [00:23<00:00, 82.17it/s]Sampling step:  98%|█████████▊| 1970/2000 [00:23<00:00, 82.36it/s]Sampling step:  99%|█████████▉| 1979/2000 [00:23<00:00, 82.56it/s]Sampling step:  99%|█████████▉| 1988/2000 [00:24<00:00, 82.62it/s]Sampling step: 100%|█████████▉| 1997/2000 [00:24<00:00, 82.65it/s]Sampling step: 100%|██████████| 2000/2000 [00:24<00:00, 82.69it/s]
  [15/40] 0042: diffusion error  2.51 mm | non-rigid residual  0.65 mm
Sampling step:   0%|          | 0/2000 [00:00<?, ?it/s]Sampling step:   0%|          | 8/2000 [00:00<00:26, 73.83it/s]Sampling step:   1%|          | 17/2000 [00:00<00:25, 79.28it/s]Sampling step:   1%|▏         | 26/2000 [00:00<00:24, 80.99it/s]Sampling step:   2%|▏         | 35/2000 [00:00<00:24, 81.68it/s]Sampling step:   2%|▏         | 44/2000 [00:00<00:23, 81.94it/s]Sampling step:   3%|▎         | 53/2000 [00:00<00:23, 82.26it/s]Sampling step:   3%|▎         | 62/2000 [00:00<00:23, 82.48it/s]Sampling step:   4%|▎         | 71/2000 [00:00<00:23, 82.64it/s]Sampling step:   4%|▍         | 80/2000 [00:00<00:23, 82.78it/s]Sampling step:   4%|▍         | 89/2000 [00:01<00:23, 82.92it/s]Sampling step:   5%|▍         | 98/2000 [00:01<00:22, 83.07it/s]Sampling step:   5%|▌         | 107/2000 [00:01<00:22, 83.04it/s]Sampling step:   6%|▌         | 116/2000 [00:01<00:22, 82.87it/s]Sampling step:   6%|▋         | 125/2000 [00:01<00:22, 82.72it/s]Sampling step:   7%|▋         | 134/2000 [00:01<00:22, 82.71it/s]Sampling step:   7%|▋         | 143/2000 [00:01<00:22, 82.76it/s]Sampling step:   8%|▊         | 152/2000 [00:01<00:22, 82.83it/s]Sampling step:   8%|▊         | 161/2000 [00:01<00:22, 82.93it/s]Sampling step:   8%|▊         | 170/2000 [00:02<00:22, 82.83it/s]Sampling step:   9%|▉         | 179/2000 [00:02<00:23, 78.07it/s]Sampling step:   9%|▉         | 188/2000 [00:02<00:22, 79.43it/s]Sampling step:  10%|▉         | 197/2000 [00:02<00:22, 80.39it/s]Sampling step:  10%|█         | 206/2000 [00:02<00:22, 80.93it/s]Sampling step:  11%|█         | 215/2000 [00:02<00:21, 81.56it/s]Sampling step:  11%|█         | 224/2000 [00:02<00:21, 81.95it/s]Sampling step:  12%|█▏        | 233/2000 [00:02<00:21, 82.14it/s]Sampling step:  12%|█▏        | 242/2000 [00:02<00:21, 82.30it/s]Sampling step:  13%|█▎        | 251/2000 [00:03<00:21, 82.32it/s]Sampling step:  13%|█▎        | 260/2000 [00:03<00:21, 82.59it/s]Sampling step:  13%|█▎        | 269/2000 [00:03<00:20, 82.75it/s]Sampling step:  14%|█▍        | 278/2000 [00:03<00:20, 82.85it/s]Sampling step:  14%|█▍        | 287/2000 [00:03<00:20, 82.83it/s]Sampling step:  15%|█▍        | 296/2000 [00:03<00:20, 82.83it/s]Sampling step:  15%|█▌        | 305/2000 [00:03<00:20, 83.06it/s]Sampling step:  16%|█▌        | 314/2000 [00:03<00:20, 83.20it/s]Sampling step:  16%|█▌        | 323/2000 [00:03<00:20, 83.14it/s]Sampling step:  17%|█▋        | 332/2000 [00:04<00:20, 82.91it/s]Sampling step:  17%|█▋        | 341/2000 [00:04<00:20, 82.83it/s]Sampling step:  18%|█▊        | 350/2000 [00:04<00:19, 82.52it/s]Sampling step:  18%|█▊        | 359/2000 [00:04<00:19, 82.42it/s]Sampling step:  18%|█▊        | 368/2000 [00:04<00:19, 82.53it/s]Sampling step:  19%|█▉        | 377/2000 [00:04<00:19, 82.50it/s]Sampling step:  19%|█▉        | 386/2000 [00:04<00:19, 82.56it/s]Sampling step:  20%|█▉        | 395/2000 [00:04<00:19, 82.56it/s]Sampling step:  20%|██        | 404/2000 [00:04<00:19, 82.75it/s]Sampling step:  21%|██        | 413/2000 [00:05<00:19, 82.77it/s]Sampling step:  21%|██        | 422/2000 [00:05<00:19, 82.88it/s]Sampling step:  22%|██▏       | 431/2000 [00:05<00:18, 83.06it/s]Sampling step:  22%|██▏       | 440/2000 [00:05<00:18, 82.99it/s]Sampling step:  22%|██▏       | 449/2000 [00:05<00:18, 82.85it/s]Sampling step:  23%|██▎       | 458/2000 [00:05<00:18, 82.84it/s]Sampling step:  23%|██▎       | 467/2000 [00:05<00:18, 82.99it/s]Sampling step:  24%|██▍       | 476/2000 [00:05<00:18, 83.06it/s]Sampling step:  24%|██▍       | 485/2000 [00:05<00:18, 83.00it/s]Sampling step:  25%|██▍       | 494/2000 [00:05<00:18, 83.01it/s]Sampling step:  25%|██▌       | 503/2000 [00:06<00:18, 82.78it/s]Sampling step:  26%|██▌       | 512/2000 [00:06<00:17, 82.76it/s]Sampling step:  26%|██▌       | 521/2000 [00:06<00:17, 82.71it/s]Sampling step:  26%|██▋       | 530/2000 [00:06<00:17, 82.43it/s]Sampling step:  27%|██▋       | 539/2000 [00:06<00:17, 82.54it/s]Sampling step:  27%|██▋       | 548/2000 [00:06<00:17, 82.73it/s]Sampling step:  28%|██▊       | 557/2000 [00:06<00:17, 82.82it/s]Sampling step:  28%|██▊       | 566/2000 [00:06<00:17, 82.80it/s]Sampling step:  29%|██▉       | 575/2000 [00:06<00:17, 82.78it/s]Sampling step:  29%|██▉       | 584/2000 [00:07<00:17, 82.66it/s]Sampling step:  30%|██▉       | 593/2000 [00:07<00:17, 82.71it/s]Sampling step:  30%|███       | 602/2000 [00:07<00:16, 82.72it/s]Sampling step:  31%|███       | 611/2000 [00:07<00:16, 82.69it/s]Sampling step:  31%|███       | 620/2000 [00:07<00:16, 82.76it/s]Sampling step:  31%|███▏      | 629/2000 [00:07<00:16, 82.83it/s]Sampling step:  32%|███▏      | 638/2000 [00:07<00:16, 82.78it/s]Sampling step:  32%|███▏      | 647/2000 [00:07<00:16, 82.78it/s]Sampling step:  33%|███▎      | 656/2000 [00:07<00:16, 82.82it/s]Sampling step:  33%|███▎      | 665/2000 [00:08<00:16, 82.66it/s]Sampling step:  34%|███▎      | 674/2000 [00:08<00:16, 82.75it/s]Sampling step:  34%|███▍      | 683/2000 [00:08<00:15, 82.80it/s]Sampling step:  35%|███▍      | 692/2000 [00:08<00:15, 82.76it/s]Sampling step:  35%|███▌      | 701/2000 [00:08<00:15, 82.37it/s]Sampling step:  36%|███▌      | 710/2000 [00:08<00:15, 82.42it/s]Sampling step:  36%|███▌      | 719/2000 [00:08<00:15, 82.54it/s]Sampling step:  36%|███▋      | 728/2000 [00:08<00:15, 82.58it/s]Sampling step:  37%|███▋      | 737/2000 [00:08<00:15, 82.76it/s]Sampling step:  37%|███▋      | 746/2000 [00:09<00:15, 82.68it/s]Sampling step:  38%|███▊      | 755/2000 [00:09<00:15, 82.73it/s]Sampling step:  38%|███▊      | 764/2000 [00:09<00:14, 82.83it/s]Sampling step:  39%|███▊      | 773/2000 [00:09<00:14, 82.78it/s]Sampling step:  39%|███▉      | 782/2000 [00:09<00:14, 82.73it/s]Sampling step:  40%|███▉      | 791/2000 [00:09<00:14, 82.64it/s]Sampling step:  40%|████      | 800/2000 [00:09<00:14, 82.80it/s]Sampling step:  40%|████      | 809/2000 [00:09<00:14, 82.92it/s]Sampling step:  41%|████      | 818/2000 [00:09<00:14, 82.99it/s]Sampling step:  41%|████▏     | 827/2000 [00:10<00:14, 82.80it/s]Sampling step:  42%|████▏     | 836/2000 [00:10<00:14, 82.74it/s]Sampling step:  42%|████▏     | 845/2000 [00:10<00:13, 82.73it/s]Sampling step:  43%|████▎     | 854/2000 [00:10<00:13, 82.82it/s]Sampling step:  43%|████▎     | 863/2000 [00:10<00:13, 82.80it/s]Sampling step:  44%|████▎     | 872/2000 [00:10<00:13, 82.94it/s]Sampling step:  44%|████▍     | 881/2000 [00:10<00:13, 82.45it/s]Sampling step:  44%|████▍     | 890/2000 [00:10<00:13, 82.55it/s]Sampling step:  45%|████▍     | 899/2000 [00:10<00:13, 82.64it/s]Sampling step:  45%|████▌     | 908/2000 [00:11<00:13, 82.64it/s]Sampling step:  46%|████▌     | 917/2000 [00:11<00:13, 82.55it/s]Sampling step:  46%|████▋     | 926/2000 [00:11<00:12, 82.69it/s]Sampling step:  47%|████▋     | 935/2000 [00:11<00:12, 82.72it/s]Sampling step:  47%|████▋     | 944/2000 [00:11<00:12, 82.73it/s]Sampling step:  48%|████▊     | 953/2000 [00:11<00:12, 82.75it/s]Sampling step:  48%|████▊     | 962/2000 [00:11<00:12, 82.77it/s]Sampling step:  49%|████▊     | 971/2000 [00:11<00:12, 82.80it/s]Sampling step:  49%|████▉     | 980/2000 [00:11<00:12, 82.78it/s]Sampling step:  49%|████▉     | 989/2000 [00:11<00:12, 82.80it/s]Sampling step:  50%|████▉     | 998/2000 [00:12<00:12, 82.78it/s]Sampling step:  50%|█████     | 1007/2000 [00:12<00:11, 82.77it/s]Sampling step:  51%|█████     | 1016/2000 [00:12<00:11, 82.75it/s]Sampling step:  51%|█████▏    | 1025/2000 [00:12<00:11, 82.75it/s]Sampling step:  52%|█████▏    | 1034/2000 [00:12<00:11, 82.67it/s]Sampling step:  52%|█████▏    | 1043/2000 [00:12<00:11, 82.76it/s]Sampling step:  53%|█████▎    | 1052/2000 [00:12<00:11, 82.49it/s]Sampling step:  53%|█████▎    | 1061/2000 [00:12<00:11, 82.46it/s]Sampling step:  54%|█████▎    | 1070/2000 [00:12<00:11, 82.61it/s]Sampling step:  54%|█████▍    | 1079/2000 [00:13<00:11, 82.53it/s]Sampling step:  54%|█████▍    | 1088/2000 [00:13<00:11, 82.64it/s]Sampling step:  55%|█████▍    | 1097/2000 [00:13<00:10, 82.66it/s]Sampling step:  55%|█████▌    | 1106/2000 [00:13<00:10, 82.68it/s]Sampling step:  56%|█████▌    | 1115/2000 [00:13<00:10, 82.60it/s]Sampling step:  56%|█████▌    | 1124/2000 [00:13<00:10, 82.59it/s]Sampling step:  57%|█████▋    | 1133/2000 [00:13<00:10, 82.68it/s]Sampling step:  57%|█████▋    | 1142/2000 [00:13<00:10, 82.79it/s]Sampling step:  58%|█████▊    | 1151/2000 [00:13<00:10, 82.93it/s]Sampling step:  58%|█████▊    | 1160/2000 [00:14<00:10, 82.75it/s]Sampling step:  58%|█████▊    | 1169/2000 [00:14<00:10, 82.76it/s]Sampling step:  59%|█████▉    | 1178/2000 [00:14<00:09, 82.79it/s]Sampling step:  59%|█████▉    | 1187/2000 [00:14<00:09, 82.74it/s]Sampling step:  60%|█████▉    | 1196/2000 [00:14<00:09, 82.76it/s]Sampling step:  60%|██████    | 1205/2000 [00:14<00:09, 82.65it/s]Sampling step:  61%|██████    | 1214/2000 [00:14<00:09, 82.68it/s]Sampling step:  61%|██████    | 1223/2000 [00:14<00:09, 82.64it/s]Sampling step:  62%|██████▏   | 1232/2000 [00:14<00:09, 82.52it/s]Sampling step:  62%|██████▏   | 1241/2000 [00:15<00:09, 82.25it/s]Sampling step:  62%|██████▎   | 1250/2000 [00:15<00:09, 82.38it/s]Sampling step:  63%|██████▎   | 1259/2000 [00:15<00:08, 82.65it/s]Sampling step:  63%|██████▎   | 1268/2000 [00:15<00:08, 82.75it/s]Sampling step:  64%|██████▍   | 1277/2000 [00:15<00:08, 82.76it/s]Sampling step:  64%|██████▍   | 1286/2000 [00:15<00:08, 82.71it/s]Sampling step:  65%|██████▍   | 1295/2000 [00:15<00:08, 82.71it/s]Sampling step:  65%|██████▌   | 1304/2000 [00:15<00:08, 82.83it/s]Sampling step:  66%|██████▌   | 1313/2000 [00:15<00:08, 82.96it/s]Sampling step:  66%|██████▌   | 1322/2000 [00:16<00:08, 82.97it/s]Sampling step:  67%|██████▋   | 1331/2000 [00:16<00:08, 82.87it/s]Sampling step:  67%|██████▋   | 1340/2000 [00:16<00:07, 82.89it/s]Sampling step:  67%|██████▋   | 1349/2000 [00:16<00:07, 82.85it/s]Sampling step:  68%|██████▊   | 1358/2000 [00:16<00:07, 82.92it/s]Sampling step:  68%|██████▊   | 1367/2000 [00:16<00:07, 82.89it/s]Sampling step:  69%|██████▉   | 1376/2000 [00:16<00:07, 82.97it/s]Sampling step:  69%|██████▉   | 1385/2000 [00:16<00:07, 83.07it/s]Sampling step:  70%|██████▉   | 1394/2000 [00:16<00:07, 83.23it/s]Sampling step:  70%|███████   | 1403/2000 [00:16<00:07, 83.13it/s]Sampling step:  71%|███████   | 1412/2000 [00:17<00:07, 82.89it/s]Sampling step:  71%|███████   | 1421/2000 [00:17<00:06, 82.90it/s]Sampling step:  72%|███████▏  | 1430/2000 [00:17<00:06, 83.08it/s]Sampling step:  72%|███████▏  | 1439/2000 [00:17<00:06, 83.05it/s]Sampling step:  72%|███████▏  | 1448/2000 [00:17<00:06, 82.91it/s]Sampling step:  73%|███████▎  | 1457/2000 [00:17<00:06, 83.04it/s]Sampling step:  73%|███████▎  | 1466/2000 [00:17<00:06, 83.03it/s]Sampling step:  74%|███████▍  | 1475/2000 [00:17<00:06, 83.03it/s]Sampling step:  74%|███████▍  | 1484/2000 [00:17<00:06, 82.96it/s]Sampling step:  75%|███████▍  | 1493/2000 [00:18<00:06, 83.01it/s]Sampling step:  75%|███████▌  | 1502/2000 [00:18<00:05, 83.11it/s]Sampling step:  76%|███████▌  | 1511/2000 [00:18<00:05, 83.01it/s]Sampling step:  76%|███████▌  | 1520/2000 [00:18<00:05, 82.91it/s]Sampling step:  76%|███████▋  | 1529/2000 [00:18<00:05, 82.98it/s]Sampling step:  77%|███████▋  | 1538/2000 [00:18<00:05, 83.03it/s]Sampling step:  77%|███████▋  | 1547/2000 [00:18<00:05, 83.10it/s]Sampling step:  78%|███████▊  | 1556/2000 [00:18<00:05, 83.04it/s]Sampling step:  78%|███████▊  | 1565/2000 [00:18<00:05, 83.06it/s]Sampling step:  79%|███████▊  | 1574/2000 [00:19<00:05, 82.95it/s]Sampling step:  79%|███████▉  | 1583/2000 [00:19<00:05, 82.86it/s]Sampling step:  80%|███████▉  | 1592/2000 [00:19<00:04, 82.91it/s]Sampling step:  80%|████████  | 1601/2000 [00:19<00:04, 82.87it/s]Sampling step:  80%|████████  | 1610/2000 [00:19<00:04, 82.94it/s]Sampling step:  81%|████████  | 1619/2000 [00:19<00:04, 82.78it/s]Sampling step:  81%|████████▏ | 1628/2000 [00:19<00:04, 82.95it/s]Sampling step:  82%|████████▏ | 1637/2000 [00:19<00:04, 82.95it/s]Sampling step:  82%|████████▏ | 1646/2000 [00:19<00:04, 82.93it/s]Sampling step:  83%|████████▎ | 1655/2000 [00:20<00:04, 82.82it/s]Sampling step:  83%|████████▎ | 1664/2000 [00:20<00:04, 82.93it/s]Sampling step:  84%|████████▎ | 1673/2000 [00:20<00:03, 82.92it/s]Sampling step:  84%|████████▍ | 1682/2000 [00:20<00:03, 82.94it/s]Sampling step:  85%|████████▍ | 1691/2000 [00:20<00:03, 82.97it/s]Sampling step:  85%|████████▌ | 1700/2000 [00:20<00:03, 82.83it/s]Sampling step:  85%|████████▌ | 1709/2000 [00:20<00:03, 82.86it/s]Sampling step:  86%|████████▌ | 1718/2000 [00:20<00:03, 82.85it/s]Sampling step:  86%|████████▋ | 1727/2000 [00:20<00:03, 82.85it/s]Sampling step:  87%|████████▋ | 1736/2000 [00:20<00:03, 82.88it/s]Sampling step:  87%|████████▋ | 1745/2000 [00:21<00:03, 82.83it/s]Sampling step:  88%|████████▊ | 1754/2000 [00:21<00:02, 82.78it/s]Sampling step:  88%|████████▊ | 1763/2000 [00:21<00:02, 82.80it/s]Sampling step:  89%|████████▊ | 1772/2000 [00:21<00:02, 82.83it/s]Sampling step:  89%|████████▉ | 1781/2000 [00:21<00:02, 82.68it/s]Sampling step:  90%|████████▉ | 1790/2000 [00:21<00:02, 82.70it/s]Sampling step:  90%|████████▉ | 1799/2000 [00:21<00:02, 82.86it/s]Sampling step:  90%|█████████ | 1808/2000 [00:21<00:02, 82.95it/s]Sampling step:  91%|█████████ | 1817/2000 [00:21<00:02, 83.13it/s]Sampling step:  91%|█████████▏| 1826/2000 [00:22<00:02, 83.15it/s]Sampling step:  92%|█████████▏| 1835/2000 [00:22<00:01, 83.13it/s]Sampling step:  92%|█████████▏| 1844/2000 [00:22<00:01, 83.20it/s]Sampling step:  93%|█████████▎| 1853/2000 [00:22<00:01, 83.15it/s]Sampling step:  93%|█████████▎| 1862/2000 [00:22<00:01, 82.96it/s]Sampling step:  94%|█████████▎| 1871/2000 [00:22<00:01, 82.93it/s]Sampling step:  94%|█████████▍| 1880/2000 [00:22<00:01, 82.88it/s]Sampling step:  94%|█████████▍| 1889/2000 [00:22<00:01, 82.82it/s]Sampling step:  95%|█████████▍| 1898/2000 [00:22<00:01, 82.83it/s]Sampling step:  95%|█████████▌| 1907/2000 [00:23<00:01, 82.81it/s]Sampling step:  96%|█████████▌| 1916/2000 [00:23<00:01, 82.88it/s]Sampling step:  96%|█████████▋| 1925/2000 [00:23<00:00, 82.89it/s]Sampling step:  97%|█████████▋| 1934/2000 [00:23<00:00, 82.49it/s]Sampling step:  97%|█████████▋| 1943/2000 [00:23<00:00, 82.47it/s]Sampling step:  98%|█████████▊| 1952/2000 [00:23<00:00, 82.54it/s]Sampling step:  98%|█████████▊| 1961/2000 [00:23<00:00, 82.57it/s]Sampling step:  98%|█████████▊| 1970/2000 [00:23<00:00, 82.62it/s]Sampling step:  99%|█████████▉| 1979/2000 [00:23<00:00, 82.73it/s]Sampling step:  99%|█████████▉| 1988/2000 [00:24<00:00, 82.72it/s]Sampling step: 100%|█████████▉| 1997/2000 [00:24<00:00, 82.80it/s]Sampling step: 100%|██████████| 2000/2000 [00:24<00:00, 82.69it/s]
  [16/40] 0048: diffusion error  1.45 mm | non-rigid residual  0.54 mm
Sampling step:   0%|          | 0/2000 [00:00<?, ?it/s]Sampling step:   0%|          | 8/2000 [00:00<00:26, 74.50it/s]Sampling step:   1%|          | 17/2000 [00:00<00:25, 79.25it/s]Sampling step:   1%|▏         | 26/2000 [00:00<00:24, 80.80it/s]Sampling step:   2%|▏         | 35/2000 [00:00<00:24, 81.21it/s]Sampling step:   2%|▏         | 44/2000 [00:00<00:23, 81.83it/s]Sampling step:   3%|▎         | 53/2000 [00:00<00:23, 82.12it/s]Sampling step:   3%|▎         | 62/2000 [00:00<00:23, 82.54it/s]Sampling step:   4%|▎         | 71/2000 [00:00<00:23, 82.43it/s]Sampling step:   4%|▍         | 80/2000 [00:00<00:23, 82.45it/s]Sampling step:   4%|▍         | 89/2000 [00:01<00:23, 82.51it/s]Sampling step:   5%|▍         | 98/2000 [00:01<00:23, 82.58it/s]Sampling step:   5%|▌         | 107/2000 [00:01<00:22, 82.61it/s]Sampling step:   6%|▌         | 116/2000 [00:01<00:22, 82.60it/s]Sampling step:   6%|▋         | 125/2000 [00:01<00:22, 82.58it/s]Sampling step:   7%|▋         | 134/2000 [00:01<00:22, 82.69it/s]Sampling step:   7%|▋         | 143/2000 [00:01<00:22, 82.96it/s]Sampling step:   8%|▊         | 152/2000 [00:01<00:22, 82.98it/s]Sampling step:   8%|▊         | 161/2000 [00:01<00:22, 82.73it/s]Sampling step:   8%|▊         | 170/2000 [00:02<00:22, 82.79it/s]Sampling step:   9%|▉         | 179/2000 [00:02<00:21, 82.83it/s]Sampling step:   9%|▉         | 188/2000 [00:02<00:21, 82.84it/s]Sampling step:  10%|▉         | 197/2000 [00:02<00:21, 82.74it/s]Sampling step:  10%|█         | 206/2000 [00:02<00:21, 82.74it/s]Sampling step:  11%|█         | 215/2000 [00:02<00:21, 82.70it/s]Sampling step:  11%|█         | 224/2000 [00:02<00:21, 82.92it/s]Sampling step:  12%|█▏        | 233/2000 [00:02<00:21, 83.02it/s]Sampling step:  12%|█▏        | 242/2000 [00:02<00:21, 82.76it/s]Sampling step:  13%|█▎        | 251/2000 [00:03<00:21, 82.70it/s]Sampling step:  13%|█▎        | 260/2000 [00:03<00:21, 82.65it/s]Sampling step:  13%|█▎        | 269/2000 [00:03<00:20, 82.66it/s]Sampling step:  14%|█▍        | 278/2000 [00:03<00:20, 82.84it/s]Sampling step:  14%|█▍        | 287/2000 [00:03<00:20, 82.75it/s]Sampling step:  15%|█▍        | 296/2000 [00:03<00:20, 82.68it/s]Sampling step:  15%|█▌        | 305/2000 [00:03<00:20, 82.71it/s]Sampling step:  16%|█▌        | 314/2000 [00:03<00:20, 82.83it/s]Sampling step:  16%|█▌        | 323/2000 [00:03<00:20, 82.78it/s]Sampling step:  17%|█▋        | 332/2000 [00:04<00:20, 82.86it/s]Sampling step:  17%|█▋        | 341/2000 [00:04<00:20, 82.89it/s]Sampling step:  18%|█▊        | 350/2000 [00:04<00:19, 83.00it/s]Sampling step:  18%|█▊        | 359/2000 [00:04<00:19, 82.91it/s]Sampling step:  18%|█▊        | 368/2000 [00:04<00:19, 82.72it/s]Sampling step:  19%|█▉        | 377/2000 [00:04<00:19, 82.88it/s]Sampling step:  19%|█▉        | 386/2000 [00:04<00:19, 82.94it/s]Sampling step:  20%|█▉        | 395/2000 [00:04<00:19, 82.81it/s]Sampling step:  20%|██        | 404/2000 [00:04<00:19, 82.94it/s]Sampling step:  21%|██        | 413/2000 [00:05<00:19, 82.91it/s]Sampling step:  21%|██        | 422/2000 [00:05<00:19, 82.84it/s]Sampling step:  22%|██▏       | 431/2000 [00:05<00:18, 83.04it/s]Sampling step:  22%|██▏       | 440/2000 [00:05<00:18, 82.98it/s]Sampling step:  22%|██▏       | 449/2000 [00:05<00:18, 82.86it/s]Sampling step:  23%|██▎       | 458/2000 [00:05<00:18, 82.95it/s]Sampling step:  23%|██▎       | 467/2000 [00:05<00:18, 82.98it/s]Sampling step:  24%|██▍       | 476/2000 [00:05<00:18, 82.94it/s]Sampling step:  24%|██▍       | 485/2000 [00:05<00:18, 82.94it/s]Sampling step:  25%|██▍       | 494/2000 [00:05<00:18, 82.87it/s]Sampling step:  25%|██▌       | 503/2000 [00:06<00:18, 82.74it/s]Sampling step:  26%|██▌       | 512/2000 [00:06<00:17, 82.93it/s]Sampling step:  26%|██▌       | 521/2000 [00:06<00:17, 82.89it/s]Sampling step:  26%|██▋       | 530/2000 [00:06<00:17, 82.77it/s]Sampling step:  27%|██▋       | 539/2000 [00:06<00:17, 82.70it/s]Sampling step:  27%|██▋       | 548/2000 [00:06<00:17, 82.77it/s]Sampling step:  28%|██▊       | 557/2000 [00:06<00:17, 82.95it/s]Sampling step:  28%|██▊       | 566/2000 [00:06<00:17, 83.03it/s]Sampling step:  29%|██▉       | 575/2000 [00:06<00:17, 83.01it/s]Sampling step:  29%|██▉       | 584/2000 [00:07<00:17, 83.16it/s]Sampling step:  30%|██▉       | 593/2000 [00:07<00:16, 82.96it/s]Sampling step:  30%|███       | 602/2000 [00:07<00:16, 82.86it/s]Sampling step:  31%|███       | 611/2000 [00:07<00:16, 82.82it/s]Sampling step:  31%|███       | 620/2000 [00:07<00:16, 82.77it/s]Sampling step:  31%|███▏      | 629/2000 [00:07<00:16, 83.07it/s]Sampling step:  32%|███▏      | 638/2000 [00:07<00:16, 83.16it/s]Sampling step:  32%|███▏      | 647/2000 [00:07<00:16, 83.01it/s]Sampling step:  33%|███▎      | 656/2000 [00:07<00:16, 82.97it/s]Sampling step:  33%|███▎      | 665/2000 [00:08<00:16, 82.96it/s]Sampling step:  34%|███▎      | 674/2000 [00:08<00:16, 82.81it/s]Sampling step:  34%|███▍      | 683/2000 [00:08<00:15, 82.83it/s]Sampling step:  35%|███▍      | 692/2000 [00:08<00:15, 82.74it/s]Sampling step:  35%|███▌      | 701/2000 [00:08<00:15, 82.62it/s]Sampling step:  36%|███▌      | 710/2000 [00:08<00:15, 82.78it/s]Sampling step:  36%|███▌      | 719/2000 [00:08<00:15, 82.89it/s]Sampling step:  36%|███▋      | 728/2000 [00:08<00:15, 82.84it/s]Sampling step:  37%|███▋      | 737/2000 [00:08<00:15, 82.72it/s]Sampling step:  37%|███▋      | 746/2000 [00:09<00:15, 82.76it/s]Sampling step:  38%|███▊      | 755/2000 [00:09<00:15, 82.79it/s]Sampling step:  38%|███▊      | 764/2000 [00:09<00:14, 82.96it/s]Sampling step:  39%|███▊      | 773/2000 [00:09<00:14, 82.59it/s]Sampling step:  39%|███▉      | 782/2000 [00:09<00:14, 82.65it/s]Sampling step:  40%|███▉      | 791/2000 [00:09<00:14, 82.74it/s]Sampling step:  40%|████      | 800/2000 [00:09<00:14, 82.76it/s]Sampling step:  40%|████      | 809/2000 [00:09<00:14, 82.82it/s]Sampling step:  41%|████      | 818/2000 [00:09<00:14, 82.85it/s]Sampling step:  41%|████▏     | 827/2000 [00:09<00:14, 82.70it/s]Sampling step:  42%|████▏     | 836/2000 [00:10<00:14, 82.68it/s]Sampling step:  42%|████▏     | 845/2000 [00:10<00:13, 82.78it/s]Sampling step:  43%|████▎     | 854/2000 [00:10<00:13, 82.77it/s]Sampling step:  43%|████▎     | 863/2000 [00:10<00:13, 82.71it/s]Sampling step:  44%|████▎     | 872/2000 [00:10<00:13, 82.39it/s]Sampling step:  44%|████▍     | 881/2000 [00:10<00:13, 82.46it/s]Sampling step:  44%|████▍     | 890/2000 [00:10<00:13, 82.54it/s]Sampling step:  45%|████▍     | 899/2000 [00:10<00:13, 82.63it/s]Sampling step:  45%|████▌     | 908/2000 [00:10<00:13, 82.57it/s]Sampling step:  46%|████▌     | 917/2000 [00:11<00:13, 82.59it/s]Sampling step:  46%|████▋     | 926/2000 [00:11<00:12, 82.67it/s]Sampling step:  47%|████▋     | 935/2000 [00:11<00:12, 82.74it/s]Sampling step:  47%|████▋     | 944/2000 [00:11<00:12, 82.69it/s]Sampling step:  48%|████▊     | 953/2000 [00:11<00:12, 82.63it/s]Sampling step:  48%|████▊     | 962/2000 [00:11<00:12, 82.65it/s]Sampling step:  49%|████▊     | 971/2000 [00:11<00:12, 82.65it/s]Sampling step:  49%|████▉     | 980/2000 [00:11<00:12, 82.68it/s]Sampling step:  49%|████▉     | 989/2000 [00:11<00:12, 82.61it/s]Sampling step:  50%|████▉     | 998/2000 [00:12<00:12, 82.80it/s]Sampling step:  50%|█████     | 1007/2000 [00:12<00:12, 82.71it/s]Sampling step:  51%|█████     | 1016/2000 [00:12<00:11, 82.77it/s]Sampling step:  51%|█████▏    | 1025/2000 [00:12<00:11, 82.84it/s]Sampling step:  52%|█████▏    | 1034/2000 [00:12<00:11, 82.79it/s]Sampling step:  52%|█████▏    | 1043/2000 [00:12<00:11, 82.78it/s]Sampling step:  53%|█████▎    | 1052/2000 [00:12<00:11, 82.86it/s]Sampling step:  53%|█████▎    | 1061/2000 [00:12<00:11, 82.93it/s]Sampling step:  54%|█████▎    | 1070/2000 [00:12<00:11, 82.86it/s]Sampling step:  54%|█████▍    | 1079/2000 [00:13<00:11, 82.71it/s]Sampling step:  54%|█████▍    | 1088/2000 [00:13<00:11, 82.73it/s]Sampling step:  55%|█████▍    | 1097/2000 [00:13<00:10, 82.72it/s]Sampling step:  55%|█████▌    | 1106/2000 [00:13<00:10, 82.67it/s]Sampling step:  56%|█████▌    | 1115/2000 [00:13<00:10, 82.62it/s]Sampling step:  56%|█████▌    | 1124/2000 [00:13<00:10, 82.53it/s]Sampling step:  57%|█████▋    | 1133/2000 [00:13<00:10, 82.61it/s]Sampling step:  57%|█████▋    | 1142/2000 [00:13<00:10, 82.61it/s]Sampling step:  58%|█████▊    | 1151/2000 [00:13<00:10, 82.52it/s]Sampling step:  58%|█████▊    | 1160/2000 [00:14<00:10, 82.64it/s]Sampling step:  58%|█████▊    | 1169/2000 [00:14<00:10, 82.69it/s]Sampling step:  59%|█████▉    | 1178/2000 [00:14<00:09, 82.63it/s]Sampling step:  59%|█████▉    | 1187/2000 [00:14<00:09, 82.63it/s]Sampling step:  60%|█████▉    | 1196/2000 [00:14<00:09, 82.41it/s]Sampling step:  60%|██████    | 1205/2000 [00:14<00:09, 82.48it/s]Sampling step:  61%|██████    | 1214/2000 [00:14<00:09, 82.53it/s]Sampling step:  61%|██████    | 1223/2000 [00:14<00:09, 82.64it/s]Sampling step:  62%|██████▏   | 1232/2000 [00:14<00:09, 82.65it/s]Sampling step:  62%|██████▏   | 1241/2000 [00:15<00:09, 82.65it/s]Sampling step:  62%|██████▎   | 1250/2000 [00:15<00:09, 82.66it/s]Sampling step:  63%|██████▎   | 1259/2000 [00:15<00:08, 82.73it/s]Sampling step:  63%|██████▎   | 1268/2000 [00:15<00:08, 82.76it/s]Sampling step:  64%|██████▍   | 1277/2000 [00:15<00:08, 82.55it/s]Sampling step:  64%|██████▍   | 1286/2000 [00:15<00:08, 82.67it/s]Sampling step:  65%|██████▍   | 1295/2000 [00:15<00:08, 82.68it/s]Sampling step:  65%|██████▌   | 1304/2000 [00:15<00:08, 82.58it/s]Sampling step:  66%|██████▌   | 1313/2000 [00:15<00:08, 82.60it/s]Sampling step:  66%|██████▌   | 1322/2000 [00:15<00:08, 82.51it/s]Sampling step:  67%|██████▋   | 1331/2000 [00:16<00:08, 82.68it/s]Sampling step:  67%|██████▋   | 1340/2000 [00:16<00:07, 82.79it/s]Sampling step:  67%|██████▋   | 1349/2000 [00:16<00:07, 82.73it/s]Sampling step:  68%|██████▊   | 1358/2000 [00:16<00:07, 82.59it/s]Sampling step:  68%|██████▊   | 1367/2000 [00:16<00:07, 82.61it/s]Sampling step:  69%|██████▉   | 1376/2000 [00:16<00:07, 82.63it/s]Sampling step:  69%|██████▉   | 1385/2000 [00:16<00:07, 82.70it/s]Sampling step:  70%|██████▉   | 1394/2000 [00:16<00:07, 82.85it/s]Sampling step:  70%|███████   | 1403/2000 [00:16<00:07, 82.85it/s]Sampling step:  71%|███████   | 1412/2000 [00:17<00:07, 82.95it/s]Sampling step:  71%|███████   | 1421/2000 [00:17<00:06, 82.98it/s]Sampling step:  72%|███████▏  | 1430/2000 [00:17<00:06, 82.86it/s]Sampling step:  72%|███████▏  | 1439/2000 [00:17<00:06, 82.80it/s]Sampling step:  72%|███████▏  | 1448/2000 [00:17<00:06, 82.68it/s]Sampling step:  73%|███████▎  | 1457/2000 [00:17<00:06, 82.68it/s]Sampling step:  73%|███████▎  | 1466/2000 [00:17<00:06, 82.74it/s]Sampling step:  74%|███████▍  | 1475/2000 [00:17<00:06, 82.65it/s]Sampling step:  74%|███████▍  | 1484/2000 [00:17<00:06, 82.52it/s]Sampling step:  75%|███████▍  | 1493/2000 [00:18<00:06, 82.50it/s]Sampling step:  75%|███████▌  | 1502/2000 [00:18<00:06, 82.58it/s]Sampling step:  76%|███████▌  | 1511/2000 [00:18<00:05, 82.56it/s]Sampling step:  76%|███████▌  | 1520/2000 [00:18<00:05, 82.54it/s]Sampling step:  76%|███████▋  | 1529/2000 [00:18<00:05, 82.46it/s]Sampling step:  77%|███████▋  | 1538/2000 [00:18<00:05, 82.61it/s]Sampling step:  77%|███████▋  | 1547/2000 [00:18<00:05, 82.65it/s]Sampling step:  78%|███████▊  | 1556/2000 [00:18<00:05, 82.73it/s]Sampling step:  78%|███████▊  | 1565/2000 [00:18<00:05, 82.56it/s]Sampling step:  79%|███████▊  | 1574/2000 [00:19<00:05, 82.56it/s]Sampling step:  79%|███████▉  | 1583/2000 [00:19<00:05, 82.63it/s]Sampling step:  80%|███████▉  | 1592/2000 [00:19<00:04, 82.71it/s]Sampling step:  80%|████████  | 1601/2000 [00:19<00:04, 82.64it/s]Sampling step:  80%|████████  | 1610/2000 [00:19<00:04, 82.56it/s]Sampling step:  81%|████████  | 1619/2000 [00:19<00:04, 82.69it/s]Sampling step:  81%|████████▏ | 1628/2000 [00:19<00:04, 82.70it/s]Sampling step:  82%|████████▏ | 1637/2000 [00:19<00:04, 82.66it/s]Sampling step:  82%|████████▏ | 1646/2000 [00:19<00:04, 82.63it/s]Sampling step:  83%|████████▎ | 1655/2000 [00:20<00:04, 82.40it/s]Sampling step:  83%|████████▎ | 1664/2000 [00:20<00:04, 82.36it/s]Sampling step:  84%|████████▎ | 1673/2000 [00:20<00:03, 82.52it/s]Sampling step:  84%|████████▍ | 1682/2000 [00:20<00:03, 82.53it/s]Sampling step:  85%|████████▍ | 1691/2000 [00:20<00:03, 82.44it/s]Sampling step:  85%|████████▌ | 1700/2000 [00:20<00:03, 82.54it/s]Sampling step:  85%|████████▌ | 1709/2000 [00:20<00:03, 82.76it/s]Sampling step:  86%|████████▌ | 1718/2000 [00:20<00:03, 82.75it/s]Sampling step:  86%|████████▋ | 1727/2000 [00:20<00:03, 82.80it/s]Sampling step:  87%|████████▋ | 1736/2000 [00:20<00:03, 82.69it/s]Sampling step:  87%|████████▋ | 1745/2000 [00:21<00:03, 82.67it/s]Sampling step:  88%|████████▊ | 1754/2000 [00:21<00:02, 82.72it/s]Sampling step:  88%|████████▊ | 1763/2000 [00:21<00:02, 82.64it/s]Sampling step:  89%|████████▊ | 1772/2000 [00:21<00:02, 82.59it/s]Sampling step:  89%|████████▉ | 1781/2000 [00:21<00:02, 82.58it/s]Sampling step:  90%|████████▉ | 1790/2000 [00:21<00:02, 82.58it/s]Sampling step:  90%|████████▉ | 1799/2000 [00:21<00:02, 82.69it/s]Sampling step:  90%|█████████ | 1808/2000 [00:21<00:02, 82.68it/s]Sampling step:  91%|█████████ | 1817/2000 [00:21<00:02, 82.60it/s]Sampling step:  91%|█████████▏| 1826/2000 [00:22<00:02, 82.31it/s]Sampling step:  92%|█████████▏| 1835/2000 [00:22<00:02, 82.27it/s]Sampling step:  92%|█████████▏| 1844/2000 [00:22<00:01, 82.39it/s]Sampling step:  93%|█████████▎| 1853/2000 [00:22<00:01, 82.33it/s]Sampling step:  93%|█████████▎| 1862/2000 [00:22<00:01, 82.60it/s]Sampling step:  94%|█████████▎| 1871/2000 [00:22<00:01, 82.73it/s]Sampling step:  94%|█████████▍| 1880/2000 [00:22<00:01, 82.78it/s]Sampling step:  94%|█████████▍| 1889/2000 [00:22<00:01, 82.85it/s]Sampling step:  95%|█████████▍| 1898/2000 [00:22<00:01, 82.75it/s]Sampling step:  95%|█████████▌| 1907/2000 [00:23<00:01, 82.68it/s]Sampling step:  96%|█████████▌| 1916/2000 [00:23<00:01, 82.74it/s]Sampling step:  96%|█████████▋| 1925/2000 [00:23<00:00, 82.77it/s]Sampling step:  97%|█████████▋| 1934/2000 [00:23<00:00, 82.80it/s]Sampling step:  97%|█████████▋| 1943/2000 [00:23<00:00, 82.72it/s]Sampling step:  98%|█████████▊| 1952/2000 [00:23<00:00, 82.69it/s]Sampling step:  98%|█████████▊| 1961/2000 [00:23<00:00, 82.73it/s]Sampling step:  98%|█████████▊| 1970/2000 [00:23<00:00, 82.92it/s]Sampling step:  99%|█████████▉| 1979/2000 [00:23<00:00, 82.85it/s]Sampling step:  99%|█████████▉| 1988/2000 [00:24<00:00, 82.90it/s]Sampling step: 100%|█████████▉| 1997/2000 [00:24<00:00, 82.87it/s]Sampling step: 100%|██████████| 2000/2000 [00:24<00:00, 82.69it/s]
  [17/40] 0050: diffusion error  2.30 mm | non-rigid residual  0.80 mm
Sampling step:   0%|          | 0/2000 [00:00<?, ?it/s]Sampling step:   0%|          | 8/2000 [00:00<00:26, 74.47it/s]Sampling step:   1%|          | 17/2000 [00:00<00:24, 79.50it/s]Sampling step:   1%|▏         | 26/2000 [00:00<00:24, 80.82it/s]Sampling step:   2%|▏         | 35/2000 [00:00<00:24, 81.65it/s]Sampling step:   2%|▏         | 44/2000 [00:00<00:23, 82.05it/s]Sampling step:   3%|▎         | 53/2000 [00:00<00:23, 82.02it/s]Sampling step:   3%|▎         | 62/2000 [00:00<00:23, 82.21it/s]Sampling step:   4%|▎         | 71/2000 [00:00<00:23, 82.26it/s]Sampling step:   4%|▍         | 80/2000 [00:00<00:23, 82.43it/s]Sampling step:   4%|▍         | 89/2000 [00:01<00:23, 82.42it/s]Sampling step:   5%|▍         | 98/2000 [00:01<00:23, 82.67it/s]Sampling step:   5%|▌         | 107/2000 [00:01<00:22, 82.75it/s]Sampling step:   6%|▌         | 116/2000 [00:01<00:22, 82.56it/s]Sampling step:   6%|▋         | 125/2000 [00:01<00:22, 82.61it/s]Sampling step:   7%|▋         | 134/2000 [00:01<00:22, 82.64it/s]Sampling step:   7%|▋         | 143/2000 [00:01<00:22, 82.62it/s]Sampling step:   8%|▊         | 152/2000 [00:01<00:22, 82.68it/s]Sampling step:   8%|▊         | 161/2000 [00:01<00:22, 82.80it/s]Sampling step:   8%|▊         | 170/2000 [00:02<00:22, 82.73it/s]Sampling step:   9%|▉         | 179/2000 [00:02<00:22, 82.75it/s]Sampling step:   9%|▉         | 188/2000 [00:02<00:21, 82.63it/s]Sampling step:  10%|▉         | 197/2000 [00:02<00:21, 82.57it/s]Sampling step:  10%|█         | 206/2000 [00:02<00:21, 82.64it/s]Sampling step:  11%|█         | 215/2000 [00:02<00:21, 82.69it/s]Sampling step:  11%|█         | 224/2000 [00:02<00:21, 82.52it/s]Sampling step:  12%|█▏        | 233/2000 [00:02<00:21, 82.46it/s]Sampling step:  12%|█▏        | 242/2000 [00:02<00:21, 82.54it/s]Sampling step:  13%|█▎        | 251/2000 [00:03<00:21, 82.65it/s]Sampling step:  13%|█▎        | 260/2000 [00:03<00:21, 82.69it/s]Sampling step:  13%|█▎        | 269/2000 [00:03<00:20, 82.73it/s]Sampling step:  14%|█▍        | 278/2000 [00:03<00:20, 82.63it/s]Sampling step:  14%|█▍        | 287/2000 [00:03<00:20, 82.68it/s]Sampling step:  15%|█▍        | 296/2000 [00:03<00:20, 82.68it/s]Sampling step:  15%|█▌        | 305/2000 [00:03<00:20, 82.80it/s]Sampling step:  16%|█▌        | 314/2000 [00:03<00:20, 82.77it/s]Sampling step:  16%|█▌        | 323/2000 [00:03<00:20, 82.75it/s]Sampling step:  17%|█▋        | 332/2000 [00:04<00:20, 82.81it/s]Sampling step:  17%|█▋        | 341/2000 [00:04<00:19, 83.01it/s]Sampling step:  18%|█▊        | 350/2000 [00:04<00:19, 82.95it/s]Sampling step:  18%|█▊        | 359/2000 [00:04<00:19, 82.71it/s]Sampling step:  18%|█▊        | 368/2000 [00:04<00:19, 82.77it/s]Sampling step:  19%|█▉        | 377/2000 [00:04<00:19, 82.93it/s]Sampling step:  19%|█▉        | 386/2000 [00:04<00:19, 82.90it/s]Sampling step:  20%|█▉        | 395/2000 [00:04<00:19, 82.78it/s]Sampling step:  20%|██        | 404/2000 [00:04<00:19, 82.53it/s]Sampling step:  21%|██        | 413/2000 [00:05<00:19, 82.54it/s]Sampling step:  21%|██        | 422/2000 [00:05<00:19, 82.54it/s]Sampling step:  22%|██▏       | 431/2000 [00:05<00:18, 82.64it/s]Sampling step:  22%|██▏       | 440/2000 [00:05<00:18, 82.60it/s]Sampling step:  22%|██▏       | 449/2000 [00:05<00:18, 82.60it/s]Sampling step:  23%|██▎       | 458/2000 [00:05<00:18, 82.69it/s]Sampling step:  23%|██▎       | 467/2000 [00:05<00:18, 82.75it/s]Sampling step:  24%|██▍       | 476/2000 [00:05<00:18, 82.66it/s]Sampling step:  24%|██▍       | 485/2000 [00:05<00:18, 82.70it/s]Sampling step:  25%|██▍       | 494/2000 [00:05<00:18, 82.74it/s]Sampling step:  25%|██▌       | 503/2000 [00:06<00:18, 82.87it/s]Sampling step:  26%|██▌       | 512/2000 [00:06<00:17, 82.90it/s]Sampling step:  26%|██▌       | 521/2000 [00:06<00:17, 82.84it/s]Sampling step:  26%|██▋       | 530/2000 [00:06<00:17, 82.82it/s]Sampling step:  27%|██▋       | 539/2000 [00:06<00:17, 82.82it/s]Sampling step:  27%|██▋       | 548/2000 [00:06<00:17, 82.81it/s]Sampling step:  28%|██▊       | 557/2000 [00:06<00:17, 82.82it/s]Sampling step:  28%|██▊       | 566/2000 [00:06<00:17, 82.75it/s]Sampling step:  29%|██▉       | 575/2000 [00:06<00:17, 82.67it/s]Sampling step:  29%|██▉       | 584/2000 [00:07<00:17, 82.60it/s]Sampling step:  30%|██▉       | 593/2000 [00:07<00:17, 82.66it/s]Sampling step:  30%|███       | 602/2000 [00:07<00:16, 82.74it/s]Sampling step:  31%|███       | 611/2000 [00:07<00:16, 82.72it/s]Sampling step:  31%|███       | 620/2000 [00:07<00:16, 82.70it/s]Sampling step:  31%|███▏      | 629/2000 [00:07<00:16, 82.79it/s]Sampling step:  32%|███▏      | 638/2000 [00:07<00:16, 82.84it/s]Sampling step:  32%|███▏      | 647/2000 [00:07<00:16, 82.72it/s]Sampling step:  33%|███▎      | 656/2000 [00:07<00:16, 82.76it/s]Sampling step:  33%|███▎      | 665/2000 [00:08<00:16, 82.63it/s]Sampling step:  34%|███▎      | 674/2000 [00:08<00:16, 82.64it/s]Sampling step:  34%|███▍      | 683/2000 [00:08<00:15, 82.64it/s]Sampling step:  35%|███▍      | 692/2000 [00:08<00:15, 82.56it/s]Sampling step:  35%|███▌      | 701/2000 [00:08<00:15, 82.63it/s]Sampling step:  36%|███▌      | 710/2000 [00:08<00:15, 82.68it/s]Sampling step:  36%|███▌      | 719/2000 [00:08<00:15, 82.61it/s]Sampling step:  36%|███▋      | 728/2000 [00:08<00:15, 82.53it/s]Sampling step:  37%|███▋      | 737/2000 [00:08<00:15, 82.63it/s]Sampling step:  37%|███▋      | 746/2000 [00:09<00:15, 82.64it/s]Sampling step:  38%|███▊      | 755/2000 [00:09<00:15, 82.53it/s]Sampling step:  38%|███▊      | 764/2000 [00:09<00:14, 82.56it/s]Sampling step:  39%|███▊      | 773/2000 [00:09<00:14, 82.46it/s]Sampling step:  39%|███▉      | 782/2000 [00:09<00:14, 82.47it/s]Sampling step:  40%|███▉      | 791/2000 [00:09<00:14, 82.57it/s]Sampling step:  40%|████      | 800/2000 [00:09<00:14, 82.64it/s]Sampling step:  40%|████      | 809/2000 [00:09<00:14, 82.62it/s]Sampling step:  41%|████      | 818/2000 [00:09<00:14, 82.66it/s]Sampling step:  41%|████▏     | 827/2000 [00:10<00:14, 82.63it/s]Sampling step:  42%|████▏     | 836/2000 [00:10<00:14, 82.67it/s]Sampling step:  42%|████▏     | 845/2000 [00:10<00:13, 82.68it/s]Sampling step:  43%|████▎     | 854/2000 [00:10<00:13, 82.65it/s]Sampling step:  43%|████▎     | 863/2000 [00:10<00:13, 82.52it/s]Sampling step:  44%|████▎     | 872/2000 [00:10<00:13, 82.68it/s]Sampling step:  44%|████▍     | 881/2000 [00:10<00:13, 82.67it/s]Sampling step:  44%|████▍     | 890/2000 [00:10<00:13, 82.68it/s]Sampling step:  45%|████▍     | 899/2000 [00:10<00:13, 82.64it/s]Sampling step:  45%|████▌     | 908/2000 [00:10<00:13, 82.76it/s]Sampling step:  46%|████▌     | 917/2000 [00:11<00:13, 82.79it/s]Sampling step:  46%|████▋     | 926/2000 [00:11<00:12, 82.80it/s]Sampling step:  47%|████▋     | 935/2000 [00:11<00:12, 82.53it/s]Sampling step:  47%|████▋     | 944/2000 [00:11<00:12, 82.55it/s]Sampling step:  48%|████▊     | 953/2000 [00:11<00:12, 82.61it/s]Sampling step:  48%|████▊     | 962/2000 [00:11<00:12, 82.56it/s]Sampling step:  49%|████▊     | 971/2000 [00:11<00:12, 82.59it/s]Sampling step:  49%|████▉     | 980/2000 [00:11<00:12, 82.60it/s]Sampling step:  49%|████▉     | 989/2000 [00:11<00:12, 82.63it/s]Sampling step:  50%|████▉     | 998/2000 [00:12<00:12, 82.65it/s]Sampling step:  50%|█████     | 1007/2000 [00:12<00:12, 82.69it/s]Sampling step:  51%|█████     | 1016/2000 [00:12<00:11, 82.60it/s]Sampling step:  51%|█████▏    | 1025/2000 [00:12<00:11, 82.66it/s]Sampling step:  52%|█████▏    | 1034/2000 [00:12<00:11, 82.65it/s]Sampling step:  52%|█████▏    | 1043/2000 [00:12<00:11, 82.59it/s]Sampling step:  53%|█████▎    | 1052/2000 [00:12<00:11, 82.60it/s]Sampling step:  53%|█████▎    | 1061/2000 [00:12<00:11, 82.61it/s]Sampling step:  54%|█████▎    | 1070/2000 [00:12<00:11, 82.62it/s]Sampling step:  54%|█████▍    | 1079/2000 [00:13<00:11, 82.66it/s]Sampling step:  54%|█████▍    | 1088/2000 [00:13<00:11, 82.71it/s]Sampling step:  55%|█████▍    | 1097/2000 [00:13<00:10, 82.66it/s]Sampling step:  55%|█████▌    | 1106/2000 [00:13<00:10, 82.54it/s]Sampling step:  56%|█████▌    | 1115/2000 [00:13<00:10, 82.53it/s]Sampling step:  56%|█████▌    | 1124/2000 [00:13<00:10, 82.59it/s]Sampling step:  57%|█████▋    | 1133/2000 [00:13<00:10, 82.75it/s]Sampling step:  57%|█████▋    | 1142/2000 [00:13<00:10, 82.58it/s]Sampling step:  58%|█████▊    | 1151/2000 [00:13<00:10, 82.77it/s]Sampling step:  58%|█████▊    | 1160/2000 [00:14<00:10, 82.87it/s]Sampling step:  58%|█████▊    | 1169/2000 [00:14<00:10, 82.94it/s]Sampling step:  59%|█████▉    | 1178/2000 [00:14<00:09, 82.99it/s]Sampling step:  59%|█████▉    | 1187/2000 [00:14<00:09, 82.83it/s]Sampling step:  60%|█████▉    | 1196/2000 [00:14<00:09, 82.92it/s]Sampling step:  60%|██████    | 1205/2000 [00:14<00:09, 82.94it/s]Sampling step:  61%|██████    | 1214/2000 [00:14<00:09, 83.03it/s]Sampling step:  61%|██████    | 1223/2000 [00:14<00:09, 82.97it/s]Sampling step:  62%|██████▏   | 1232/2000 [00:14<00:09, 82.97it/s]Sampling step:  62%|██████▏   | 1241/2000 [00:15<00:09, 82.92it/s]Sampling step:  62%|██████▎   | 1250/2000 [00:15<00:09, 82.86it/s]Sampling step:  63%|██████▎   | 1259/2000 [00:15<00:08, 82.93it/s]Sampling step:  63%|██████▎   | 1268/2000 [00:15<00:08, 82.96it/s]Sampling step:  64%|██████▍   | 1277/2000 [00:15<00:08, 82.95it/s]Sampling step:  64%|██████▍   | 1286/2000 [00:15<00:08, 82.98it/s]Sampling step:  65%|██████▍   | 1295/2000 [00:15<00:08, 82.91it/s]Sampling step:  65%|██████▌   | 1304/2000 [00:15<00:08, 82.94it/s]Sampling step:  66%|██████▌   | 1313/2000 [00:15<00:08, 82.81it/s]Sampling step:  66%|██████▌   | 1322/2000 [00:15<00:08, 82.86it/s]Sampling step:  67%|██████▋   | 1331/2000 [00:16<00:08, 82.87it/s]Sampling step:  67%|██████▋   | 1340/2000 [00:16<00:07, 82.80it/s]Sampling step:  67%|██████▋   | 1349/2000 [00:16<00:07, 82.72it/s]Sampling step:  68%|██████▊   | 1358/2000 [00:16<00:07, 82.71it/s]Sampling step:  68%|██████▊   | 1367/2000 [00:16<00:07, 82.76it/s]Sampling step:  69%|██████▉   | 1376/2000 [00:16<00:07, 83.02it/s]Sampling step:  69%|██████▉   | 1385/2000 [00:16<00:07, 83.06it/s]Sampling step:  70%|██████▉   | 1394/2000 [00:16<00:07, 82.99it/s]Sampling step:  70%|███████   | 1403/2000 [00:16<00:07, 83.08it/s]Sampling step:  71%|███████   | 1412/2000 [00:17<00:07, 83.06it/s]Sampling step:  71%|███████   | 1421/2000 [00:17<00:06, 83.04it/s]Sampling step:  72%|███████▏  | 1430/2000 [00:17<00:06, 82.90it/s]Sampling step:  72%|███████▏  | 1439/2000 [00:17<00:06, 82.75it/s]Sampling step:  72%|███████▏  | 1448/2000 [00:17<00:06, 82.83it/s]Sampling step:  73%|███████▎  | 1457/2000 [00:17<00:06, 82.47it/s]Sampling step:  73%|███████▎  | 1466/2000 [00:17<00:06, 82.62it/s]Sampling step:  74%|███████▍  | 1475/2000 [00:17<00:06, 82.58it/s]Sampling step:  74%|███████▍  | 1484/2000 [00:17<00:06, 82.73it/s]Sampling step:  75%|███████▍  | 1493/2000 [00:18<00:06, 82.70it/s]Sampling step:  75%|███████▌  | 1502/2000 [00:18<00:06, 82.79it/s]Sampling step:  76%|███████▌  | 1511/2000 [00:18<00:05, 82.74it/s]Sampling step:  76%|███████▌  | 1520/2000 [00:18<00:05, 82.75it/s]Sampling step:  76%|███████▋  | 1529/2000 [00:18<00:05, 82.86it/s]Sampling step:  77%|███████▋  | 1538/2000 [00:18<00:05, 82.99it/s]Sampling step:  77%|███████▋  | 1547/2000 [00:18<00:05, 82.98it/s]Sampling step:  78%|███████▊  | 1556/2000 [00:18<00:05, 82.87it/s]Sampling step:  78%|███████▊  | 1565/2000 [00:18<00:05, 82.98it/s]Sampling step:  79%|███████▊  | 1574/2000 [00:19<00:05, 82.98it/s]Sampling step:  79%|███████▉  | 1583/2000 [00:19<00:05, 82.94it/s]Sampling step:  80%|███████▉  | 1592/2000 [00:19<00:04, 82.86it/s]Sampling step:  80%|████████  | 1601/2000 [00:19<00:04, 82.69it/s]Sampling step:  80%|████████  | 1610/2000 [00:19<00:04, 82.74it/s]Sampling step:  81%|████████  | 1619/2000 [00:19<00:04, 82.82it/s]Sampling step:  81%|████████▏ | 1628/2000 [00:19<00:04, 82.88it/s]Sampling step:  82%|████████▏ | 1637/2000 [00:19<00:04, 82.82it/s]Sampling step:  82%|████████▏ | 1646/2000 [00:19<00:04, 82.85it/s]Sampling step:  83%|████████▎ | 1655/2000 [00:20<00:04, 82.78it/s]Sampling step:  83%|████████▎ | 1664/2000 [00:20<00:04, 82.84it/s]Sampling step:  84%|████████▎ | 1673/2000 [00:20<00:03, 82.82it/s]Sampling step:  84%|████████▍ | 1682/2000 [00:20<00:03, 82.74it/s]Sampling step:  85%|████████▍ | 1691/2000 [00:20<00:03, 82.71it/s]Sampling step:  85%|████████▌ | 1700/2000 [00:20<00:03, 82.79it/s]Sampling step:  85%|████████▌ | 1709/2000 [00:20<00:03, 82.89it/s]Sampling step:  86%|████████▌ | 1718/2000 [00:20<00:03, 82.78it/s]Sampling step:  86%|████████▋ | 1727/2000 [00:20<00:03, 82.83it/s]Sampling step:  87%|████████▋ | 1736/2000 [00:20<00:03, 82.73it/s]Sampling step:  87%|████████▋ | 1745/2000 [00:21<00:03, 82.73it/s]Sampling step:  88%|████████▊ | 1754/2000 [00:21<00:02, 82.79it/s]Sampling step:  88%|████████▊ | 1763/2000 [00:21<00:02, 82.66it/s]Sampling step:  89%|████████▊ | 1772/2000 [00:21<00:02, 82.70it/s]Sampling step:  89%|████████▉ | 1781/2000 [00:21<00:02, 82.75it/s]Sampling step:  90%|████████▉ | 1790/2000 [00:21<00:02, 82.79it/s]Sampling step:  90%|████████▉ | 1799/2000 [00:21<00:02, 82.90it/s]Sampling step:  90%|█████████ | 1808/2000 [00:21<00:02, 82.86it/s]Sampling step:  91%|█████████ | 1817/2000 [00:21<00:02, 82.83it/s]Sampling step:  91%|█████████▏| 1826/2000 [00:22<00:02, 82.83it/s]Sampling step:  92%|█████████▏| 1835/2000 [00:22<00:01, 82.82it/s]Sampling step:  92%|█████████▏| 1844/2000 [00:22<00:01, 82.79it/s]Sampling step:  93%|█████████▎| 1853/2000 [00:22<00:01, 82.83it/s]Sampling step:  93%|█████████▎| 1862/2000 [00:22<00:01, 82.90it/s]Sampling step:  94%|█████████▎| 1871/2000 [00:22<00:01, 82.97it/s]Sampling step:  94%|█████████▍| 1880/2000 [00:22<00:01, 82.91it/s]Sampling step:  94%|█████████▍| 1889/2000 [00:22<00:01, 82.70it/s]Sampling step:  95%|█████████▍| 1898/2000 [00:22<00:01, 82.73it/s]Sampling step:  95%|█████████▌| 1907/2000 [00:23<00:01, 82.77it/s]Sampling step:  96%|█████████▌| 1916/2000 [00:23<00:01, 82.78it/s]Sampling step:  96%|█████████▋| 1925/2000 [00:23<00:00, 82.76it/s]Sampling step:  97%|█████████▋| 1934/2000 [00:23<00:00, 82.73it/s]Sampling step:  97%|█████████▋| 1943/2000 [00:23<00:00, 82.73it/s]Sampling step:  98%|█████████▊| 1952/2000 [00:23<00:00, 82.69it/s]Sampling step:  98%|█████████▊| 1961/2000 [00:23<00:00, 82.64it/s]Sampling step:  98%|█████████▊| 1970/2000 [00:23<00:00, 82.59it/s]Sampling step:  99%|█████████▉| 1979/2000 [00:23<00:00, 82.58it/s]Sampling step:  99%|█████████▉| 1988/2000 [00:24<00:00, 82.46it/s]Sampling step: 100%|█████████▉| 1997/2000 [00:24<00:00, 82.42it/s]Sampling step: 100%|██████████| 2000/2000 [00:24<00:00, 82.69it/s]
  [18/40] 0057: diffusion error  2.66 mm | non-rigid residual  0.56 mm
Sampling step:   0%|          | 0/2000 [00:00<?, ?it/s]Sampling step:   0%|          | 8/2000 [00:00<00:26, 74.51it/s]Sampling step:   1%|          | 17/2000 [00:00<00:25, 79.05it/s]Sampling step:   1%|▏         | 26/2000 [00:00<00:24, 80.78it/s]Sampling step:   2%|▏         | 35/2000 [00:00<00:24, 81.46it/s]Sampling step:   2%|▏         | 44/2000 [00:00<00:23, 81.88it/s]Sampling step:   3%|▎         | 53/2000 [00:00<00:23, 82.15it/s]Sampling step:   3%|▎         | 62/2000 [00:00<00:23, 82.17it/s]Sampling step:   4%|▎         | 71/2000 [00:00<00:23, 82.34it/s]Sampling step:   4%|▍         | 80/2000 [00:00<00:23, 82.38it/s]Sampling step:   4%|▍         | 89/2000 [00:01<00:23, 82.66it/s]Sampling step:   5%|▍         | 98/2000 [00:01<00:22, 82.77it/s]Sampling step:   5%|▌         | 107/2000 [00:01<00:22, 82.57it/s]Sampling step:   6%|▌         | 116/2000 [00:01<00:22, 82.42it/s]Sampling step:   6%|▋         | 125/2000 [00:01<00:22, 82.46it/s]Sampling step:   7%|▋         | 134/2000 [00:01<00:22, 82.65it/s]Sampling step:   7%|▋         | 143/2000 [00:01<00:22, 82.64it/s]Sampling step:   8%|▊         | 152/2000 [00:01<00:22, 82.74it/s]Sampling step:   8%|▊         | 161/2000 [00:01<00:22, 82.67it/s]Sampling step:   8%|▊         | 170/2000 [00:02<00:22, 82.80it/s]Sampling step:   9%|▉         | 179/2000 [00:02<00:21, 82.87it/s]Sampling step:   9%|▉         | 188/2000 [00:02<00:21, 82.76it/s]Sampling step:  10%|▉         | 197/2000 [00:02<00:21, 82.70it/s]Sampling step:  10%|█         | 206/2000 [00:02<00:21, 82.72it/s]Sampling step:  11%|█         | 215/2000 [00:02<00:21, 82.76it/s]Sampling step:  11%|█         | 224/2000 [00:02<00:21, 82.66it/s]Sampling step:  12%|█▏        | 233/2000 [00:02<00:21, 82.55it/s]Sampling step:  12%|█▏        | 242/2000 [00:02<00:21, 82.62it/s]Sampling step:  13%|█▎        | 251/2000 [00:03<00:21, 82.67it/s]Sampling step:  13%|█▎        | 260/2000 [00:03<00:21, 82.58it/s]Sampling step:  13%|█▎        | 269/2000 [00:03<00:20, 82.58it/s]Sampling step:  14%|█▍        | 278/2000 [00:03<00:20, 82.64it/s]Sampling step:  14%|█▍        | 287/2000 [00:03<00:20, 82.62it/s]Sampling step:  15%|█▍        | 296/2000 [00:03<00:20, 82.54it/s]Sampling step:  15%|█▌        | 305/2000 [00:03<00:20, 82.60it/s]Sampling step:  16%|█▌        | 314/2000 [00:03<00:20, 82.61it/s]Sampling step:  16%|█▌        | 323/2000 [00:03<00:20, 82.74it/s]Sampling step:  17%|█▋        | 332/2000 [00:04<00:20, 82.71it/s]Sampling step:  17%|█▋        | 341/2000 [00:04<00:20, 82.66it/s]Sampling step:  18%|█▊        | 350/2000 [00:04<00:19, 82.59it/s]Sampling step:  18%|█▊        | 359/2000 [00:04<00:19, 82.65it/s]Sampling step:  18%|█▊        | 368/2000 [00:04<00:19, 82.63it/s]Sampling step:  19%|█▉        | 377/2000 [00:04<00:19, 82.71it/s]Sampling step:  19%|█▉        | 386/2000 [00:04<00:19, 82.77it/s]Sampling step:  20%|█▉        | 395/2000 [00:04<00:19, 82.80it/s]Sampling step:  20%|██        | 404/2000 [00:04<00:19, 82.68it/s]Sampling step:  21%|██        | 413/2000 [00:05<00:19, 82.63it/s]Sampling step:  21%|██        | 422/2000 [00:05<00:19, 82.59it/s]Sampling step:  22%|██▏       | 431/2000 [00:05<00:18, 82.68it/s]Sampling step:  22%|██▏       | 440/2000 [00:05<00:18, 82.63it/s]Sampling step:  22%|██▏       | 449/2000 [00:05<00:18, 82.65it/s]Sampling step:  23%|██▎       | 458/2000 [00:05<00:18, 82.63it/s]Sampling step:  23%|██▎       | 467/2000 [00:05<00:18, 82.80it/s]Sampling step:  24%|██▍       | 476/2000 [00:05<00:18, 82.83it/s]Sampling step:  24%|██▍       | 485/2000 [00:05<00:18, 82.94it/s]Sampling step:  25%|██▍       | 494/2000 [00:05<00:18, 83.10it/s]Sampling step:  25%|██▌       | 503/2000 [00:06<00:17, 83.22it/s]Sampling step:  26%|██▌       | 512/2000 [00:06<00:17, 83.23it/s]Sampling step:  26%|██▌       | 521/2000 [00:06<00:17, 83.11it/s]Sampling step:  26%|██▋       | 530/2000 [00:06<00:17, 83.22it/s]Sampling step:  27%|██▋       | 539/2000 [00:06<00:17, 83.14it/s]Sampling step:  27%|██▋       | 548/2000 [00:06<00:17, 83.17it/s]Sampling step:  28%|██▊       | 557/2000 [00:06<00:17, 83.14it/s]Sampling step:  28%|██▊       | 566/2000 [00:06<00:17, 83.06it/s]Sampling step:  29%|██▉       | 575/2000 [00:06<00:17, 82.77it/s]Sampling step:  29%|██▉       | 584/2000 [00:07<00:17, 82.56it/s]Sampling step:  30%|██▉       | 593/2000 [00:07<00:17, 82.64it/s]Sampling step:  30%|███       | 602/2000 [00:07<00:16, 82.68it/s]Sampling step:  31%|███       | 611/2000 [00:07<00:16, 82.58it/s]Sampling step:  31%|███       | 620/2000 [00:07<00:16, 82.65it/s]Sampling step:  31%|███▏      | 629/2000 [00:07<00:16, 82.58it/s]Sampling step:  32%|███▏      | 638/2000 [00:07<00:16, 82.53it/s]Sampling step:  32%|███▏      | 647/2000 [00:07<00:16, 82.55it/s]Sampling step:  33%|███▎      | 656/2000 [00:07<00:16, 82.58it/s]Sampling step:  33%|███▎      | 665/2000 [00:08<00:16, 82.52it/s]Sampling step:  34%|███▎      | 674/2000 [00:08<00:16, 82.61it/s]Sampling step:  34%|███▍      | 683/2000 [00:08<00:15, 82.67it/s]Sampling step:  35%|███▍      | 692/2000 [00:08<00:15, 82.64it/s]Sampling step:  35%|███▌      | 701/2000 [00:08<00:15, 82.57it/s]Sampling step:  36%|███▌      | 710/2000 [00:08<00:15, 82.60it/s]Sampling step:  36%|███▌      | 719/2000 [00:08<00:15, 82.75it/s]Sampling step:  36%|███▋      | 728/2000 [00:08<00:15, 82.50it/s]Sampling step:  37%|███▋      | 737/2000 [00:08<00:15, 82.50it/s]Sampling step:  37%|███▋      | 746/2000 [00:09<00:15, 82.57it/s]Sampling step:  38%|███▊      | 755/2000 [00:09<00:15, 82.71it/s]Sampling step:  38%|███▊      | 764/2000 [00:09<00:14, 82.68it/s]Sampling step:  39%|███▊      | 773/2000 [00:09<00:14, 82.63it/s]Sampling step:  39%|███▉      | 782/2000 [00:09<00:14, 82.64it/s]Sampling step:  40%|███▉      | 791/2000 [00:09<00:14, 82.45it/s]Sampling step:  40%|████      | 800/2000 [00:09<00:14, 82.61it/s]Sampling step:  40%|████      | 809/2000 [00:09<00:14, 82.55it/s]Sampling step:  41%|████      | 818/2000 [00:09<00:14, 82.58it/s]Sampling step:  41%|████▏     | 827/2000 [00:10<00:14, 82.64it/s]Sampling step:  42%|████▏     | 836/2000 [00:10<00:14, 82.71it/s]Sampling step:  42%|████▏     | 845/2000 [00:10<00:13, 82.74it/s]Sampling step:  43%|████▎     | 854/2000 [00:10<00:13, 82.68it/s]Sampling step:  43%|████▎     | 863/2000 [00:10<00:13, 82.73it/s]Sampling step:  44%|████▎     | 872/2000 [00:10<00:13, 82.73it/s]Sampling step:  44%|████▍     | 881/2000 [00:10<00:13, 82.82it/s]Sampling step:  44%|████▍     | 890/2000 [00:10<00:13, 82.76it/s]Sampling step:  45%|████▍     | 899/2000 [00:10<00:13, 82.75it/s]Sampling step:  45%|████▌     | 908/2000 [00:10<00:13, 82.84it/s]Sampling step:  46%|████▌     | 917/2000 [00:11<00:13, 82.88it/s]Sampling step:  46%|████▋     | 926/2000 [00:11<00:12, 82.75it/s]Sampling step:  47%|████▋     | 935/2000 [00:11<00:12, 82.62it/s]Sampling step:  47%|████▋     | 944/2000 [00:11<00:12, 82.56it/s]Sampling step:  48%|████▊     | 953/2000 [00:11<00:12, 82.61it/s]Sampling step:  48%|████▊     | 962/2000 [00:11<00:12, 82.63it/s]Sampling step:  49%|████▊     | 971/2000 [00:11<00:12, 82.79it/s]Sampling step:  49%|████▉     | 980/2000 [00:11<00:12, 82.71it/s]Sampling step:  49%|████▉     | 989/2000 [00:11<00:12, 82.96it/s]Sampling step:  50%|████▉     | 998/2000 [00:12<00:12, 82.77it/s]Sampling step:  50%|█████     | 1007/2000 [00:12<00:12, 82.72it/s]Sampling step:  51%|█████     | 1016/2000 [00:12<00:11, 82.58it/s]Sampling step:  51%|█████▏    | 1025/2000 [00:12<00:11, 82.63it/s]Sampling step:  52%|█████▏    | 1034/2000 [00:12<00:11, 82.72it/s]Sampling step:  52%|█████▏    | 1043/2000 [00:12<00:11, 82.76it/s]Sampling step:  53%|█████▎    | 1052/2000 [00:12<00:11, 82.82it/s]Sampling step:  53%|█████▎    | 1061/2000 [00:12<00:11, 82.70it/s]Sampling step:  54%|█████▎    | 1070/2000 [00:12<00:11, 82.73it/s]Sampling step:  54%|█████▍    | 1079/2000 [00:13<00:11, 82.80it/s]Sampling step:  54%|█████▍    | 1088/2000 [00:13<00:11, 82.86it/s]Sampling step:  55%|█████▍    | 1097/2000 [00:13<00:10, 82.73it/s]Sampling step:  55%|█████▌    | 1106/2000 [00:13<00:10, 82.87it/s]Sampling step:  56%|█████▌    | 1115/2000 [00:13<00:10, 82.78it/s]Sampling step:  56%|█████▌    | 1124/2000 [00:13<00:10, 82.89it/s]Sampling step:  57%|█████▋    | 1133/2000 [00:13<00:10, 82.95it/s]Sampling step:  57%|█████▋    | 1142/2000 [00:13<00:10, 82.85it/s]Sampling step:  58%|█████▊    | 1151/2000 [00:13<00:10, 83.01it/s]Sampling step:  58%|█████▊    | 1160/2000 [00:14<00:10, 82.93it/s]Sampling step:  58%|█████▊    | 1169/2000 [00:14<00:10, 82.76it/s]Sampling step:  59%|█████▉    | 1178/2000 [00:14<00:09, 82.72it/s]Sampling step:  59%|█████▉    | 1187/2000 [00:14<00:09, 82.71it/s]Sampling step:  60%|█████▉    | 1196/2000 [00:14<00:09, 82.79it/s]Sampling step:  60%|██████    | 1205/2000 [00:14<00:09, 82.81it/s]Sampling step:  61%|██████    | 1214/2000 [00:14<00:09, 82.77it/s]Sampling step:  61%|██████    | 1223/2000 [00:14<00:09, 82.75it/s]Sampling step:  62%|██████▏   | 1232/2000 [00:14<00:09, 82.73it/s]Sampling step:  62%|██████▏   | 1241/2000 [00:15<00:09, 82.74it/s]Sampling step:  62%|██████▎   | 1250/2000 [00:15<00:09, 82.74it/s]Sampling step:  63%|██████▎   | 1259/2000 [00:15<00:08, 82.74it/s]Sampling step:  63%|██████▎   | 1268/2000 [00:15<00:08, 82.71it/s]Sampling step:  64%|██████▍   | 1277/2000 [00:15<00:08, 82.76it/s]Sampling step:  64%|██████▍   | 1286/2000 [00:15<00:08, 82.84it/s]Sampling step:  65%|██████▍   | 1295/2000 [00:15<00:08, 82.81it/s]Sampling step:  65%|██████▌   | 1304/2000 [00:15<00:08, 82.74it/s]Sampling step:  66%|██████▌   | 1313/2000 [00:15<00:08, 82.75it/s]Sampling step:  66%|██████▌   | 1322/2000 [00:15<00:08, 82.70it/s]Sampling step:  67%|██████▋   | 1331/2000 [00:16<00:08, 82.66it/s]Sampling step:  67%|██████▋   | 1340/2000 [00:16<00:07, 82.60it/s]Sampling step:  67%|██████▋   | 1349/2000 [00:16<00:07, 82.55it/s]Sampling step:  68%|██████▊   | 1358/2000 [00:16<00:07, 82.64it/s]Sampling step:  68%|██████▊   | 1367/2000 [00:16<00:07, 82.79it/s]Sampling step:  69%|██████▉   | 1376/2000 [00:16<00:07, 82.78it/s]Sampling step:  69%|██████▉   | 1385/2000 [00:16<00:07, 82.69it/s]Sampling step:  70%|██████▉   | 1394/2000 [00:16<00:07, 82.74it/s]Sampling step:  70%|███████   | 1403/2000 [00:16<00:07, 82.95it/s]Sampling step:  71%|███████   | 1412/2000 [00:17<00:07, 83.03it/s]Sampling step:  71%|███████   | 1421/2000 [00:17<00:06, 82.87it/s]Sampling step:  72%|███████▏  | 1430/2000 [00:17<00:06, 82.80it/s]Sampling step:  72%|███████▏  | 1439/2000 [00:17<00:06, 82.77it/s]Sampling step:  72%|███████▏  | 1448/2000 [00:17<00:06, 82.79it/s]Sampling step:  73%|███████▎  | 1457/2000 [00:17<00:06, 82.82it/s]Sampling step:  73%|███████▎  | 1466/2000 [00:17<00:06, 82.76it/s]Sampling step:  74%|███████▍  | 1475/2000 [00:17<00:06, 82.73it/s]Sampling step:  74%|███████▍  | 1484/2000 [00:17<00:06, 82.79it/s]Sampling step:  75%|███████▍  | 1493/2000 [00:18<00:06, 82.77it/s]Sampling step:  75%|███████▌  | 1502/2000 [00:18<00:06, 82.81it/s]Sampling step:  76%|███████▌  | 1511/2000 [00:18<00:05, 82.65it/s]Sampling step:  76%|███████▌  | 1520/2000 [00:18<00:05, 82.78it/s]Sampling step:  76%|███████▋  | 1529/2000 [00:18<00:05, 82.65it/s]Sampling step:  77%|███████▋  | 1538/2000 [00:18<00:05, 82.66it/s]Sampling step:  77%|███████▋  | 1547/2000 [00:18<00:05, 82.73it/s]Sampling step:  78%|███████▊  | 1556/2000 [00:18<00:05, 82.70it/s]Sampling step:  78%|███████▊  | 1565/2000 [00:18<00:05, 82.99it/s]Sampling step:  79%|███████▊  | 1574/2000 [00:19<00:05, 83.04it/s]Sampling step:  79%|███████▉  | 1583/2000 [00:19<00:05, 82.99it/s]Sampling step:  80%|███████▉  | 1592/2000 [00:19<00:04, 82.87it/s]Sampling step:  80%|████████  | 1601/2000 [00:19<00:04, 82.83it/s]Sampling step:  80%|████████  | 1610/2000 [00:19<00:04, 82.78it/s]Sampling step:  81%|████████  | 1619/2000 [00:19<00:04, 82.81it/s]Sampling step:  81%|████████▏ | 1628/2000 [00:19<00:04, 82.84it/s]Sampling step:  82%|████████▏ | 1637/2000 [00:19<00:04, 82.78it/s]Sampling step:  82%|████████▏ | 1646/2000 [00:19<00:04, 82.84it/s]Sampling step:  83%|████████▎ | 1655/2000 [00:20<00:04, 82.70it/s]Sampling step:  83%|████████▎ | 1664/2000 [00:20<00:04, 82.54it/s]Sampling step:  84%|████████▎ | 1673/2000 [00:20<00:03, 82.55it/s]Sampling step:  84%|████████▍ | 1682/2000 [00:20<00:03, 82.59it/s]Sampling step:  85%|████████▍ | 1691/2000 [00:20<00:03, 82.76it/s]Sampling step:  85%|████████▌ | 1700/2000 [00:20<00:03, 82.94it/s]Sampling step:  85%|████████▌ | 1709/2000 [00:20<00:03, 83.00it/s]Sampling step:  86%|████████▌ | 1718/2000 [00:20<00:03, 82.80it/s]Sampling step:  86%|████████▋ | 1727/2000 [00:20<00:03, 82.73it/s]Sampling step:  87%|████████▋ | 1736/2000 [00:20<00:03, 82.77it/s]Sampling step:  87%|████████▋ | 1745/2000 [00:21<00:03, 82.77it/s]Sampling step:  88%|████████▊ | 1754/2000 [00:21<00:02, 82.78it/s]Sampling step:  88%|████████▊ | 1763/2000 [00:21<00:02, 82.79it/s]Sampling step:  89%|████████▊ | 1772/2000 [00:21<00:02, 82.80it/s]Sampling step:  89%|████████▉ | 1781/2000 [00:21<00:02, 82.87it/s]Sampling step:  90%|████████▉ | 1790/2000 [00:21<00:02, 83.00it/s]Sampling step:  90%|████████▉ | 1799/2000 [00:21<00:02, 82.79it/s]Sampling step:  90%|█████████ | 1808/2000 [00:21<00:02, 82.73it/s]Sampling step:  91%|█████████ | 1817/2000 [00:21<00:02, 82.77it/s]Sampling step:  91%|█████████▏| 1826/2000 [00:22<00:02, 82.86it/s]Sampling step:  92%|█████████▏| 1835/2000 [00:22<00:01, 83.02it/s]Sampling step:  92%|█████████▏| 1844/2000 [00:22<00:01, 82.76it/s]Sampling step:  93%|█████████▎| 1853/2000 [00:22<00:01, 82.76it/s]Sampling step:  93%|█████████▎| 1862/2000 [00:22<00:01, 82.67it/s]Sampling step:  94%|█████████▎| 1871/2000 [00:22<00:01, 82.70it/s]Sampling step:  94%|█████████▍| 1880/2000 [00:22<00:01, 82.76it/s]Sampling step:  94%|█████████▍| 1889/2000 [00:22<00:01, 82.64it/s]Sampling step:  95%|█████████▍| 1898/2000 [00:22<00:01, 82.61it/s]Sampling step:  95%|█████████▌| 1907/2000 [00:23<00:01, 82.77it/s]Sampling step:  96%|█████████▌| 1916/2000 [00:23<00:01, 82.82it/s]Sampling step:  96%|█████████▋| 1925/2000 [00:23<00:00, 82.75it/s]Sampling step:  97%|█████████▋| 1934/2000 [00:23<00:00, 82.87it/s]Sampling step:  97%|█████████▋| 1943/2000 [00:23<00:00, 82.78it/s]Sampling step:  98%|█████████▊| 1952/2000 [00:23<00:00, 82.79it/s]Sampling step:  98%|█████████▊| 1961/2000 [00:23<00:00, 82.82it/s]Sampling step:  98%|█████████▊| 1970/2000 [00:23<00:00, 82.78it/s]Sampling step:  99%|█████████▉| 1979/2000 [00:23<00:00, 82.76it/s]Sampling step:  99%|█████████▉| 1988/2000 [00:24<00:00, 82.85it/s]Sampling step: 100%|█████████▉| 1997/2000 [00:24<00:00, 82.88it/s]Sampling step: 100%|██████████| 2000/2000 [00:24<00:00, 82.70it/s]
  [19/40] 0061: diffusion error  2.95 mm | non-rigid residual  0.95 mm
Sampling step:   0%|          | 0/2000 [00:00<?, ?it/s]Sampling step:   0%|          | 8/2000 [00:00<00:27, 72.84it/s]Sampling step:   1%|          | 17/2000 [00:00<00:25, 78.32it/s]Sampling step:   1%|▏         | 26/2000 [00:00<00:24, 80.53it/s]Sampling step:   2%|▏         | 35/2000 [00:00<00:24, 81.38it/s]Sampling step:   2%|▏         | 44/2000 [00:00<00:23, 81.96it/s]Sampling step:   3%|▎         | 53/2000 [00:00<00:23, 82.35it/s]Sampling step:   3%|▎         | 62/2000 [00:00<00:23, 82.67it/s]Sampling step:   4%|▎         | 71/2000 [00:00<00:23, 82.65it/s]Sampling step:   4%|▍         | 80/2000 [00:00<00:23, 82.55it/s]Sampling step:   4%|▍         | 89/2000 [00:01<00:23, 82.69it/s]Sampling step:   5%|▍         | 98/2000 [00:01<00:22, 82.72it/s]Sampling step:   5%|▌         | 107/2000 [00:01<00:22, 82.79it/s]Sampling step:   6%|▌         | 116/2000 [00:01<00:22, 82.80it/s]Sampling step:   6%|▋         | 125/2000 [00:01<00:22, 82.81it/s]Sampling step:   7%|▋         | 134/2000 [00:01<00:22, 82.90it/s]Sampling step:   7%|▋         | 143/2000 [00:01<00:22, 82.83it/s]Sampling step:   8%|▊         | 152/2000 [00:01<00:22, 82.89it/s]Sampling step:   8%|▊         | 161/2000 [00:01<00:22, 82.71it/s]Sampling step:   8%|▊         | 170/2000 [00:02<00:22, 82.91it/s]Sampling step:   9%|▉         | 179/2000 [00:02<00:21, 83.12it/s]Sampling step:   9%|▉         | 188/2000 [00:02<00:21, 82.51it/s]Sampling step:  10%|▉         | 197/2000 [00:02<00:21, 82.50it/s]Sampling step:  10%|█         | 206/2000 [00:02<00:21, 82.56it/s]Sampling step:  11%|█         | 215/2000 [00:02<00:21, 82.62it/s]Sampling step:  11%|█         | 224/2000 [00:02<00:21, 82.72it/s]Sampling step:  12%|█▏        | 233/2000 [00:02<00:21, 82.94it/s]Sampling step:  12%|█▏        | 242/2000 [00:02<00:21, 82.88it/s]Sampling step:  13%|█▎        | 251/2000 [00:03<00:21, 82.85it/s]Sampling step:  13%|█▎        | 260/2000 [00:03<00:20, 82.90it/s]Sampling step:  13%|█▎        | 269/2000 [00:03<00:20, 82.91it/s]Sampling step:  14%|█▍        | 278/2000 [00:03<00:20, 82.88it/s]Sampling step:  14%|█▍        | 287/2000 [00:03<00:20, 82.80it/s]Sampling step:  15%|█▍        | 296/2000 [00:03<00:20, 82.76it/s]Sampling step:  15%|█▌        | 305/2000 [00:03<00:20, 82.80it/s]Sampling step:  16%|█▌        | 314/2000 [00:03<00:20, 82.93it/s]Sampling step:  16%|█▌        | 323/2000 [00:03<00:20, 82.90it/s]Sampling step:  17%|█▋        | 332/2000 [00:04<00:20, 82.96it/s]Sampling step:  17%|█▋        | 341/2000 [00:04<00:19, 83.15it/s]Sampling step:  18%|█▊        | 350/2000 [00:04<00:19, 83.04it/s]Sampling step:  18%|█▊        | 359/2000 [00:04<00:19, 82.89it/s]Sampling step:  18%|█▊        | 368/2000 [00:04<00:19, 82.74it/s]Sampling step:  19%|█▉        | 377/2000 [00:04<00:19, 82.79it/s]Sampling step:  19%|█▉        | 386/2000 [00:04<00:19, 82.82it/s]Sampling step:  20%|█▉        | 395/2000 [00:04<00:19, 82.84it/s]Sampling step:  20%|██        | 404/2000 [00:04<00:19, 82.72it/s]Sampling step:  21%|██        | 413/2000 [00:04<00:19, 82.79it/s]Sampling step:  21%|██        | 422/2000 [00:05<00:19, 82.80it/s]Sampling step:  22%|██▏       | 431/2000 [00:05<00:18, 82.79it/s]Sampling step:  22%|██▏       | 440/2000 [00:05<00:18, 82.81it/s]Sampling step:  22%|██▏       | 449/2000 [00:05<00:18, 82.70it/s]Sampling step:  23%|██▎       | 458/2000 [00:05<00:18, 82.58it/s]Sampling step:  23%|██▎       | 467/2000 [00:05<00:18, 82.61it/s]Sampling step:  24%|██▍       | 476/2000 [00:05<00:18, 82.69it/s]Sampling step:  24%|██▍       | 485/2000 [00:05<00:18, 82.76it/s]Sampling step:  25%|██▍       | 494/2000 [00:05<00:18, 82.73it/s]Sampling step:  25%|██▌       | 503/2000 [00:06<00:18, 82.61it/s]Sampling step:  26%|██▌       | 512/2000 [00:06<00:18, 82.62it/s]Sampling step:  26%|██▌       | 521/2000 [00:06<00:17, 82.74it/s]Sampling step:  26%|██▋       | 530/2000 [00:06<00:17, 83.02it/s]Sampling step:  27%|██▋       | 539/2000 [00:06<00:17, 82.79it/s]Sampling step:  27%|██▋       | 548/2000 [00:06<00:17, 82.82it/s]Sampling step:  28%|██▊       | 557/2000 [00:06<00:17, 82.84it/s]Sampling step:  28%|██▊       | 566/2000 [00:06<00:17, 82.88it/s]Sampling step:  29%|██▉       | 575/2000 [00:06<00:17, 82.89it/s]Sampling step:  29%|██▉       | 584/2000 [00:07<00:17, 83.09it/s]Sampling step:  30%|██▉       | 593/2000 [00:07<00:16, 83.16it/s]Sampling step:  30%|███       | 602/2000 [00:07<00:16, 83.12it/s]Sampling step:  31%|███       | 611/2000 [00:07<00:16, 83.31it/s]Sampling step:  31%|███       | 620/2000 [00:07<00:16, 83.09it/s]Sampling step:  31%|███▏      | 629/2000 [00:07<00:16, 82.97it/s]Sampling step:  32%|███▏      | 638/2000 [00:07<00:16, 82.89it/s]Sampling step:  32%|███▏      | 647/2000 [00:07<00:16, 83.03it/s]Sampling step:  33%|███▎      | 656/2000 [00:07<00:16, 83.14it/s]Sampling step:  33%|███▎      | 665/2000 [00:08<00:16, 83.16it/s]Sampling step:  34%|███▎      | 674/2000 [00:08<00:15, 83.02it/s]Sampling step:  34%|███▍      | 683/2000 [00:08<00:15, 83.01it/s]Sampling step:  35%|███▍      | 692/2000 [00:08<00:15, 82.87it/s]Sampling step:  35%|███▌      | 701/2000 [00:08<00:15, 82.76it/s]Sampling step:  36%|███▌      | 710/2000 [00:08<00:15, 82.65it/s]Sampling step:  36%|███▌      | 719/2000 [00:08<00:15, 82.52it/s]Sampling step:  36%|███▋      | 728/2000 [00:08<00:15, 82.77it/s]Sampling step:  37%|███▋      | 737/2000 [00:08<00:15, 82.95it/s]Sampling step:  37%|███▋      | 746/2000 [00:09<00:15, 83.06it/s]Sampling step:  38%|███▊      | 755/2000 [00:09<00:15, 82.94it/s]Sampling step:  38%|███▊      | 764/2000 [00:09<00:14, 82.87it/s]Sampling step:  39%|███▊      | 773/2000 [00:09<00:14, 82.78it/s]Sampling step:  39%|███▉      | 782/2000 [00:09<00:14, 82.65it/s]Sampling step:  40%|███▉      | 791/2000 [00:09<00:14, 82.68it/s]Sampling step:  40%|████      | 800/2000 [00:09<00:14, 82.91it/s]Sampling step:  40%|████      | 809/2000 [00:09<00:14, 82.82it/s]Sampling step:  41%|████      | 818/2000 [00:09<00:14, 82.90it/s]Sampling step:  41%|████▏     | 827/2000 [00:09<00:14, 82.88it/s]Sampling step:  42%|████▏     | 836/2000 [00:10<00:14, 82.85it/s]Sampling step:  42%|████▏     | 845/2000 [00:10<00:13, 82.93it/s]Sampling step:  43%|████▎     | 854/2000 [00:10<00:13, 82.79it/s]Sampling step:  43%|████▎     | 863/2000 [00:10<00:13, 82.86it/s]Sampling step:  44%|████▎     | 872/2000 [00:10<00:13, 82.99it/s]Sampling step:  44%|████▍     | 881/2000 [00:10<00:13, 83.08it/s]Sampling step:  44%|████▍     | 890/2000 [00:10<00:13, 82.65it/s]Sampling step:  45%|████▍     | 899/2000 [00:10<00:13, 82.63it/s]Sampling step:  45%|████▌     | 908/2000 [00:10<00:13, 82.48it/s]Sampling step:  46%|████▌     | 917/2000 [00:11<00:13, 82.55it/s]Sampling step:  46%|████▋     | 926/2000 [00:11<00:12, 82.67it/s]Sampling step:  47%|████▋     | 935/2000 [00:11<00:12, 82.77it/s]Sampling step:  47%|████▋     | 944/2000 [00:11<00:12, 82.77it/s]Sampling step:  48%|████▊     | 953/2000 [00:11<00:12, 82.78it/s]Sampling step:  48%|████▊     | 962/2000 [00:11<00:12, 82.85it/s]Sampling step:  49%|████▊     | 971/2000 [00:11<00:12, 82.97it/s]Sampling step:  49%|████▉     | 980/2000 [00:11<00:12, 82.91it/s]Sampling step:  49%|████▉     | 989/2000 [00:11<00:12, 82.73it/s]Sampling step:  50%|████▉     | 998/2000 [00:12<00:12, 82.71it/s]Sampling step:  50%|█████     | 1007/2000 [00:12<00:12, 82.74it/s]Sampling step:  51%|█████     | 1016/2000 [00:12<00:11, 82.73it/s]Sampling step:  51%|█████▏    | 1025/2000 [00:12<00:11, 82.84it/s]Sampling step:  52%|█████▏    | 1034/2000 [00:12<00:11, 82.70it/s]Sampling step:  52%|█████▏    | 1043/2000 [00:12<00:11, 82.72it/s]Sampling step:  53%|█████▎    | 1052/2000 [00:12<00:11, 82.72it/s]Sampling step:  53%|█████▎    | 1061/2000 [00:12<00:11, 82.79it/s]Sampling step:  54%|█████▎    | 1070/2000 [00:12<00:11, 82.47it/s]Sampling step:  54%|█████▍    | 1079/2000 [00:13<00:11, 82.49it/s]Sampling step:  54%|█████▍    | 1088/2000 [00:13<00:11, 82.53it/s]Sampling step:  55%|█████▍    | 1097/2000 [00:13<00:10, 82.56it/s]Sampling step:  55%|█████▌    | 1106/2000 [00:13<00:10, 82.58it/s]Sampling step:  56%|█████▌    | 1115/2000 [00:13<00:10, 82.53it/s]Sampling step:  56%|█████▌    | 1124/2000 [00:13<00:10, 82.61it/s]Sampling step:  57%|█████▋    | 1133/2000 [00:13<00:10, 82.93it/s]Sampling step:  57%|█████▋    | 1142/2000 [00:13<00:10, 82.95it/s]Sampling step:  58%|█████▊    | 1151/2000 [00:13<00:10, 82.89it/s]Sampling step:  58%|█████▊    | 1160/2000 [00:14<00:10, 82.81it/s]Sampling step:  58%|█████▊    | 1169/2000 [00:14<00:10, 82.76it/s]Sampling step:  59%|█████▉    | 1178/2000 [00:14<00:09, 82.82it/s]Sampling step:  59%|█████▉    | 1187/2000 [00:14<00:09, 82.80it/s]Sampling step:  60%|█████▉    | 1196/2000 [00:14<00:09, 82.62it/s]Sampling step:  60%|██████    | 1205/2000 [00:14<00:09, 82.61it/s]Sampling step:  61%|██████    | 1214/2000 [00:14<00:09, 82.71it/s]Sampling step:  61%|██████    | 1223/2000 [00:14<00:09, 82.77it/s]Sampling step:  62%|██████▏   | 1232/2000 [00:14<00:09, 82.71it/s]Sampling step:  62%|██████▏   | 1241/2000 [00:15<00:09, 82.36it/s]Sampling step:  62%|██████▎   | 1250/2000 [00:15<00:09, 82.41it/s]Sampling step:  63%|██████▎   | 1259/2000 [00:15<00:08, 82.50it/s]Sampling step:  63%|██████▎   | 1268/2000 [00:15<00:08, 82.75it/s]Sampling step:  64%|██████▍   | 1277/2000 [00:15<00:08, 82.81it/s]Sampling step:  64%|██████▍   | 1286/2000 [00:15<00:08, 82.94it/s]Sampling step:  65%|██████▍   | 1295/2000 [00:15<00:08, 83.00it/s]Sampling step:  65%|██████▌   | 1304/2000 [00:15<00:08, 83.07it/s]Sampling step:  66%|██████▌   | 1313/2000 [00:15<00:08, 83.05it/s]Sampling step:  66%|██████▌   | 1322/2000 [00:15<00:08, 82.93it/s]Sampling step:  67%|██████▋   | 1331/2000 [00:16<00:08, 83.03it/s]Sampling step:  67%|██████▋   | 1340/2000 [00:16<00:07, 83.05it/s]Sampling step:  67%|██████▋   | 1349/2000 [00:16<00:07, 82.98it/s]Sampling step:  68%|██████▊   | 1358/2000 [00:16<00:07, 82.80it/s]Sampling step:  68%|██████▊   | 1367/2000 [00:16<00:07, 82.86it/s]Sampling step:  69%|██████▉   | 1376/2000 [00:16<00:07, 82.98it/s]Sampling step:  69%|██████▉   | 1385/2000 [00:16<00:07, 83.00it/s]Sampling step:  70%|██████▉   | 1394/2000 [00:16<00:07, 83.06it/s]Sampling step:  70%|███████   | 1403/2000 [00:16<00:07, 82.94it/s]Sampling step:  71%|███████   | 1412/2000 [00:17<00:07, 82.83it/s]Sampling step:  71%|███████   | 1421/2000 [00:17<00:06, 82.82it/s]Sampling step:  72%|███████▏  | 1430/2000 [00:17<00:06, 82.81it/s]Sampling step:  72%|███████▏  | 1439/2000 [00:17<00:06, 82.87it/s]Sampling step:  72%|███████▏  | 1448/2000 [00:17<00:06, 82.72it/s]Sampling step:  73%|███████▎  | 1457/2000 [00:17<00:06, 82.89it/s]Sampling step:  73%|███████▎  | 1466/2000 [00:17<00:06, 82.97it/s]Sampling step:  74%|███████▍  | 1475/2000 [00:17<00:06, 83.01it/s]Sampling step:  74%|███████▍  | 1484/2000 [00:17<00:06, 82.99it/s]Sampling step:  75%|███████▍  | 1493/2000 [00:18<00:06, 82.82it/s]Sampling step:  75%|███████▌  | 1502/2000 [00:18<00:06, 82.91it/s]Sampling step:  76%|███████▌  | 1511/2000 [00:18<00:05, 83.05it/s]Sampling step:  76%|███████▌  | 1520/2000 [00:18<00:05, 83.11it/s]Sampling step:  76%|███████▋  | 1529/2000 [00:18<00:05, 82.88it/s]Sampling step:  77%|███████▋  | 1538/2000 [00:18<00:05, 83.03it/s]Sampling step:  77%|███████▋  | 1547/2000 [00:18<00:05, 83.09it/s]Sampling step:  78%|███████▊  | 1556/2000 [00:18<00:05, 83.04it/s]Sampling step:  78%|███████▊  | 1565/2000 [00:18<00:05, 82.99it/s]Sampling step:  79%|███████▊  | 1574/2000 [00:19<00:05, 82.89it/s]Sampling step:  79%|███████▉  | 1583/2000 [00:19<00:05, 82.95it/s]Sampling step:  80%|███████▉  | 1592/2000 [00:19<00:04, 82.75it/s]Sampling step:  80%|████████  | 1601/2000 [00:19<00:04, 82.70it/s]Sampling step:  80%|████████  | 1610/2000 [00:19<00:04, 82.59it/s]Sampling step:  81%|████████  | 1619/2000 [00:19<00:04, 82.72it/s]Sampling step:  81%|████████▏ | 1628/2000 [00:19<00:04, 82.81it/s]Sampling step:  82%|████████▏ | 1637/2000 [00:19<00:04, 82.81it/s]Sampling step:  82%|████████▏ | 1646/2000 [00:19<00:04, 82.86it/s]Sampling step:  83%|████████▎ | 1655/2000 [00:19<00:04, 82.78it/s]Sampling step:  83%|████████▎ | 1664/2000 [00:20<00:04, 82.77it/s]Sampling step:  84%|████████▎ | 1673/2000 [00:20<00:03, 82.79it/s]Sampling step:  84%|████████▍ | 1682/2000 [00:20<00:03, 82.84it/s]Sampling step:  85%|████████▍ | 1691/2000 [00:20<00:03, 82.77it/s]Sampling step:  85%|████████▌ | 1700/2000 [00:20<00:03, 82.82it/s]Sampling step:  85%|████████▌ | 1709/2000 [00:20<00:03, 82.83it/s]Sampling step:  86%|████████▌ | 1718/2000 [00:20<00:03, 82.89it/s]Sampling step:  86%|████████▋ | 1727/2000 [00:20<00:03, 82.86it/s]Sampling step:  87%|████████▋ | 1736/2000 [00:20<00:03, 82.87it/s]Sampling step:  87%|████████▋ | 1745/2000 [00:21<00:03, 82.94it/s]Sampling step:  88%|████████▊ | 1754/2000 [00:21<00:02, 83.14it/s]Sampling step:  88%|████████▊ | 1763/2000 [00:21<00:02, 83.09it/s]Sampling step:  89%|████████▊ | 1772/2000 [00:21<00:02, 82.74it/s]Sampling step:  89%|████████▉ | 1781/2000 [00:21<00:02, 82.52it/s]Sampling step:  90%|████████▉ | 1790/2000 [00:21<00:02, 82.77it/s]Sampling step:  90%|████████▉ | 1799/2000 [00:21<00:02, 82.91it/s]Sampling step:  90%|█████████ | 1808/2000 [00:21<00:02, 82.93it/s]Sampling step:  91%|█████████ | 1817/2000 [00:21<00:02, 82.93it/s]Sampling step:  91%|█████████▏| 1826/2000 [00:22<00:02, 82.95it/s]Sampling step:  92%|█████████▏| 1835/2000 [00:22<00:01, 83.00it/s]Sampling step:  92%|█████████▏| 1844/2000 [00:22<00:01, 83.01it/s]Sampling step:  93%|█████████▎| 1853/2000 [00:22<00:01, 82.92it/s]Sampling step:  93%|█████████▎| 1862/2000 [00:22<00:01, 82.71it/s]Sampling step:  94%|█████████▎| 1871/2000 [00:22<00:01, 82.70it/s]Sampling step:  94%|█████████▍| 1880/2000 [00:22<00:01, 82.69it/s]Sampling step:  94%|█████████▍| 1889/2000 [00:22<00:01, 82.75it/s]Sampling step:  95%|█████████▍| 1898/2000 [00:22<00:01, 82.68it/s]Sampling step:  95%|█████████▌| 1907/2000 [00:23<00:01, 82.82it/s]Sampling step:  96%|█████████▌| 1916/2000 [00:23<00:01, 82.87it/s]Sampling step:  96%|█████████▋| 1925/2000 [00:23<00:00, 82.91it/s]Sampling step:  97%|█████████▋| 1934/2000 [00:23<00:00, 82.99it/s]Sampling step:  97%|█████████▋| 1943/2000 [00:23<00:00, 82.81it/s]Sampling step:  98%|█████████▊| 1952/2000 [00:23<00:00, 82.72it/s]Sampling step:  98%|█████████▊| 1961/2000 [00:23<00:00, 82.73it/s]Sampling step:  98%|█████████▊| 1970/2000 [00:23<00:00, 82.83it/s]Sampling step:  99%|█████████▉| 1979/2000 [00:23<00:00, 82.83it/s]Sampling step:  99%|█████████▉| 1988/2000 [00:24<00:00, 82.78it/s]Sampling step: 100%|█████████▉| 1997/2000 [00:24<00:00, 82.75it/s]Sampling step: 100%|██████████| 2000/2000 [00:24<00:00, 82.78it/s]
  [20/40] 0063: diffusion error  2.35 mm | non-rigid residual  0.72 mm
Sampling step:   0%|          | 0/2000 [00:00<?, ?it/s]Sampling step:   0%|          | 8/2000 [00:00<00:26, 74.11it/s]Sampling step:   1%|          | 17/2000 [00:00<00:25, 79.09it/s]Sampling step:   1%|▏         | 26/2000 [00:00<00:24, 80.73it/s]Sampling step:   2%|▏         | 35/2000 [00:00<00:24, 81.55it/s]Sampling step:   2%|▏         | 44/2000 [00:00<00:23, 82.01it/s]Sampling step:   3%|▎         | 53/2000 [00:00<00:23, 82.41it/s]Sampling step:   3%|▎         | 62/2000 [00:00<00:23, 82.79it/s]Sampling step:   4%|▎         | 71/2000 [00:00<00:23, 82.79it/s]Sampling step:   4%|▍         | 80/2000 [00:00<00:23, 82.73it/s]Sampling step:   4%|▍         | 89/2000 [00:01<00:23, 82.66it/s]Sampling step:   5%|▍         | 98/2000 [00:01<00:23, 82.67it/s]Sampling step:   5%|▌         | 107/2000 [00:01<00:23, 82.13it/s]Sampling step:   6%|▌         | 116/2000 [00:01<00:22, 82.30it/s]Sampling step:   6%|▋         | 125/2000 [00:01<00:22, 82.35it/s]Sampling step:   7%|▋         | 134/2000 [00:01<00:22, 82.46it/s]Sampling step:   7%|▋         | 143/2000 [00:01<00:22, 82.52it/s]Sampling step:   8%|▊         | 152/2000 [00:01<00:22, 82.52it/s]Sampling step:   8%|▊         | 161/2000 [00:01<00:22, 82.60it/s]Sampling step:   8%|▊         | 170/2000 [00:02<00:22, 82.58it/s]Sampling step:   9%|▉         | 179/2000 [00:02<00:22, 82.67it/s]Sampling step:   9%|▉         | 188/2000 [00:02<00:21, 82.75it/s]Sampling step:  10%|▉         | 197/2000 [00:02<00:21, 82.88it/s]Sampling step:  10%|█         | 206/2000 [00:02<00:21, 82.89it/s]Sampling step:  11%|█         | 215/2000 [00:02<00:21, 82.89it/s]Sampling step:  11%|█         | 224/2000 [00:02<00:21, 82.88it/s]Sampling step:  12%|█▏        | 233/2000 [00:02<00:21, 82.78it/s]Sampling step:  12%|█▏        | 242/2000 [00:02<00:21, 82.69it/s]Sampling step:  13%|█▎        | 251/2000 [00:03<00:21, 82.59it/s]Sampling step:  13%|█▎        | 260/2000 [00:03<00:21, 82.70it/s]Sampling step:  13%|█▎        | 269/2000 [00:03<00:20, 82.85it/s]Sampling step:  14%|█▍        | 278/2000 [00:03<00:20, 82.61it/s]Sampling step:  14%|█▍        | 287/2000 [00:03<00:20, 82.66it/s]Sampling step:  15%|█▍        | 296/2000 [00:03<00:20, 82.62it/s]Sampling step:  15%|█▌        | 305/2000 [00:03<00:20, 82.70it/s]Sampling step:  16%|█▌        | 314/2000 [00:03<00:20, 82.58it/s]Sampling step:  16%|█▌        | 323/2000 [00:03<00:20, 82.45it/s]Sampling step:  17%|█▋        | 332/2000 [00:04<00:20, 82.26it/s]Sampling step:  17%|█▋        | 341/2000 [00:04<00:20, 82.38it/s]Sampling step:  18%|█▊        | 350/2000 [00:04<00:20, 82.40it/s]Sampling step:  18%|█▊        | 359/2000 [00:04<00:19, 82.43it/s]Sampling step:  18%|█▊        | 368/2000 [00:04<00:19, 82.48it/s]Sampling step:  19%|█▉        | 377/2000 [00:04<00:19, 82.44it/s]Sampling step:  19%|█▉        | 386/2000 [00:04<00:19, 82.50it/s]Sampling step:  20%|█▉        | 395/2000 [00:04<00:19, 82.63it/s]Sampling step:  20%|██        | 404/2000 [00:04<00:19, 82.59it/s]Sampling step:  21%|██        | 413/2000 [00:05<00:19, 82.49it/s]Sampling step:  21%|██        | 422/2000 [00:05<00:19, 82.60it/s]Sampling step:  22%|██▏       | 431/2000 [00:05<00:19, 82.55it/s]Sampling step:  22%|██▏       | 440/2000 [00:05<00:18, 82.52it/s]Sampling step:  22%|██▏       | 449/2000 [00:05<00:18, 82.46it/s]Sampling step:  23%|██▎       | 458/2000 [00:05<00:18, 82.33it/s]Sampling step:  23%|██▎       | 467/2000 [00:05<00:18, 82.32it/s]Sampling step:  24%|██▍       | 476/2000 [00:05<00:18, 82.50it/s]Sampling step:  24%|██▍       | 485/2000 [00:05<00:18, 82.50it/s]Sampling step:  25%|██▍       | 494/2000 [00:05<00:18, 82.47it/s]Sampling step:  25%|██▌       | 503/2000 [00:06<00:18, 82.57it/s]Sampling step:  26%|██▌       | 512/2000 [00:06<00:18, 82.60it/s]Sampling step:  26%|██▌       | 521/2000 [00:06<00:17, 82.53it/s]Sampling step:  26%|██▋       | 530/2000 [00:06<00:17, 82.58it/s]Sampling step:  27%|██▋       | 539/2000 [00:06<00:17, 82.47it/s]Sampling step:  27%|██▋       | 548/2000 [00:06<00:17, 82.58it/s]Sampling step:  28%|██▊       | 557/2000 [00:06<00:17, 82.68it/s]Sampling step:  28%|██▊       | 566/2000 [00:06<00:17, 82.67it/s]Sampling step:  29%|██▉       | 575/2000 [00:06<00:17, 82.63it/s]Sampling step:  29%|██▉       | 584/2000 [00:07<00:17, 82.73it/s]Sampling step:  30%|██▉       | 593/2000 [00:07<00:16, 82.79it/s]Sampling step:  30%|███       | 602/2000 [00:07<00:16, 82.71it/s]Sampling step:  31%|███       | 611/2000 [00:07<00:16, 82.76it/s]Sampling step:  31%|███       | 620/2000 [00:07<00:16, 82.81it/s]Sampling step:  31%|███▏      | 629/2000 [00:07<00:16, 82.30it/s]Sampling step:  32%|███▏      | 638/2000 [00:07<00:16, 82.28it/s]Sampling step:  32%|███▏      | 647/2000 [00:07<00:16, 82.40it/s]Sampling step:  33%|███▎      | 656/2000 [00:07<00:16, 82.48it/s]Sampling step:  33%|███▎      | 665/2000 [00:08<00:16, 82.48it/s]Sampling step:  34%|███▎      | 674/2000 [00:08<00:16, 82.53it/s]Sampling step:  34%|███▍      | 683/2000 [00:08<00:15, 82.57it/s]Sampling step:  35%|███▍      | 692/2000 [00:08<00:15, 82.62it/s]Sampling step:  35%|███▌      | 701/2000 [00:08<00:15, 82.53it/s]Sampling step:  36%|███▌      | 710/2000 [00:08<00:15, 82.72it/s]Sampling step:  36%|███▌      | 719/2000 [00:08<00:15, 82.59it/s]Sampling step:  36%|███▋      | 728/2000 [00:08<00:15, 82.57it/s]Sampling step:  37%|███▋      | 737/2000 [00:08<00:15, 82.54it/s]Sampling step:  37%|███▋      | 746/2000 [00:09<00:15, 82.42it/s]Sampling step:  38%|███▊      | 755/2000 [00:09<00:15, 82.44it/s]Sampling step:  38%|███▊      | 764/2000 [00:09<00:14, 82.44it/s]Sampling step:  39%|███▊      | 773/2000 [00:09<00:14, 82.45it/s]Sampling step:  39%|███▉      | 782/2000 [00:09<00:14, 82.33it/s]Sampling step:  40%|███▉      | 791/2000 [00:09<00:14, 82.36it/s]Sampling step:  40%|████      | 800/2000 [00:09<00:14, 82.16it/s]Sampling step:  40%|████      | 809/2000 [00:09<00:14, 82.16it/s]Sampling step:  41%|████      | 818/2000 [00:09<00:14, 82.26it/s]Sampling step:  41%|████▏     | 827/2000 [00:10<00:14, 82.24it/s]Sampling step:  42%|████▏     | 836/2000 [00:10<00:14, 82.24it/s]Sampling step:  42%|████▏     | 845/2000 [00:10<00:14, 82.31it/s]Sampling step:  43%|████▎     | 854/2000 [00:10<00:13, 82.34it/s]Sampling step:  43%|████▎     | 863/2000 [00:10<00:13, 82.32it/s]Sampling step:  44%|████▎     | 872/2000 [00:10<00:13, 82.23it/s]Sampling step:  44%|████▍     | 881/2000 [00:10<00:13, 82.28it/s]Sampling step:  44%|████▍     | 890/2000 [00:10<00:13, 82.34it/s]Sampling step:  45%|████▍     | 899/2000 [00:10<00:13, 82.38it/s]Sampling step:  45%|████▌     | 908/2000 [00:11<00:13, 82.42it/s]Sampling step:  46%|████▌     | 917/2000 [00:11<00:13, 82.39it/s]Sampling step:  46%|████▋     | 926/2000 [00:11<00:13, 82.44it/s]Sampling step:  47%|████▋     | 935/2000 [00:11<00:12, 82.40it/s]Sampling step:  47%|████▋     | 944/2000 [00:11<00:12, 82.42it/s]Sampling step:  48%|████▊     | 953/2000 [00:11<00:12, 82.32it/s]Sampling step:  48%|████▊     | 962/2000 [00:11<00:12, 82.30it/s]Sampling step:  49%|████▊     | 971/2000 [00:11<00:12, 82.35it/s]Sampling step:  49%|████▉     | 980/2000 [00:11<00:12, 82.20it/s]Sampling step:  49%|████▉     | 989/2000 [00:11<00:12, 82.22it/s]Sampling step:  50%|████▉     | 998/2000 [00:12<00:12, 82.20it/s]Sampling step:  50%|█████     | 1007/2000 [00:12<00:12, 82.33it/s]Sampling step:  51%|█████     | 1016/2000 [00:12<00:11, 82.35it/s]Sampling step:  51%|█████▏    | 1025/2000 [00:12<00:11, 82.38it/s]Sampling step:  52%|█████▏    | 1034/2000 [00:12<00:11, 82.29it/s]Sampling step:  52%|█████▏    | 1043/2000 [00:12<00:11, 82.29it/s]Sampling step:  53%|█████▎    | 1052/2000 [00:12<00:11, 82.40it/s]Sampling step:  53%|█████▎    | 1061/2000 [00:12<00:11, 82.56it/s]Sampling step:  54%|█████▎    | 1070/2000 [00:12<00:11, 82.62it/s]Sampling step:  54%|█████▍    | 1079/2000 [00:13<00:11, 82.61it/s]Sampling step:  54%|█████▍    | 1088/2000 [00:13<00:11, 82.58it/s]Sampling step:  55%|█████▍    | 1097/2000 [00:13<00:10, 82.61it/s]Sampling step:  55%|█████▌    | 1106/2000 [00:13<00:10, 82.69it/s]Sampling step:  56%|█████▌    | 1115/2000 [00:13<00:10, 82.58it/s]Sampling step:  56%|█████▌    | 1124/2000 [00:13<00:10, 82.59it/s]Sampling step:  57%|█████▋    | 1133/2000 [00:13<00:10, 82.67it/s]Sampling step:  57%|█████▋    | 1142/2000 [00:13<00:10, 82.70it/s]Sampling step:  58%|█████▊    | 1151/2000 [00:13<00:10, 82.63it/s]Sampling step:  58%|█████▊    | 1160/2000 [00:14<00:10, 82.45it/s]Sampling step:  58%|█████▊    | 1169/2000 [00:14<00:10, 82.60it/s]Sampling step:  59%|█████▉    | 1178/2000 [00:14<00:09, 82.60it/s]Sampling step:  59%|█████▉    | 1187/2000 [00:14<00:09, 82.62it/s]Sampling step:  60%|█████▉    | 1196/2000 [00:14<00:09, 82.54it/s]Sampling step:  60%|██████    | 1205/2000 [00:14<00:09, 82.55it/s]Sampling step:  61%|██████    | 1214/2000 [00:14<00:09, 82.64it/s]Sampling step:  61%|██████    | 1223/2000 [00:14<00:09, 82.59it/s]Sampling step:  62%|██████▏   | 1232/2000 [00:14<00:09, 82.69it/s]Sampling step:  62%|██████▏   | 1241/2000 [00:15<00:09, 82.74it/s]Sampling step:  62%|██████▎   | 1250/2000 [00:15<00:09, 82.87it/s]Sampling step:  63%|██████▎   | 1259/2000 [00:15<00:08, 82.89it/s]Sampling step:  63%|██████▎   | 1268/2000 [00:15<00:08, 82.86it/s]Sampling step:  64%|██████▍   | 1277/2000 [00:15<00:08, 82.78it/s]Sampling step:  64%|██████▍   | 1286/2000 [00:15<00:08, 82.81it/s]Sampling step:  65%|██████▍   | 1295/2000 [00:15<00:08, 82.79it/s]Sampling step:  65%|██████▌   | 1304/2000 [00:15<00:08, 82.80it/s]Sampling step:  66%|██████▌   | 1313/2000 [00:15<00:08, 82.84it/s]Sampling step:  66%|██████▌   | 1322/2000 [00:16<00:08, 82.62it/s]Sampling step:  67%|██████▋   | 1331/2000 [00:16<00:08, 82.61it/s]Sampling step:  67%|██████▋   | 1340/2000 [00:16<00:07, 82.58it/s]Sampling step:  67%|██████▋   | 1349/2000 [00:16<00:07, 82.71it/s]Sampling step:  68%|██████▊   | 1358/2000 [00:16<00:07, 82.82it/s]Sampling step:  68%|██████▊   | 1367/2000 [00:16<00:07, 82.80it/s]Sampling step:  69%|██████▉   | 1376/2000 [00:16<00:07, 82.76it/s]Sampling step:  69%|██████▉   | 1385/2000 [00:16<00:07, 82.65it/s]Sampling step:  70%|██████▉   | 1394/2000 [00:16<00:07, 82.76it/s]Sampling step:  70%|███████   | 1403/2000 [00:17<00:07, 82.50it/s]Sampling step:  71%|███████   | 1412/2000 [00:17<00:07, 82.60it/s]Sampling step:  71%|███████   | 1421/2000 [00:17<00:07, 82.67it/s]Sampling step:  72%|███████▏  | 1430/2000 [00:17<00:06, 82.80it/s]Sampling step:  72%|███████▏  | 1439/2000 [00:17<00:06, 82.92it/s]Sampling step:  72%|███████▏  | 1448/2000 [00:17<00:06, 82.86it/s]Sampling step:  73%|███████▎  | 1457/2000 [00:17<00:06, 82.91it/s]Sampling step:  73%|███████▎  | 1466/2000 [00:17<00:06, 82.96it/s]Sampling step:  74%|███████▍  | 1475/2000 [00:17<00:06, 82.87it/s]Sampling step:  74%|███████▍  | 1484/2000 [00:17<00:06, 82.74it/s]Sampling step:  75%|███████▍  | 1493/2000 [00:18<00:06, 82.77it/s]Sampling step:  75%|███████▌  | 1502/2000 [00:18<00:06, 82.65it/s]Sampling step:  76%|███████▌  | 1511/2000 [00:18<00:05, 82.59it/s]Sampling step:  76%|███████▌  | 1520/2000 [00:18<00:05, 82.66it/s]Sampling step:  76%|███████▋  | 1529/2000 [00:18<00:05, 82.62it/s]Sampling step:  77%|███████▋  | 1538/2000 [00:18<00:05, 82.65it/s]Sampling step:  77%|███████▋  | 1547/2000 [00:18<00:05, 82.82it/s]Sampling step:  78%|███████▊  | 1556/2000 [00:18<00:05, 82.85it/s]Sampling step:  78%|███████▊  | 1565/2000 [00:18<00:05, 82.79it/s]Sampling step:  79%|███████▊  | 1574/2000 [00:19<00:05, 82.71it/s]Sampling step:  79%|███████▉  | 1583/2000 [00:19<00:05, 82.87it/s]Sampling step:  80%|███████▉  | 1592/2000 [00:19<00:04, 82.85it/s]Sampling step:  80%|████████  | 1601/2000 [00:19<00:04, 82.91it/s]Sampling step:  80%|████████  | 1610/2000 [00:19<00:04, 82.74it/s]Sampling step:  81%|████████  | 1619/2000 [00:19<00:04, 82.79it/s]Sampling step:  81%|████████▏ | 1628/2000 [00:19<00:04, 82.79it/s]Sampling step:  82%|████████▏ | 1637/2000 [00:19<00:04, 82.78it/s]Sampling step:  82%|████████▏ | 1646/2000 [00:19<00:04, 82.64it/s]Sampling step:  83%|████████▎ | 1655/2000 [00:20<00:04, 82.74it/s]Sampling step:  83%|████████▎ | 1664/2000 [00:20<00:04, 82.67it/s]Sampling step:  84%|████████▎ | 1673/2000 [00:20<00:03, 82.61it/s]Sampling step:  84%|████████▍ | 1682/2000 [00:20<00:03, 82.34it/s]Sampling step:  85%|████████▍ | 1691/2000 [00:20<00:03, 82.48it/s]Sampling step:  85%|████████▌ | 1700/2000 [00:20<00:03, 82.50it/s]Sampling step:  85%|████████▌ | 1709/2000 [00:20<00:03, 82.48it/s]Sampling step:  86%|████████▌ | 1718/2000 [00:20<00:03, 82.62it/s]Sampling step:  86%|████████▋ | 1727/2000 [00:20<00:03, 82.60it/s]Sampling step:  87%|████████▋ | 1736/2000 [00:21<00:03, 82.64it/s]Sampling step:  87%|████████▋ | 1745/2000 [00:21<00:03, 82.77it/s]Sampling step:  88%|████████▊ | 1754/2000 [00:21<00:02, 82.75it/s]Sampling step:  88%|████████▊ | 1763/2000 [00:21<00:02, 82.84it/s]Sampling step:  89%|████████▊ | 1772/2000 [00:21<00:02, 82.80it/s]Sampling step:  89%|████████▉ | 1781/2000 [00:21<00:02, 82.74it/s]Sampling step:  90%|████████▉ | 1790/2000 [00:21<00:02, 82.74it/s]Sampling step:  90%|████████▉ | 1799/2000 [00:21<00:02, 82.78it/s]Sampling step:  90%|█████████ | 1808/2000 [00:21<00:02, 82.74it/s]Sampling step:  91%|█████████ | 1817/2000 [00:22<00:02, 82.64it/s]Sampling step:  91%|█████████▏| 1826/2000 [00:22<00:02, 82.83it/s]Sampling step:  92%|█████████▏| 1835/2000 [00:22<00:01, 82.94it/s]Sampling step:  92%|█████████▏| 1844/2000 [00:22<00:01, 82.98it/s]Sampling step:  93%|█████████▎| 1853/2000 [00:22<00:01, 82.87it/s]Sampling step:  93%|█████████▎| 1862/2000 [00:22<00:01, 82.54it/s]Sampling step:  94%|█████████▎| 1871/2000 [00:22<00:01, 82.72it/s]Sampling step:  94%|█████████▍| 1880/2000 [00:22<00:01, 82.90it/s]Sampling step:  94%|█████████▍| 1889/2000 [00:22<00:01, 83.05it/s]Sampling step:  95%|█████████▍| 1898/2000 [00:22<00:01, 82.94it/s]Sampling step:  95%|█████████▌| 1907/2000 [00:23<00:01, 83.09it/s]Sampling step:  96%|█████████▌| 1916/2000 [00:23<00:01, 82.99it/s]Sampling step:  96%|█████████▋| 1925/2000 [00:23<00:00, 82.95it/s]Sampling step:  97%|█████████▋| 1934/2000 [00:23<00:00, 82.93it/s]Sampling step:  97%|█████████▋| 1943/2000 [00:23<00:00, 82.86it/s]Sampling step:  98%|█████████▊| 1952/2000 [00:23<00:00, 82.87it/s]Sampling step:  98%|█████████▊| 1961/2000 [00:23<00:00, 82.93it/s]Sampling step:  98%|█████████▊| 1970/2000 [00:23<00:00, 82.88it/s]Sampling step:  99%|█████████▉| 1979/2000 [00:23<00:00, 82.93it/s]Sampling step:  99%|█████████▉| 1988/2000 [00:24<00:00, 82.82it/s]Sampling step: 100%|█████████▉| 1997/2000 [00:24<00:00, 82.75it/s]Sampling step: 100%|██████████| 2000/2000 [00:24<00:00, 82.58it/s]
  [21/40] 0065: diffusion error  3.45 mm | non-rigid residual  0.62 mm
Sampling step:   0%|          | 0/2000 [00:00<?, ?it/s]Sampling step:   0%|          | 8/2000 [00:00<00:26, 74.17it/s]Sampling step:   1%|          | 17/2000 [00:00<00:25, 79.14it/s]Sampling step:   1%|▏         | 26/2000 [00:00<00:24, 80.62it/s]Sampling step:   2%|▏         | 35/2000 [00:00<00:24, 81.40it/s]Sampling step:   2%|▏         | 44/2000 [00:00<00:23, 81.90it/s]Sampling step:   3%|▎         | 53/2000 [00:00<00:23, 82.14it/s]Sampling step:   3%|▎         | 62/2000 [00:00<00:23, 82.37it/s]Sampling step:   4%|▎         | 71/2000 [00:00<00:23, 82.48it/s]Sampling step:   4%|▍         | 80/2000 [00:00<00:23, 82.20it/s]Sampling step:   4%|▍         | 89/2000 [00:01<00:23, 82.34it/s]Sampling step:   5%|▍         | 98/2000 [00:01<00:23, 82.49it/s]Sampling step:   5%|▌         | 107/2000 [00:01<00:22, 82.56it/s]Sampling step:   6%|▌         | 116/2000 [00:01<00:22, 82.67it/s]Sampling step:   6%|▋         | 125/2000 [00:01<00:22, 82.65it/s]Sampling step:   7%|▋         | 134/2000 [00:01<00:22, 82.64it/s]Sampling step:   7%|▋         | 143/2000 [00:01<00:22, 82.67it/s]Sampling step:   8%|▊         | 152/2000 [00:01<00:22, 82.58it/s]Sampling step:   8%|▊         | 161/2000 [00:01<00:22, 82.68it/s]Sampling step:   8%|▊         | 170/2000 [00:02<00:22, 82.91it/s]Sampling step:   9%|▉         | 179/2000 [00:02<00:21, 82.89it/s]Sampling step:   9%|▉         | 188/2000 [00:02<00:21, 82.93it/s]Sampling step:  10%|▉         | 197/2000 [00:02<00:21, 82.86it/s]Sampling step:  10%|█         | 206/2000 [00:02<00:21, 82.73it/s]Sampling step:  11%|█         | 215/2000 [00:02<00:21, 82.78it/s]Sampling step:  11%|█         | 224/2000 [00:02<00:21, 82.86it/s]Sampling step:  12%|█▏        | 233/2000 [00:02<00:21, 82.66it/s]Sampling step:  12%|█▏        | 242/2000 [00:02<00:21, 82.72it/s]Sampling step:  13%|█▎        | 251/2000 [00:03<00:21, 82.68it/s]Sampling step:  13%|█▎        | 260/2000 [00:03<00:21, 82.46it/s]Sampling step:  13%|█▎        | 269/2000 [00:03<00:20, 82.68it/s]Sampling step:  14%|█▍        | 278/2000 [00:03<00:20, 82.65it/s]Sampling step:  14%|█▍        | 287/2000 [00:03<00:20, 82.77it/s]Sampling step:  15%|█▍        | 296/2000 [00:03<00:20, 82.90it/s]Sampling step:  15%|█▌        | 305/2000 [00:03<00:20, 82.86it/s]Sampling step:  16%|█▌        | 314/2000 [00:03<00:20, 82.86it/s]Sampling step:  16%|█▌        | 323/2000 [00:03<00:20, 82.81it/s]Sampling step:  17%|█▋        | 332/2000 [00:04<00:20, 82.85it/s]Sampling step:  17%|█▋        | 341/2000 [00:04<00:19, 83.03it/s]Sampling step:  18%|█▊        | 350/2000 [00:04<00:19, 83.18it/s]Sampling step:  18%|█▊        | 359/2000 [00:04<00:19, 83.22it/s]Sampling step:  18%|█▊        | 368/2000 [00:04<00:19, 83.07it/s]Sampling step:  19%|█▉        | 377/2000 [00:04<00:19, 83.03it/s]Sampling step:  19%|█▉        | 386/2000 [00:04<00:19, 83.13it/s]Sampling step:  20%|█▉        | 395/2000 [00:04<00:19, 83.04it/s]Sampling step:  20%|██        | 404/2000 [00:04<00:19, 82.90it/s]Sampling step:  21%|██        | 413/2000 [00:05<00:19, 82.85it/s]Sampling step:  21%|██        | 422/2000 [00:05<00:19, 82.96it/s]Sampling step:  22%|██▏       | 431/2000 [00:05<00:18, 82.90it/s]Sampling step:  22%|██▏       | 440/2000 [00:05<00:18, 82.75it/s]Sampling step:  22%|██▏       | 449/2000 [00:05<00:18, 82.86it/s]Sampling step:  23%|██▎       | 458/2000 [00:05<00:18, 82.92it/s]Sampling step:  23%|██▎       | 467/2000 [00:05<00:18, 83.01it/s]Sampling step:  24%|██▍       | 476/2000 [00:05<00:18, 82.98it/s]Sampling step:  24%|██▍       | 485/2000 [00:05<00:18, 82.90it/s]Sampling step:  25%|██▍       | 494/2000 [00:05<00:18, 82.82it/s]Sampling step:  25%|██▌       | 503/2000 [00:06<00:18, 82.83it/s]Sampling step:  26%|██▌       | 512/2000 [00:06<00:17, 82.78it/s]Sampling step:  26%|██▌       | 521/2000 [00:06<00:17, 82.75it/s]Sampling step:  26%|██▋       | 530/2000 [00:06<00:17, 82.75it/s]Sampling step:  27%|██▋       | 539/2000 [00:06<00:17, 82.72it/s]Sampling step:  27%|██▋       | 548/2000 [00:06<00:17, 82.78it/s]Sampling step:  28%|██▊       | 557/2000 [00:06<00:17, 82.93it/s]Sampling step:  28%|██▊       | 566/2000 [00:06<00:17, 82.76it/s]Sampling step:  29%|██▉       | 575/2000 [00:06<00:17, 82.84it/s]Sampling step:  29%|██▉       | 584/2000 [00:07<00:17, 82.95it/s]Sampling step:  30%|██▉       | 593/2000 [00:07<00:16, 82.97it/s]Sampling step:  30%|███       | 602/2000 [00:07<00:16, 82.99it/s]Sampling step:  31%|███       | 611/2000 [00:07<00:16, 82.85it/s]Sampling step:  31%|███       | 620/2000 [00:07<00:16, 82.80it/s]Sampling step:  31%|███▏      | 629/2000 [00:07<00:16, 82.89it/s]Sampling step:  32%|███▏      | 638/2000 [00:07<00:16, 82.89it/s]Sampling step:  32%|███▏      | 647/2000 [00:07<00:16, 82.76it/s]Sampling step:  33%|███▎      | 656/2000 [00:07<00:16, 82.84it/s]Sampling step:  33%|███▎      | 665/2000 [00:08<00:16, 82.88it/s]Sampling step:  34%|███▎      | 674/2000 [00:08<00:15, 82.91it/s]Sampling step:  34%|███▍      | 683/2000 [00:08<00:15, 82.82it/s]Sampling step:  35%|███▍      | 692/2000 [00:08<00:15, 82.73it/s]Sampling step:  35%|███▌      | 701/2000 [00:08<00:15, 82.78it/s]Sampling step:  36%|███▌      | 710/2000 [00:08<00:15, 82.89it/s]Sampling step:  36%|███▌      | 719/2000 [00:08<00:15, 82.72it/s]Sampling step:  36%|███▋      | 728/2000 [00:08<00:15, 82.67it/s]Sampling step:  37%|███▋      | 737/2000 [00:08<00:15, 82.85it/s]Sampling step:  37%|███▋      | 746/2000 [00:09<00:15, 83.03it/s]Sampling step:  38%|███▊      | 755/2000 [00:09<00:15, 82.89it/s]Sampling step:  38%|███▊      | 764/2000 [00:09<00:14, 82.85it/s]Sampling step:  39%|███▊      | 773/2000 [00:09<00:14, 82.76it/s]Sampling step:  39%|███▉      | 782/2000 [00:09<00:14, 82.54it/s]Sampling step:  40%|███▉      | 791/2000 [00:09<00:14, 82.60it/s]Sampling step:  40%|████      | 800/2000 [00:09<00:14, 82.64it/s]Sampling step:  40%|████      | 809/2000 [00:09<00:14, 82.75it/s]Sampling step:  41%|████      | 818/2000 [00:09<00:14, 82.73it/s]Sampling step:  41%|████▏     | 827/2000 [00:09<00:14, 82.85it/s]Sampling step:  42%|████▏     | 836/2000 [00:10<00:14, 82.82it/s]Sampling step:  42%|████▏     | 845/2000 [00:10<00:13, 82.89it/s]Sampling step:  43%|████▎     | 854/2000 [00:10<00:13, 82.73it/s]Sampling step:  43%|████▎     | 863/2000 [00:10<00:13, 82.82it/s]Sampling step:  44%|████▎     | 872/2000 [00:10<00:13, 82.76it/s]Sampling step:  44%|████▍     | 881/2000 [00:10<00:13, 82.77it/s]Sampling step:  44%|████▍     | 890/2000 [00:10<00:13, 82.76it/s]Sampling step:  45%|████▍     | 899/2000 [00:10<00:13, 82.76it/s]Sampling step:  45%|████▌     | 908/2000 [00:10<00:13, 82.83it/s]Sampling step:  46%|████▌     | 917/2000 [00:11<00:13, 82.81it/s]Sampling step:  46%|████▋     | 926/2000 [00:11<00:12, 82.82it/s]Sampling step:  47%|████▋     | 935/2000 [00:11<00:12, 82.79it/s]Sampling step:  47%|████▋     | 944/2000 [00:11<00:12, 82.73it/s]Sampling step:  48%|████▊     | 953/2000 [00:11<00:12, 82.61it/s]Sampling step:  48%|████▊     | 962/2000 [00:11<00:12, 82.29it/s]Sampling step:  49%|████▊     | 971/2000 [00:11<00:12, 82.43it/s]Sampling step:  49%|████▉     | 980/2000 [00:11<00:12, 82.38it/s]Sampling step:  49%|████▉     | 989/2000 [00:11<00:12, 82.64it/s]Sampling step:  50%|████▉     | 998/2000 [00:12<00:12, 82.63it/s]Sampling step:  50%|█████     | 1007/2000 [00:12<00:12, 82.72it/s]Sampling step:  51%|█████     | 1016/2000 [00:12<00:11, 82.63it/s]Sampling step:  51%|█████▏    | 1025/2000 [00:12<00:11, 82.72it/s]Sampling step:  52%|█████▏    | 1034/2000 [00:12<00:11, 82.70it/s]Sampling step:  52%|█████▏    | 1043/2000 [00:12<00:11, 82.82it/s]Sampling step:  53%|█████▎    | 1052/2000 [00:12<00:11, 82.82it/s]Sampling step:  53%|█████▎    | 1061/2000 [00:12<00:11, 82.76it/s]Sampling step:  54%|█████▎    | 1070/2000 [00:12<00:11, 82.85it/s]Sampling step:  54%|█████▍    | 1079/2000 [00:13<00:11, 82.88it/s]Sampling step:  54%|█████▍    | 1088/2000 [00:13<00:10, 82.98it/s]Sampling step:  55%|█████▍    | 1097/2000 [00:13<00:10, 82.98it/s]Sampling step:  55%|█████▌    | 1106/2000 [00:13<00:10, 82.90it/s]Sampling step:  56%|█████▌    | 1115/2000 [00:13<00:10, 82.97it/s]Sampling step:  56%|█████▌    | 1124/2000 [00:13<00:10, 82.86it/s]Sampling step:  57%|█████▋    | 1133/2000 [00:13<00:10, 82.77it/s]Sampling step:  57%|█████▋    | 1142/2000 [00:13<00:10, 82.41it/s]Sampling step:  58%|█████▊    | 1151/2000 [00:13<00:10, 82.37it/s]Sampling step:  58%|█████▊    | 1160/2000 [00:14<00:10, 82.54it/s]Sampling step:  58%|█████▊    | 1169/2000 [00:14<00:10, 82.60it/s]Sampling step:  59%|█████▉    | 1178/2000 [00:14<00:09, 82.71it/s]Sampling step:  59%|█████▉    | 1187/2000 [00:14<00:09, 82.69it/s]Sampling step:  60%|█████▉    | 1196/2000 [00:14<00:09, 82.70it/s]Sampling step:  60%|██████    | 1205/2000 [00:14<00:09, 82.68it/s]Sampling step:  61%|██████    | 1214/2000 [00:14<00:09, 82.77it/s]Sampling step:  61%|██████    | 1223/2000 [00:14<00:09, 82.83it/s]Sampling step:  62%|██████▏   | 1232/2000 [00:14<00:09, 82.74it/s]Sampling step:  62%|██████▏   | 1241/2000 [00:15<00:09, 82.88it/s]Sampling step:  62%|██████▎   | 1250/2000 [00:15<00:09, 82.95it/s]Sampling step:  63%|██████▎   | 1259/2000 [00:15<00:08, 82.87it/s]Sampling step:  63%|██████▎   | 1268/2000 [00:15<00:08, 82.79it/s]Sampling step:  64%|██████▍   | 1277/2000 [00:15<00:08, 82.76it/s]Sampling step:  64%|██████▍   | 1286/2000 [00:15<00:08, 82.83it/s]Sampling step:  65%|██████▍   | 1295/2000 [00:15<00:08, 82.86it/s]Sampling step:  65%|██████▌   | 1304/2000 [00:15<00:08, 82.91it/s]Sampling step:  66%|██████▌   | 1313/2000 [00:15<00:08, 82.69it/s]Sampling step:  66%|██████▌   | 1322/2000 [00:15<00:08, 82.77it/s]Sampling step:  67%|██████▋   | 1331/2000 [00:16<00:08, 82.77it/s]Sampling step:  67%|██████▋   | 1340/2000 [00:16<00:07, 82.96it/s]Sampling step:  67%|██████▋   | 1349/2000 [00:16<00:07, 82.85it/s]Sampling step:  68%|██████▊   | 1358/2000 [00:16<00:07, 82.81it/s]Sampling step:  68%|██████▊   | 1367/2000 [00:16<00:07, 82.88it/s]Sampling step:  69%|██████▉   | 1376/2000 [00:16<00:07, 82.84it/s]Sampling step:  69%|██████▉   | 1385/2000 [00:16<00:07, 82.85it/s]Sampling step:  70%|██████▉   | 1394/2000 [00:16<00:07, 82.79it/s]Sampling step:  70%|███████   | 1403/2000 [00:16<00:07, 82.78it/s]Sampling step:  71%|███████   | 1412/2000 [00:17<00:07, 82.78it/s]Sampling step:  71%|███████   | 1421/2000 [00:17<00:06, 82.94it/s]Sampling step:  72%|███████▏  | 1430/2000 [00:17<00:06, 82.98it/s]Sampling step:  72%|███████▏  | 1439/2000 [00:17<00:06, 82.89it/s]Sampling step:  72%|███████▏  | 1448/2000 [00:17<00:06, 82.70it/s]Sampling step:  73%|███████▎  | 1457/2000 [00:17<00:06, 82.73it/s]Sampling step:  73%|███████▎  | 1466/2000 [00:17<00:06, 82.73it/s]Sampling step:  74%|███████▍  | 1475/2000 [00:17<00:06, 82.68it/s]Sampling step:  74%|███████▍  | 1484/2000 [00:17<00:06, 82.65it/s]Sampling step:  75%|███████▍  | 1493/2000 [00:18<00:06, 82.60it/s]Sampling step:  75%|███████▌  | 1502/2000 [00:18<00:06, 82.74it/s]Sampling step:  76%|███████▌  | 1511/2000 [00:18<00:05, 82.79it/s]Sampling step:  76%|███████▌  | 1520/2000 [00:18<00:05, 82.71it/s]Sampling step:  76%|███████▋  | 1529/2000 [00:18<00:05, 82.68it/s]Sampling step:  77%|███████▋  | 1538/2000 [00:18<00:05, 82.57it/s]Sampling step:  77%|███████▋  | 1547/2000 [00:18<00:05, 82.56it/s]Sampling step:  78%|███████▊  | 1556/2000 [00:18<00:05, 82.52it/s]Sampling step:  78%|███████▊  | 1565/2000 [00:18<00:05, 82.54it/s]Sampling step:  79%|███████▊  | 1574/2000 [00:19<00:05, 82.55it/s]Sampling step:  79%|███████▉  | 1583/2000 [00:19<00:05, 82.63it/s]Sampling step:  80%|███████▉  | 1592/2000 [00:19<00:04, 82.66it/s]Sampling step:  80%|████████  | 1601/2000 [00:19<00:04, 82.58it/s]Sampling step:  80%|████████  | 1610/2000 [00:19<00:04, 82.65it/s]Sampling step:  81%|████████  | 1619/2000 [00:19<00:04, 82.73it/s]Sampling step:  81%|████████▏ | 1628/2000 [00:19<00:04, 82.66it/s]Sampling step:  82%|████████▏ | 1637/2000 [00:19<00:04, 82.68it/s]Sampling step:  82%|████████▏ | 1646/2000 [00:19<00:04, 82.65it/s]Sampling step:  83%|████████▎ | 1655/2000 [00:20<00:04, 82.68it/s]Sampling step:  83%|████████▎ | 1664/2000 [00:20<00:04, 82.32it/s]Sampling step:  84%|████████▎ | 1673/2000 [00:20<00:03, 82.32it/s]Sampling step:  84%|████████▍ | 1682/2000 [00:20<00:03, 82.28it/s]Sampling step:  85%|████████▍ | 1691/2000 [00:20<00:03, 82.48it/s]Sampling step:  85%|████████▌ | 1700/2000 [00:20<00:03, 82.67it/s]Sampling step:  85%|████████▌ | 1709/2000 [00:20<00:03, 82.62it/s]Sampling step:  86%|████████▌ | 1718/2000 [00:20<00:03, 82.62it/s]Sampling step:  86%|████████▋ | 1727/2000 [00:20<00:03, 82.61it/s]Sampling step:  87%|████████▋ | 1736/2000 [00:20<00:03, 82.71it/s]Sampling step:  87%|████████▋ | 1745/2000 [00:21<00:03, 82.63it/s]Sampling step:  88%|████████▊ | 1754/2000 [00:21<00:02, 82.76it/s]Sampling step:  88%|████████▊ | 1763/2000 [00:21<00:02, 82.67it/s]Sampling step:  89%|████████▊ | 1772/2000 [00:21<00:02, 82.68it/s]Sampling step:  89%|████████▉ | 1781/2000 [00:21<00:02, 82.69it/s]Sampling step:  90%|████████▉ | 1790/2000 [00:21<00:02, 82.55it/s]Sampling step:  90%|████████▉ | 1799/2000 [00:21<00:02, 82.62it/s]Sampling step:  90%|█████████ | 1808/2000 [00:21<00:02, 82.74it/s]Sampling step:  91%|█████████ | 1817/2000 [00:21<00:02, 82.73it/s]Sampling step:  91%|█████████▏| 1826/2000 [00:22<00:02, 82.74it/s]Sampling step:  92%|█████████▏| 1835/2000 [00:22<00:01, 82.87it/s]Sampling step:  92%|█████████▏| 1844/2000 [00:22<00:01, 82.47it/s]Sampling step:  93%|█████████▎| 1853/2000 [00:22<00:01, 82.58it/s]Sampling step:  93%|█████████▎| 1862/2000 [00:22<00:01, 82.60it/s]Sampling step:  94%|█████████▎| 1871/2000 [00:22<00:01, 82.66it/s]Sampling step:  94%|█████████▍| 1880/2000 [00:22<00:01, 82.75it/s]Sampling step:  94%|█████████▍| 1889/2000 [00:22<00:01, 82.63it/s]Sampling step:  95%|█████████▍| 1898/2000 [00:22<00:01, 82.73it/s]Sampling step:  95%|█████████▌| 1907/2000 [00:23<00:01, 82.77it/s]Sampling step:  96%|█████████▌| 1916/2000 [00:23<00:01, 82.72it/s]Sampling step:  96%|█████████▋| 1925/2000 [00:23<00:00, 82.74it/s]Sampling step:  97%|█████████▋| 1934/2000 [00:23<00:00, 82.69it/s]Sampling step:  97%|█████████▋| 1943/2000 [00:23<00:00, 82.71it/s]Sampling step:  98%|█████████▊| 1952/2000 [00:23<00:00, 82.77it/s]Sampling step:  98%|█████████▊| 1961/2000 [00:23<00:00, 82.88it/s]Sampling step:  98%|█████████▊| 1970/2000 [00:23<00:00, 82.94it/s]Sampling step:  99%|█████████▉| 1979/2000 [00:23<00:00, 83.10it/s]Sampling step:  99%|█████████▉| 1988/2000 [00:24<00:00, 83.05it/s]Sampling step: 100%|█████████▉| 1997/2000 [00:24<00:00, 83.15it/s]Sampling step: 100%|██████████| 2000/2000 [00:24<00:00, 82.72it/s]
  [22/40] 0067: diffusion error  2.21 mm | non-rigid residual  0.65 mm
Sampling step:   0%|          | 0/2000 [00:00<?, ?it/s]Sampling step:   0%|          | 8/2000 [00:00<00:26, 74.21it/s]Sampling step:   1%|          | 17/2000 [00:00<00:25, 78.78it/s]Sampling step:   1%|▏         | 26/2000 [00:00<00:24, 80.56it/s]Sampling step:   2%|▏         | 35/2000 [00:00<00:24, 81.27it/s]Sampling step:   2%|▏         | 44/2000 [00:00<00:23, 81.70it/s]Sampling step:   3%|▎         | 53/2000 [00:00<00:23, 81.97it/s]Sampling step:   3%|▎         | 62/2000 [00:00<00:23, 82.21it/s]Sampling step:   4%|▎         | 71/2000 [00:00<00:23, 82.34it/s]Sampling step:   4%|▍         | 80/2000 [00:00<00:23, 82.05it/s]Sampling step:   4%|▍         | 89/2000 [00:01<00:23, 82.18it/s]Sampling step:   5%|▍         | 98/2000 [00:01<00:23, 82.23it/s]Sampling step:   5%|▌         | 107/2000 [00:01<00:22, 82.36it/s]Sampling step:   6%|▌         | 116/2000 [00:01<00:22, 82.37it/s]Sampling step:   6%|▋         | 125/2000 [00:01<00:22, 82.34it/s]Sampling step:   7%|▋         | 134/2000 [00:01<00:22, 82.44it/s]Sampling step:   7%|▋         | 143/2000 [00:01<00:22, 82.50it/s]Sampling step:   8%|▊         | 152/2000 [00:01<00:22, 82.51it/s]Sampling step:   8%|▊         | 161/2000 [00:01<00:22, 82.41it/s]Sampling step:   8%|▊         | 170/2000 [00:02<00:22, 82.48it/s]Sampling step:   9%|▉         | 179/2000 [00:02<00:22, 82.44it/s]Sampling step:   9%|▉         | 188/2000 [00:02<00:21, 82.45it/s]Sampling step:  10%|▉         | 197/2000 [00:02<00:21, 82.55it/s]Sampling step:  10%|█         | 206/2000 [00:02<00:21, 82.61it/s]Sampling step:  11%|█         | 215/2000 [00:02<00:21, 82.48it/s]Sampling step:  11%|█         | 224/2000 [00:02<00:21, 82.67it/s]Sampling step:  12%|█▏        | 233/2000 [00:02<00:21, 82.58it/s]Sampling step:  12%|█▏        | 242/2000 [00:02<00:21, 82.22it/s]Sampling step:  13%|█▎        | 251/2000 [00:03<00:21, 82.19it/s]Sampling step:  13%|█▎        | 260/2000 [00:03<00:21, 82.06it/s]Sampling step:  13%|█▎        | 269/2000 [00:03<00:21, 82.16it/s]Sampling step:  14%|█▍        | 278/2000 [00:03<00:20, 82.24it/s]Sampling step:  14%|█▍        | 287/2000 [00:03<00:20, 82.22it/s]Sampling step:  15%|█▍        | 296/2000 [00:03<00:20, 82.27it/s]Sampling step:  15%|█▌        | 305/2000 [00:03<00:20, 82.34it/s]Sampling step:  16%|█▌        | 314/2000 [00:03<00:20, 82.46it/s]Sampling step:  16%|█▌        | 323/2000 [00:03<00:20, 82.43it/s]Sampling step:  17%|█▋        | 332/2000 [00:04<00:20, 82.49it/s]Sampling step:  17%|█▋        | 341/2000 [00:04<00:20, 82.58it/s]Sampling step:  18%|█▊        | 350/2000 [00:04<00:19, 82.79it/s]Sampling step:  18%|█▊        | 359/2000 [00:04<00:19, 82.89it/s]Sampling step:  18%|█▊        | 368/2000 [00:04<00:19, 82.75it/s]Sampling step:  19%|█▉        | 377/2000 [00:04<00:19, 82.73it/s]Sampling step:  19%|█▉        | 386/2000 [00:04<00:19, 82.77it/s]Sampling step:  20%|█▉        | 395/2000 [00:04<00:19, 82.74it/s]Sampling step:  20%|██        | 404/2000 [00:04<00:19, 82.70it/s]Sampling step:  21%|██        | 413/2000 [00:05<00:19, 82.70it/s]Sampling step:  21%|██        | 422/2000 [00:05<00:19, 82.77it/s]Sampling step:  22%|██▏       | 431/2000 [00:05<00:18, 82.65it/s]Sampling step:  22%|██▏       | 440/2000 [00:05<00:18, 82.69it/s]Sampling step:  22%|██▏       | 449/2000 [00:05<00:18, 82.64it/s]Sampling step:  23%|██▎       | 458/2000 [00:05<00:18, 82.66it/s]Sampling step:  23%|██▎       | 467/2000 [00:05<00:18, 82.66it/s]Sampling step:  24%|██▍       | 476/2000 [00:05<00:18, 82.58it/s]Sampling step:  24%|██▍       | 485/2000 [00:05<00:18, 82.74it/s]Sampling step:  25%|██▍       | 494/2000 [00:05<00:18, 82.71it/s]Sampling step:  25%|██▌       | 503/2000 [00:06<00:18, 82.67it/s]Sampling step:  26%|██▌       | 512/2000 [00:06<00:17, 82.77it/s]Sampling step:  26%|██▌       | 521/2000 [00:06<00:17, 82.87it/s]Sampling step:  26%|██▋       | 530/2000 [00:06<00:17, 82.85it/s]Sampling step:  27%|██▋       | 539/2000 [00:06<00:17, 82.83it/s]Sampling step:  27%|██▋       | 548/2000 [00:06<00:17, 82.76it/s]Sampling step:  28%|██▊       | 557/2000 [00:06<00:17, 82.81it/s]Sampling step:  28%|██▊       | 566/2000 [00:06<00:17, 82.73it/s]Sampling step:  29%|██▉       | 575/2000 [00:06<00:17, 82.70it/s]Sampling step:  29%|██▉       | 584/2000 [00:07<00:17, 82.75it/s]Sampling step:  30%|██▉       | 593/2000 [00:07<00:16, 82.78it/s]Sampling step:  30%|███       | 602/2000 [00:07<00:16, 82.78it/s]Sampling step:  31%|███       | 611/2000 [00:07<00:16, 82.60it/s]Sampling step:  31%|███       | 620/2000 [00:07<00:16, 82.41it/s]Sampling step:  31%|███▏      | 629/2000 [00:07<00:16, 82.54it/s]Sampling step:  32%|███▏      | 638/2000 [00:07<00:16, 82.61it/s]Sampling step:  32%|███▏      | 647/2000 [00:07<00:16, 82.64it/s]Sampling step:  33%|███▎      | 656/2000 [00:07<00:16, 82.65it/s]Sampling step:  33%|███▎      | 665/2000 [00:08<00:16, 82.82it/s]Sampling step:  34%|███▎      | 674/2000 [00:08<00:15, 82.93it/s]Sampling step:  34%|███▍      | 683/2000 [00:08<00:15, 83.00it/s]Sampling step:  35%|███▍      | 692/2000 [00:08<00:15, 82.92it/s]Sampling step:  35%|███▌      | 701/2000 [00:08<00:15, 82.78it/s]Sampling step:  36%|███▌      | 710/2000 [00:08<00:15, 82.87it/s]Sampling step:  36%|███▌      | 719/2000 [00:08<00:15, 82.81it/s]Sampling step:  36%|███▋      | 728/2000 [00:08<00:15, 82.78it/s]Sampling step:  37%|███▋      | 737/2000 [00:08<00:15, 82.78it/s]Sampling step:  37%|███▋      | 746/2000 [00:09<00:15, 82.82it/s]Sampling step:  38%|███▊      | 755/2000 [00:09<00:15, 82.78it/s]Sampling step:  38%|███▊      | 764/2000 [00:09<00:14, 82.84it/s]Sampling step:  39%|███▊      | 773/2000 [00:09<00:14, 82.88it/s]Sampling step:  39%|███▉      | 782/2000 [00:09<00:14, 82.87it/s]Sampling step:  40%|███▉      | 791/2000 [00:09<00:14, 82.94it/s]Sampling step:  40%|████      | 800/2000 [00:09<00:14, 82.74it/s]Sampling step:  40%|████      | 809/2000 [00:09<00:14, 82.81it/s]Sampling step:  41%|████      | 818/2000 [00:09<00:14, 82.82it/s]Sampling step:  41%|████▏     | 827/2000 [00:10<00:14, 82.70it/s]Sampling step:  42%|████▏     | 836/2000 [00:10<00:14, 82.79it/s]Sampling step:  42%|████▏     | 845/2000 [00:10<00:13, 82.96it/s]Sampling step:  43%|████▎     | 854/2000 [00:10<00:13, 83.00it/s]Sampling step:  43%|████▎     | 863/2000 [00:10<00:13, 82.85it/s]Sampling step:  44%|████▎     | 872/2000 [00:10<00:13, 82.87it/s]Sampling step:  44%|████▍     | 881/2000 [00:10<00:13, 82.95it/s]Sampling step:  44%|████▍     | 890/2000 [00:10<00:13, 82.96it/s]Sampling step:  45%|████▍     | 899/2000 [00:10<00:13, 82.98it/s]Sampling step:  45%|████▌     | 908/2000 [00:10<00:13, 82.87it/s]Sampling step:  46%|████▌     | 917/2000 [00:11<00:13, 82.87it/s]Sampling step:  46%|████▋     | 926/2000 [00:11<00:12, 82.94it/s]Sampling step:  47%|████▋     | 935/2000 [00:11<00:12, 82.92it/s]Sampling step:  47%|████▋     | 944/2000 [00:11<00:12, 82.75it/s]Sampling step:  48%|████▊     | 953/2000 [00:11<00:12, 82.71it/s]Sampling step:  48%|████▊     | 962/2000 [00:11<00:12, 82.63it/s]Sampling step:  49%|████▊     | 971/2000 [00:11<00:12, 82.60it/s]Sampling step:  49%|████▉     | 980/2000 [00:11<00:12, 82.56it/s]Sampling step:  49%|████▉     | 989/2000 [00:11<00:12, 82.45it/s]Sampling step:  50%|████▉     | 998/2000 [00:12<00:12, 82.53it/s]Sampling step:  50%|█████     | 1007/2000 [00:12<00:12, 82.63it/s]Sampling step:  51%|█████     | 1016/2000 [00:12<00:11, 82.68it/s]Sampling step:  51%|█████▏    | 1025/2000 [00:12<00:11, 82.57it/s]Sampling step:  52%|█████▏    | 1034/2000 [00:12<00:11, 82.63it/s]Sampling step:  52%|█████▏    | 1043/2000 [00:12<00:11, 82.66it/s]Sampling step:  53%|█████▎    | 1052/2000 [00:12<00:11, 82.67it/s]Sampling step:  53%|█████▎    | 1061/2000 [00:12<00:11, 82.74it/s]Sampling step:  54%|█████▎    | 1070/2000 [00:12<00:11, 82.58it/s]Sampling step:  54%|█████▍    | 1079/2000 [00:13<00:11, 82.67it/s]Sampling step:  54%|█████▍    | 1088/2000 [00:13<00:11, 82.60it/s]Sampling step:  55%|█████▍    | 1097/2000 [00:13<00:10, 82.62it/s]Sampling step:  55%|█████▌    | 1106/2000 [00:13<00:10, 82.64it/s]Sampling step:  56%|█████▌    | 1115/2000 [00:13<00:10, 82.50it/s]Sampling step:  56%|█████▌    | 1124/2000 [00:13<00:10, 82.54it/s]Sampling step:  57%|█████▋    | 1133/2000 [00:13<00:10, 82.59it/s]Sampling step:  57%|█████▋    | 1142/2000 [00:13<00:10, 82.39it/s]Sampling step:  58%|█████▊    | 1151/2000 [00:13<00:10, 82.35it/s]Sampling step:  58%|█████▊    | 1160/2000 [00:14<00:10, 82.50it/s]Sampling step:  58%|█████▊    | 1169/2000 [00:14<00:10, 82.67it/s]Sampling step:  59%|█████▉    | 1178/2000 [00:14<00:09, 82.70it/s]Sampling step:  59%|█████▉    | 1187/2000 [00:14<00:09, 82.79it/s]Sampling step:  60%|█████▉    | 1196/2000 [00:14<00:09, 82.52it/s]Sampling step:  60%|██████    | 1205/2000 [00:14<00:09, 82.52it/s]Sampling step:  61%|██████    | 1214/2000 [00:14<00:09, 82.67it/s]Sampling step:  61%|██████    | 1223/2000 [00:14<00:09, 82.63it/s]Sampling step:  62%|██████▏   | 1232/2000 [00:14<00:09, 82.56it/s]Sampling step:  62%|██████▏   | 1241/2000 [00:15<00:09, 82.51it/s]Sampling step:  62%|██████▎   | 1250/2000 [00:15<00:09, 82.64it/s]Sampling step:  63%|██████▎   | 1259/2000 [00:15<00:08, 82.67it/s]Sampling step:  63%|██████▎   | 1268/2000 [00:15<00:08, 82.77it/s]Sampling step:  64%|██████▍   | 1277/2000 [00:15<00:08, 82.63it/s]Sampling step:  64%|██████▍   | 1286/2000 [00:15<00:08, 82.83it/s]Sampling step:  65%|██████▍   | 1295/2000 [00:15<00:08, 82.77it/s]Sampling step:  65%|██████▌   | 1304/2000 [00:15<00:08, 82.76it/s]Sampling step:  66%|██████▌   | 1313/2000 [00:15<00:08, 82.52it/s]Sampling step:  66%|██████▌   | 1322/2000 [00:16<00:08, 82.46it/s]Sampling step:  67%|██████▋   | 1331/2000 [00:16<00:08, 82.37it/s]Sampling step:  67%|██████▋   | 1340/2000 [00:16<00:08, 82.39it/s]Sampling step:  67%|██████▋   | 1349/2000 [00:16<00:07, 82.48it/s]Sampling step:  68%|██████▊   | 1358/2000 [00:16<00:07, 82.43it/s]Sampling step:  68%|██████▊   | 1367/2000 [00:16<00:07, 82.57it/s]Sampling step:  69%|██████▉   | 1376/2000 [00:16<00:07, 82.61it/s]Sampling step:  69%|██████▉   | 1385/2000 [00:16<00:07, 82.62it/s]Sampling step:  70%|██████▉   | 1394/2000 [00:16<00:07, 82.69it/s]Sampling step:  70%|███████   | 1403/2000 [00:16<00:07, 82.61it/s]Sampling step:  71%|███████   | 1412/2000 [00:17<00:07, 82.71it/s]Sampling step:  71%|███████   | 1421/2000 [00:17<00:06, 82.72it/s]Sampling step:  72%|███████▏  | 1430/2000 [00:17<00:06, 82.68it/s]Sampling step:  72%|███████▏  | 1439/2000 [00:17<00:06, 82.71it/s]Sampling step:  72%|███████▏  | 1448/2000 [00:17<00:06, 82.67it/s]Sampling step:  73%|███████▎  | 1457/2000 [00:17<00:06, 82.66it/s]Sampling step:  73%|███████▎  | 1466/2000 [00:17<00:06, 82.65it/s]Sampling step:  74%|███████▍  | 1475/2000 [00:17<00:06, 82.60it/s]Sampling step:  74%|███████▍  | 1484/2000 [00:17<00:06, 82.56it/s]Sampling step:  75%|███████▍  | 1493/2000 [00:18<00:06, 82.19it/s]Sampling step:  75%|███████▌  | 1502/2000 [00:18<00:06, 82.33it/s]Sampling step:  76%|███████▌  | 1511/2000 [00:18<00:05, 82.43it/s]Sampling step:  76%|███████▌  | 1520/2000 [00:18<00:05, 82.55it/s]Sampling step:  76%|███████▋  | 1529/2000 [00:18<00:05, 82.50it/s]Sampling step:  77%|███████▋  | 1538/2000 [00:18<00:05, 82.77it/s]Sampling step:  77%|███████▋  | 1547/2000 [00:18<00:05, 82.76it/s]Sampling step:  78%|███████▊  | 1556/2000 [00:18<00:05, 82.70it/s]Sampling step:  78%|███████▊  | 1565/2000 [00:18<00:05, 82.60it/s]Sampling step:  79%|███████▊  | 1574/2000 [00:19<00:05, 82.78it/s]Sampling step:  79%|███████▉  | 1583/2000 [00:19<00:05, 82.71it/s]Sampling step:  80%|███████▉  | 1592/2000 [00:19<00:04, 82.81it/s]Sampling step:  80%|████████  | 1601/2000 [00:19<00:04, 82.91it/s]Sampling step:  80%|████████  | 1610/2000 [00:19<00:04, 82.77it/s]Sampling step:  81%|████████  | 1619/2000 [00:19<00:04, 82.90it/s]Sampling step:  81%|████████▏ | 1628/2000 [00:19<00:04, 82.90it/s]Sampling step:  82%|████████▏ | 1637/2000 [00:19<00:04, 82.85it/s]Sampling step:  82%|████████▏ | 1646/2000 [00:19<00:04, 82.69it/s]Sampling step:  83%|████████▎ | 1655/2000 [00:20<00:04, 82.68it/s]Sampling step:  83%|████████▎ | 1664/2000 [00:20<00:04, 82.23it/s]Sampling step:  84%|████████▎ | 1673/2000 [00:20<00:03, 82.23it/s]Sampling step:  84%|████████▍ | 1682/2000 [00:20<00:03, 82.40it/s]Sampling step:  85%|████████▍ | 1691/2000 [00:20<00:03, 82.56it/s]Sampling step:  85%|████████▌ | 1700/2000 [00:20<00:03, 82.60it/s]Sampling step:  85%|████████▌ | 1709/2000 [00:20<00:03, 82.74it/s]Sampling step:  86%|████████▌ | 1718/2000 [00:20<00:03, 82.70it/s]Sampling step:  86%|████████▋ | 1727/2000 [00:20<00:03, 82.63it/s]Sampling step:  87%|████████▋ | 1736/2000 [00:21<00:03, 82.66it/s]Sampling step:  87%|████████▋ | 1745/2000 [00:21<00:03, 82.72it/s]Sampling step:  88%|████████▊ | 1754/2000 [00:21<00:02, 82.83it/s]Sampling step:  88%|████████▊ | 1763/2000 [00:21<00:02, 82.88it/s]Sampling step:  89%|████████▊ | 1772/2000 [00:21<00:02, 82.72it/s]Sampling step:  89%|████████▉ | 1781/2000 [00:21<00:02, 82.68it/s]Sampling step:  90%|████████▉ | 1790/2000 [00:21<00:02, 82.81it/s]Sampling step:  90%|████████▉ | 1799/2000 [00:21<00:02, 82.79it/s]Sampling step:  90%|█████████ | 1808/2000 [00:21<00:02, 82.83it/s]Sampling step:  91%|█████████ | 1817/2000 [00:21<00:02, 82.76it/s]Sampling step:  91%|█████████▏| 1826/2000 [00:22<00:02, 82.87it/s]Sampling step:  92%|█████████▏| 1835/2000 [00:22<00:01, 82.87it/s]Sampling step:  92%|█████████▏| 1844/2000 [00:22<00:01, 82.81it/s]Sampling step:  93%|█████████▎| 1853/2000 [00:22<00:01, 82.70it/s]Sampling step:  93%|█████████▎| 1862/2000 [00:22<00:01, 82.72it/s]Sampling step:  94%|█████████▎| 1871/2000 [00:22<00:01, 82.70it/s]Sampling step:  94%|█████████▍| 1880/2000 [00:22<00:01, 82.78it/s]Sampling step:  94%|█████████▍| 1889/2000 [00:22<00:01, 82.72it/s]Sampling step:  95%|█████████▍| 1898/2000 [00:22<00:01, 82.65it/s]Sampling step:  95%|█████████▌| 1907/2000 [00:23<00:01, 82.63it/s]Sampling step:  96%|█████████▌| 1916/2000 [00:23<00:01, 82.67it/s]Sampling step:  96%|█████████▋| 1925/2000 [00:23<00:00, 82.65it/s]Sampling step:  97%|█████████▋| 1934/2000 [00:23<00:00, 82.59it/s]Sampling step:  97%|█████████▋| 1943/2000 [00:23<00:00, 82.67it/s]Sampling step:  98%|█████████▊| 1952/2000 [00:23<00:00, 82.67it/s]Sampling step:  98%|█████████▊| 1961/2000 [00:23<00:00, 82.73it/s]Sampling step:  98%|█████████▊| 1970/2000 [00:23<00:00, 82.76it/s]Sampling step:  99%|█████████▉| 1979/2000 [00:23<00:00, 82.83it/s]Sampling step:  99%|█████████▉| 1988/2000 [00:24<00:00, 82.93it/s]Sampling step: 100%|█████████▉| 1997/2000 [00:24<00:00, 82.95it/s]Sampling step: 100%|██████████| 2000/2000 [00:24<00:00, 82.61it/s]
  [23/40] 0071: diffusion error  9.04 mm | non-rigid residual  0.83 mm
Sampling step:   0%|          | 0/2000 [00:00<?, ?it/s]Sampling step:   0%|          | 8/2000 [00:00<00:26, 74.31it/s]Sampling step:   1%|          | 17/2000 [00:00<00:25, 78.79it/s]Sampling step:   1%|▏         | 26/2000 [00:00<00:24, 80.37it/s]Sampling step:   2%|▏         | 35/2000 [00:00<00:24, 81.19it/s]Sampling step:   2%|▏         | 44/2000 [00:00<00:23, 81.77it/s]Sampling step:   3%|▎         | 53/2000 [00:00<00:23, 82.23it/s]Sampling step:   3%|▎         | 62/2000 [00:00<00:23, 82.44it/s]Sampling step:   4%|▎         | 71/2000 [00:00<00:23, 82.61it/s]Sampling step:   4%|▍         | 80/2000 [00:00<00:23, 82.74it/s]Sampling step:   4%|▍         | 89/2000 [00:01<00:23, 82.84it/s]Sampling step:   5%|▍         | 98/2000 [00:01<00:22, 82.80it/s]Sampling step:   5%|▌         | 107/2000 [00:01<00:22, 82.79it/s]Sampling step:   6%|▌         | 116/2000 [00:01<00:22, 82.74it/s]Sampling step:   6%|▋         | 125/2000 [00:01<00:22, 82.78it/s]Sampling step:   7%|▋         | 134/2000 [00:01<00:22, 82.78it/s]Sampling step:   7%|▋         | 143/2000 [00:01<00:22, 82.71it/s]Sampling step:   8%|▊         | 152/2000 [00:01<00:22, 82.73it/s]Sampling step:   8%|▊         | 161/2000 [00:01<00:22, 82.77it/s]Sampling step:   8%|▊         | 170/2000 [00:02<00:22, 82.69it/s]Sampling step:   9%|▉         | 179/2000 [00:02<00:21, 82.79it/s]Sampling step:   9%|▉         | 188/2000 [00:02<00:21, 82.62it/s]Sampling step:  10%|▉         | 197/2000 [00:02<00:21, 82.48it/s]Sampling step:  10%|█         | 206/2000 [00:02<00:21, 82.54it/s]Sampling step:  11%|█         | 215/2000 [00:02<00:21, 82.61it/s]Sampling step:  11%|█         | 224/2000 [00:02<00:21, 82.63it/s]Sampling step:  12%|█▏        | 233/2000 [00:02<00:21, 82.83it/s]Sampling step:  12%|█▏        | 242/2000 [00:02<00:21, 82.78it/s]Sampling step:  13%|█▎        | 251/2000 [00:03<00:21, 82.77it/s]Sampling step:  13%|█▎        | 260/2000 [00:03<00:21, 82.82it/s]Sampling step:  13%|█▎        | 269/2000 [00:03<00:20, 82.75it/s]Sampling step:  14%|█▍        | 278/2000 [00:03<00:20, 82.66it/s]Sampling step:  14%|█▍        | 287/2000 [00:03<00:20, 82.78it/s]Sampling step:  15%|█▍        | 296/2000 [00:03<00:20, 82.80it/s]Sampling step:  15%|█▌        | 305/2000 [00:03<00:20, 82.72it/s]Sampling step:  16%|█▌        | 314/2000 [00:03<00:20, 82.71it/s]Sampling step:  16%|█▌        | 323/2000 [00:03<00:20, 82.71it/s]Sampling step:  17%|█▋        | 332/2000 [00:04<00:20, 82.78it/s]Sampling step:  17%|█▋        | 341/2000 [00:04<00:20, 82.88it/s]Sampling step:  18%|█▊        | 350/2000 [00:04<00:19, 82.78it/s]Sampling step:  18%|█▊        | 359/2000 [00:04<00:19, 82.82it/s]Sampling step:  18%|█▊        | 368/2000 [00:04<00:19, 82.54it/s]Sampling step:  19%|█▉        | 377/2000 [00:04<00:19, 82.66it/s]Sampling step:  19%|█▉        | 386/2000 [00:04<00:19, 82.65it/s]Sampling step:  20%|█▉        | 395/2000 [00:04<00:19, 82.58it/s]Sampling step:  20%|██        | 404/2000 [00:04<00:19, 82.73it/s]Sampling step:  21%|██        | 413/2000 [00:05<00:19, 82.74it/s]Sampling step:  21%|██        | 422/2000 [00:05<00:19, 82.79it/s]Sampling step:  22%|██▏       | 431/2000 [00:05<00:18, 82.71it/s]Sampling step:  22%|██▏       | 440/2000 [00:05<00:18, 82.73it/s]Sampling step:  22%|██▏       | 449/2000 [00:05<00:18, 82.80it/s]Sampling step:  23%|██▎       | 458/2000 [00:05<00:18, 82.82it/s]Sampling step:  23%|██▎       | 467/2000 [00:05<00:18, 82.93it/s]Sampling step:  24%|██▍       | 476/2000 [00:05<00:18, 82.88it/s]Sampling step:  24%|██▍       | 485/2000 [00:05<00:18, 82.89it/s]Sampling step:  25%|██▍       | 494/2000 [00:05<00:18, 82.85it/s]Sampling step:  25%|██▌       | 503/2000 [00:06<00:18, 82.96it/s]Sampling step:  26%|██▌       | 512/2000 [00:06<00:17, 82.86it/s]Sampling step:  26%|██▌       | 521/2000 [00:06<00:17, 82.79it/s]Sampling step:  26%|██▋       | 530/2000 [00:06<00:17, 82.91it/s]Sampling step:  27%|██▋       | 539/2000 [00:06<00:17, 82.88it/s]Sampling step:  27%|██▋       | 548/2000 [00:06<00:17, 82.51it/s]Sampling step:  28%|██▊       | 557/2000 [00:06<00:17, 82.53it/s]Sampling step:  28%|██▊       | 566/2000 [00:06<00:17, 82.67it/s]Sampling step:  29%|██▉       | 575/2000 [00:06<00:17, 82.69it/s]Sampling step:  29%|██▉       | 584/2000 [00:07<00:17, 82.76it/s]Sampling step:  30%|██▉       | 593/2000 [00:07<00:16, 82.79it/s]Sampling step:  30%|███       | 602/2000 [00:07<00:16, 82.74it/s]Sampling step:  31%|███       | 611/2000 [00:07<00:16, 82.80it/s]Sampling step:  31%|███       | 620/2000 [00:07<00:16, 82.75it/s]Sampling step:  31%|███▏      | 629/2000 [00:07<00:16, 82.72it/s]Sampling step:  32%|███▏      | 638/2000 [00:07<00:16, 82.58it/s]Sampling step:  32%|███▏      | 647/2000 [00:07<00:16, 82.61it/s]Sampling step:  33%|███▎      | 656/2000 [00:07<00:16, 82.68it/s]Sampling step:  33%|███▎      | 665/2000 [00:08<00:16, 82.73it/s]Sampling step:  34%|███▎      | 674/2000 [00:08<00:16, 82.74it/s]Sampling step:  34%|███▍      | 683/2000 [00:08<00:15, 82.65it/s]Sampling step:  35%|███▍      | 692/2000 [00:08<00:15, 82.63it/s]Sampling step:  35%|███▌      | 701/2000 [00:08<00:15, 82.71it/s]Sampling step:  36%|███▌      | 710/2000 [00:08<00:15, 82.72it/s]Sampling step:  36%|███▌      | 719/2000 [00:08<00:15, 82.49it/s]Sampling step:  36%|███▋      | 728/2000 [00:08<00:15, 82.63it/s]Sampling step:  37%|███▋      | 737/2000 [00:08<00:15, 82.60it/s]Sampling step:  37%|███▋      | 746/2000 [00:09<00:15, 82.66it/s]Sampling step:  38%|███▊      | 755/2000 [00:09<00:15, 82.71it/s]Sampling step:  38%|███▊      | 764/2000 [00:09<00:14, 82.65it/s]Sampling step:  39%|███▊      | 773/2000 [00:09<00:14, 82.63it/s]Sampling step:  39%|███▉      | 782/2000 [00:09<00:14, 82.69it/s]Sampling step:  40%|███▉      | 791/2000 [00:09<00:14, 82.77it/s]Sampling step:  40%|████      | 800/2000 [00:09<00:14, 82.70it/s]Sampling step:  40%|████      | 809/2000 [00:09<00:14, 82.68it/s]Sampling step:  41%|████      | 818/2000 [00:09<00:14, 82.70it/s]Sampling step:  41%|████▏     | 827/2000 [00:10<00:14, 82.74it/s]Sampling step:  42%|████▏     | 836/2000 [00:10<00:14, 82.78it/s]Sampling step:  42%|████▏     | 845/2000 [00:10<00:13, 82.76it/s]Sampling step:  43%|████▎     | 854/2000 [00:10<00:13, 82.71it/s]Sampling step:  43%|████▎     | 863/2000 [00:10<00:13, 82.80it/s]Sampling step:  44%|████▎     | 872/2000 [00:10<00:13, 82.77it/s]Sampling step:  44%|████▍     | 881/2000 [00:10<00:13, 82.79it/s]Sampling step:  44%|████▍     | 890/2000 [00:10<00:13, 82.70it/s]Sampling step:  45%|████▍     | 899/2000 [00:10<00:13, 82.47it/s]Sampling step:  45%|████▌     | 908/2000 [00:10<00:13, 82.54it/s]Sampling step:  46%|████▌     | 917/2000 [00:11<00:13, 82.63it/s]Sampling step:  46%|████▋     | 926/2000 [00:11<00:12, 82.91it/s]Sampling step:  47%|████▋     | 935/2000 [00:11<00:12, 82.75it/s]Sampling step:  47%|████▋     | 944/2000 [00:11<00:12, 82.75it/s]Sampling step:  48%|████▊     | 953/2000 [00:11<00:12, 82.72it/s]Sampling step:  48%|████▊     | 962/2000 [00:11<00:12, 82.73it/s]Sampling step:  49%|████▊     | 971/2000 [00:11<00:12, 82.71it/s]Sampling step:  49%|████▉     | 980/2000 [00:11<00:12, 82.73it/s]Sampling step:  49%|████▉     | 989/2000 [00:11<00:12, 82.80it/s]Sampling step:  50%|████▉     | 998/2000 [00:12<00:12, 82.87it/s]Sampling step:  50%|█████     | 1007/2000 [00:12<00:11, 82.87it/s]Sampling step:  51%|█████     | 1016/2000 [00:12<00:11, 82.84it/s]Sampling step:  51%|█████▏    | 1025/2000 [00:12<00:11, 82.96it/s]Sampling step:  52%|█████▏    | 1034/2000 [00:12<00:11, 82.97it/s]Sampling step:  52%|█████▏    | 1043/2000 [00:12<00:11, 83.12it/s]Sampling step:  53%|█████▎    | 1052/2000 [00:12<00:11, 83.03it/s]Sampling step:  53%|█████▎    | 1061/2000 [00:12<00:11, 82.86it/s]Sampling step:  54%|█████▎    | 1070/2000 [00:12<00:11, 82.53it/s]Sampling step:  54%|█████▍    | 1079/2000 [00:13<00:11, 82.39it/s]Sampling step:  54%|█████▍    | 1088/2000 [00:13<00:11, 82.35it/s]Sampling step:  55%|█████▍    | 1097/2000 [00:13<00:10, 82.35it/s]Sampling step:  55%|█████▌    | 1106/2000 [00:13<00:10, 82.37it/s]Sampling step:  56%|█████▌    | 1115/2000 [00:13<00:10, 82.54it/s]Sampling step:  56%|█████▌    | 1124/2000 [00:13<00:10, 82.63it/s]Sampling step:  57%|█████▋    | 1133/2000 [00:13<00:10, 82.53it/s]Sampling step:  57%|█████▋    | 1142/2000 [00:13<00:10, 82.56it/s]Sampling step:  58%|█████▊    | 1151/2000 [00:13<00:10, 82.79it/s]Sampling step:  58%|█████▊    | 1160/2000 [00:14<00:10, 82.74it/s]Sampling step:  58%|█████▊    | 1169/2000 [00:14<00:10, 82.68it/s]Sampling step:  59%|█████▉    | 1178/2000 [00:14<00:09, 82.58it/s]Sampling step:  59%|█████▉    | 1187/2000 [00:14<00:09, 82.57it/s]Sampling step:  60%|█████▉    | 1196/2000 [00:14<00:09, 82.68it/s]Sampling step:  60%|██████    | 1205/2000 [00:14<00:09, 82.73it/s]Sampling step:  61%|██████    | 1214/2000 [00:14<00:09, 82.64it/s]Sampling step:  61%|██████    | 1223/2000 [00:14<00:09, 82.84it/s]Sampling step:  62%|██████▏   | 1232/2000 [00:14<00:09, 82.90it/s]Sampling step:  62%|██████▏   | 1241/2000 [00:15<00:09, 82.82it/s]Sampling step:  62%|██████▎   | 1250/2000 [00:15<00:09, 82.43it/s]Sampling step:  63%|██████▎   | 1259/2000 [00:15<00:08, 82.37it/s]Sampling step:  63%|██████▎   | 1268/2000 [00:15<00:08, 82.48it/s]Sampling step:  64%|██████▍   | 1277/2000 [00:15<00:08, 82.54it/s]Sampling step:  64%|██████▍   | 1286/2000 [00:15<00:08, 82.61it/s]Sampling step:  65%|██████▍   | 1295/2000 [00:15<00:08, 82.69it/s]Sampling step:  65%|██████▌   | 1304/2000 [00:15<00:08, 82.56it/s]Sampling step:  66%|██████▌   | 1313/2000 [00:15<00:08, 82.71it/s]Sampling step:  66%|██████▌   | 1322/2000 [00:15<00:08, 82.75it/s]Sampling step:  67%|██████▋   | 1331/2000 [00:16<00:08, 82.81it/s]Sampling step:  67%|██████▋   | 1340/2000 [00:16<00:07, 82.79it/s]Sampling step:  67%|██████▋   | 1349/2000 [00:16<00:07, 82.78it/s]Sampling step:  68%|██████▊   | 1358/2000 [00:16<00:07, 82.77it/s]Sampling step:  68%|██████▊   | 1367/2000 [00:16<00:07, 82.91it/s]Sampling step:  69%|██████▉   | 1376/2000 [00:16<00:07, 82.95it/s]Sampling step:  69%|██████▉   | 1385/2000 [00:16<00:07, 82.92it/s]Sampling step:  70%|██████▉   | 1394/2000 [00:16<00:07, 82.90it/s]Sampling step:  70%|███████   | 1403/2000 [00:16<00:07, 82.70it/s]Sampling step:  71%|███████   | 1412/2000 [00:17<00:07, 82.70it/s]Sampling step:  71%|███████   | 1421/2000 [00:17<00:07, 82.63it/s]Sampling step:  72%|███████▏  | 1430/2000 [00:17<00:06, 82.27it/s]Sampling step:  72%|███████▏  | 1439/2000 [00:17<00:06, 82.29it/s]Sampling step:  72%|███████▏  | 1448/2000 [00:17<00:06, 82.38it/s]Sampling step:  73%|███████▎  | 1457/2000 [00:17<00:06, 82.57it/s]Sampling step:  73%|███████▎  | 1466/2000 [00:17<00:06, 82.65it/s]Sampling step:  74%|███████▍  | 1475/2000 [00:17<00:06, 82.63it/s]Sampling step:  74%|███████▍  | 1484/2000 [00:17<00:06, 82.78it/s]Sampling step:  75%|███████▍  | 1493/2000 [00:18<00:06, 82.79it/s]Sampling step:  75%|███████▌  | 1502/2000 [00:18<00:06, 82.67it/s]Sampling step:  76%|███████▌  | 1511/2000 [00:18<00:05, 82.71it/s]Sampling step:  76%|███████▌  | 1520/2000 [00:18<00:05, 82.81it/s]Sampling step:  76%|███████▋  | 1529/2000 [00:18<00:05, 82.78it/s]Sampling step:  77%|███████▋  | 1538/2000 [00:18<00:05, 82.76it/s]Sampling step:  77%|███████▋  | 1547/2000 [00:18<00:05, 82.64it/s]Sampling step:  78%|███████▊  | 1556/2000 [00:18<00:05, 82.65it/s]Sampling step:  78%|███████▊  | 1565/2000 [00:18<00:05, 82.59it/s]Sampling step:  79%|███████▊  | 1574/2000 [00:19<00:05, 82.58it/s]Sampling step:  79%|███████▉  | 1583/2000 [00:19<00:05, 82.71it/s]Sampling step:  80%|███████▉  | 1592/2000 [00:19<00:04, 82.68it/s]Sampling step:  80%|████████  | 1601/2000 [00:19<00:04, 82.35it/s]Sampling step:  80%|████████  | 1610/2000 [00:19<00:04, 82.52it/s]Sampling step:  81%|████████  | 1619/2000 [00:19<00:04, 82.56it/s]Sampling step:  81%|████████▏ | 1628/2000 [00:19<00:04, 82.52it/s]Sampling step:  82%|████████▏ | 1637/2000 [00:19<00:04, 82.55it/s]Sampling step:  82%|████████▏ | 1646/2000 [00:19<00:04, 82.65it/s]Sampling step:  83%|████████▎ | 1655/2000 [00:20<00:04, 82.62it/s]Sampling step:  83%|████████▎ | 1664/2000 [00:20<00:04, 82.69it/s]Sampling step:  84%|████████▎ | 1673/2000 [00:20<00:03, 82.60it/s]Sampling step:  84%|████████▍ | 1682/2000 [00:20<00:03, 82.59it/s]Sampling step:  85%|████████▍ | 1691/2000 [00:20<00:03, 82.62it/s]Sampling step:  85%|████████▌ | 1700/2000 [00:20<00:03, 82.74it/s]Sampling step:  85%|████████▌ | 1709/2000 [00:20<00:03, 82.82it/s]Sampling step:  86%|████████▌ | 1718/2000 [00:20<00:03, 82.70it/s]Sampling step:  86%|████████▋ | 1727/2000 [00:20<00:03, 82.76it/s]Sampling step:  87%|████████▋ | 1736/2000 [00:21<00:03, 82.76it/s]Sampling step:  87%|████████▋ | 1745/2000 [00:21<00:03, 82.85it/s]Sampling step:  88%|████████▊ | 1754/2000 [00:21<00:02, 82.76it/s]Sampling step:  88%|████████▊ | 1763/2000 [00:21<00:02, 82.83it/s]Sampling step:  89%|████████▊ | 1772/2000 [00:21<00:02, 82.94it/s]Sampling step:  89%|████████▉ | 1781/2000 [00:21<00:02, 82.74it/s]Sampling step:  90%|████████▉ | 1790/2000 [00:21<00:02, 82.71it/s]Sampling step:  90%|████████▉ | 1799/2000 [00:21<00:02, 82.56it/s]Sampling step:  90%|█████████ | 1808/2000 [00:21<00:02, 82.53it/s]Sampling step:  91%|█████████ | 1817/2000 [00:21<00:02, 82.71it/s]Sampling step:  91%|█████████▏| 1826/2000 [00:22<00:02, 82.73it/s]Sampling step:  92%|█████████▏| 1835/2000 [00:22<00:01, 82.67it/s]Sampling step:  92%|█████████▏| 1844/2000 [00:22<00:01, 82.69it/s]Sampling step:  93%|█████████▎| 1853/2000 [00:22<00:01, 82.82it/s]Sampling step:  93%|█████████▎| 1862/2000 [00:22<00:01, 82.81it/s]Sampling step:  94%|█████████▎| 1871/2000 [00:22<00:01, 82.85it/s]Sampling step:  94%|█████████▍| 1880/2000 [00:22<00:01, 82.63it/s]Sampling step:  94%|█████████▍| 1889/2000 [00:22<00:01, 82.71it/s]Sampling step:  95%|█████████▍| 1898/2000 [00:22<00:01, 82.75it/s]Sampling step:  95%|█████████▌| 1907/2000 [00:23<00:01, 82.68it/s]Sampling step:  96%|█████████▌| 1916/2000 [00:23<00:01, 82.68it/s]Sampling step:  96%|█████████▋| 1925/2000 [00:23<00:00, 82.65it/s]Sampling step:  97%|█████████▋| 1934/2000 [00:23<00:00, 82.81it/s]Sampling step:  97%|█████████▋| 1943/2000 [00:23<00:00, 82.76it/s]Sampling step:  98%|█████████▊| 1952/2000 [00:23<00:00, 82.51it/s]Sampling step:  98%|█████████▊| 1961/2000 [00:23<00:00, 82.38it/s]Sampling step:  98%|█████████▊| 1970/2000 [00:23<00:00, 82.53it/s]Sampling step:  99%|█████████▉| 1979/2000 [00:23<00:00, 82.57it/s]Sampling step:  99%|█████████▉| 1988/2000 [00:24<00:00, 82.64it/s]Sampling step: 100%|█████████▉| 1997/2000 [00:24<00:00, 82.73it/s]Sampling step: 100%|██████████| 2000/2000 [00:24<00:00, 82.66it/s]
  [24/40] 0073: diffusion error  3.27 mm | non-rigid residual  0.61 mm
Sampling step:   0%|          | 0/2000 [00:00<?, ?it/s]Sampling step:   0%|          | 8/2000 [00:00<00:26, 74.44it/s]Sampling step:   1%|          | 17/2000 [00:00<00:24, 79.35it/s]Sampling step:   1%|▏         | 26/2000 [00:00<00:24, 80.79it/s]Sampling step:   2%|▏         | 35/2000 [00:00<00:24, 81.70it/s]Sampling step:   2%|▏         | 44/2000 [00:00<00:23, 81.87it/s]Sampling step:   3%|▎         | 53/2000 [00:00<00:23, 81.94it/s]Sampling step:   3%|▎         | 62/2000 [00:00<00:23, 82.13it/s]Sampling step:   4%|▎         | 71/2000 [00:00<00:23, 82.58it/s]Sampling step:   4%|▍         | 80/2000 [00:00<00:23, 82.74it/s]Sampling step:   4%|▍         | 89/2000 [00:01<00:23, 82.85it/s]Sampling step:   5%|▍         | 98/2000 [00:01<00:23, 82.62it/s]Sampling step:   5%|▌         | 107/2000 [00:01<00:22, 82.69it/s]Sampling step:   6%|▌         | 116/2000 [00:01<00:22, 82.74it/s]Sampling step:   6%|▋         | 125/2000 [00:01<00:22, 82.79it/s]Sampling step:   7%|▋         | 134/2000 [00:01<00:22, 82.76it/s]Sampling step:   7%|▋         | 143/2000 [00:01<00:22, 82.80it/s]Sampling step:   8%|▊         | 152/2000 [00:01<00:22, 82.88it/s]Sampling step:   8%|▊         | 161/2000 [00:01<00:22, 82.93it/s]Sampling step:   8%|▊         | 170/2000 [00:02<00:22, 82.94it/s]Sampling step:   9%|▉         | 179/2000 [00:02<00:21, 82.90it/s]Sampling step:   9%|▉         | 188/2000 [00:02<00:21, 82.93it/s]Sampling step:  10%|▉         | 197/2000 [00:02<00:21, 82.89it/s]Sampling step:  10%|█         | 206/2000 [00:02<00:21, 82.98it/s]Sampling step:  11%|█         | 215/2000 [00:02<00:21, 82.94it/s]Sampling step:  11%|█         | 224/2000 [00:02<00:21, 82.86it/s]Sampling step:  12%|█▏        | 233/2000 [00:02<00:21, 82.86it/s]Sampling step:  12%|█▏        | 242/2000 [00:02<00:21, 82.88it/s]Sampling step:  13%|█▎        | 251/2000 [00:03<00:21, 82.89it/s]Sampling step:  13%|█▎        | 260/2000 [00:03<00:21, 82.74it/s]Sampling step:  13%|█▎        | 269/2000 [00:03<00:20, 82.75it/s]Sampling step:  14%|█▍        | 278/2000 [00:03<00:20, 82.83it/s]Sampling step:  14%|█▍        | 287/2000 [00:03<00:20, 82.93it/s]Sampling step:  15%|█▍        | 296/2000 [00:03<00:20, 82.88it/s]Sampling step:  15%|█▌        | 305/2000 [00:03<00:20, 82.96it/s]Sampling step:  16%|█▌        | 314/2000 [00:03<00:20, 83.00it/s]Sampling step:  16%|█▌        | 323/2000 [00:03<00:20, 83.02it/s]Sampling step:  17%|█▋        | 332/2000 [00:04<00:20, 82.98it/s]Sampling step:  17%|█▋        | 341/2000 [00:04<00:20, 82.86it/s]Sampling step:  18%|█▊        | 350/2000 [00:04<00:19, 83.02it/s]Sampling step:  18%|█▊        | 359/2000 [00:04<00:19, 82.93it/s]Sampling step:  18%|█▊        | 368/2000 [00:04<00:19, 82.97it/s]Sampling step:  19%|█▉        | 377/2000 [00:04<00:19, 83.04it/s]Sampling step:  19%|█▉        | 386/2000 [00:04<00:19, 82.99it/s]Sampling step:  20%|█▉        | 395/2000 [00:04<00:19, 82.93it/s]Sampling step:  20%|██        | 404/2000 [00:04<00:19, 82.80it/s]Sampling step:  21%|██        | 413/2000 [00:04<00:19, 82.83it/s]Sampling step:  21%|██        | 422/2000 [00:05<00:19, 82.74it/s]Sampling step:  22%|██▏       | 431/2000 [00:05<00:18, 82.68it/s]Sampling step:  22%|██▏       | 440/2000 [00:05<00:18, 82.70it/s]Sampling step:  22%|██▏       | 449/2000 [00:05<00:18, 82.72it/s]Sampling step:  23%|██▎       | 458/2000 [00:05<00:18, 82.81it/s]Sampling step:  23%|██▎       | 467/2000 [00:05<00:18, 82.76it/s]Sampling step:  24%|██▍       | 476/2000 [00:05<00:18, 82.82it/s]Sampling step:  24%|██▍       | 485/2000 [00:05<00:18, 82.88it/s]Sampling step:  25%|██▍       | 494/2000 [00:05<00:18, 82.65it/s]Sampling step:  25%|██▌       | 503/2000 [00:06<00:18, 82.73it/s]Sampling step:  26%|██▌       | 512/2000 [00:06<00:17, 82.71it/s]Sampling step:  26%|██▌       | 521/2000 [00:06<00:17, 82.78it/s]Sampling step:  26%|██▋       | 530/2000 [00:06<00:17, 82.86it/s]Sampling step:  27%|██▋       | 539/2000 [00:06<00:17, 82.88it/s]Sampling step:  27%|██▋       | 548/2000 [00:06<00:17, 82.91it/s]Sampling step:  28%|██▊       | 557/2000 [00:06<00:17, 82.92it/s]Sampling step:  28%|██▊       | 566/2000 [00:06<00:17, 82.95it/s]Sampling step:  29%|██▉       | 575/2000 [00:06<00:17, 82.62it/s]Sampling step:  29%|██▉       | 584/2000 [00:07<00:17, 82.67it/s]Sampling step:  30%|██▉       | 593/2000 [00:07<00:17, 82.66it/s]Sampling step:  30%|███       | 602/2000 [00:07<00:16, 82.67it/s]Sampling step:  31%|███       | 611/2000 [00:07<00:16, 82.71it/s]Sampling step:  31%|███       | 620/2000 [00:07<00:16, 82.77it/s]Sampling step:  31%|███▏      | 629/2000 [00:07<00:16, 82.83it/s]Sampling step:  32%|███▏      | 638/2000 [00:07<00:16, 82.80it/s]Sampling step:  32%|███▏      | 647/2000 [00:07<00:16, 82.78it/s]Sampling step:  33%|███▎      | 656/2000 [00:07<00:16, 82.62it/s]Sampling step:  33%|███▎      | 665/2000 [00:08<00:16, 82.65it/s]Sampling step:  34%|███▎      | 674/2000 [00:08<00:16, 82.65it/s]Sampling step:  34%|███▍      | 683/2000 [00:08<00:15, 82.84it/s]Sampling step:  35%|███▍      | 692/2000 [00:08<00:15, 82.79it/s]Sampling step:  35%|███▌      | 701/2000 [00:08<00:15, 82.82it/s]Sampling step:  36%|███▌      | 710/2000 [00:08<00:15, 82.91it/s]Sampling step:  36%|███▌      | 719/2000 [00:08<00:15, 82.73it/s]Sampling step:  36%|███▋      | 728/2000 [00:08<00:15, 82.86it/s]Sampling step:  37%|███▋      | 737/2000 [00:08<00:15, 82.84it/s]Sampling step:  37%|███▋      | 746/2000 [00:09<00:15, 82.75it/s]Sampling step:  38%|███▊      | 755/2000 [00:09<00:15, 82.63it/s]Sampling step:  38%|███▊      | 764/2000 [00:09<00:14, 82.64it/s]Sampling step:  39%|███▊      | 773/2000 [00:09<00:14, 82.58it/s]Sampling step:  39%|███▉      | 782/2000 [00:09<00:14, 82.63it/s]Sampling step:  40%|███▉      | 791/2000 [00:09<00:14, 82.78it/s]Sampling step:  40%|████      | 800/2000 [00:09<00:14, 82.69it/s]Sampling step:  40%|████      | 809/2000 [00:09<00:14, 82.73it/s]Sampling step:  41%|████      | 818/2000 [00:09<00:14, 82.66it/s]Sampling step:  41%|████▏     | 827/2000 [00:09<00:14, 82.62it/s]Sampling step:  42%|████▏     | 836/2000 [00:10<00:14, 82.71it/s]Sampling step:  42%|████▏     | 845/2000 [00:10<00:13, 82.78it/s]Sampling step:  43%|████▎     | 854/2000 [00:10<00:13, 82.73it/s]Sampling step:  43%|████▎     | 863/2000 [00:10<00:13, 82.78it/s]Sampling step:  44%|████▎     | 872/2000 [00:10<00:13, 82.75it/s]Sampling step:  44%|████▍     | 881/2000 [00:10<00:13, 82.63it/s]Sampling step:  44%|████▍     | 890/2000 [00:10<00:13, 82.77it/s]Sampling step:  45%|████▍     | 899/2000 [00:10<00:13, 82.75it/s]Sampling step:  45%|████▌     | 908/2000 [00:10<00:13, 82.80it/s]Sampling step:  46%|████▌     | 917/2000 [00:11<00:13, 82.96it/s]Sampling step:  46%|████▋     | 926/2000 [00:11<00:12, 82.68it/s]Sampling step:  47%|████▋     | 935/2000 [00:11<00:12, 82.62it/s]Sampling step:  47%|████▋     | 944/2000 [00:11<00:12, 82.65it/s]Sampling step:  48%|████▊     | 953/2000 [00:11<00:12, 82.64it/s]Sampling step:  48%|████▊     | 962/2000 [00:11<00:12, 82.53it/s]Sampling step:  49%|████▊     | 971/2000 [00:11<00:12, 82.61it/s]Sampling step:  49%|████▉     | 980/2000 [00:11<00:12, 82.75it/s]Sampling step:  49%|████▉     | 989/2000 [00:11<00:12, 82.71it/s]Sampling step:  50%|████▉     | 998/2000 [00:12<00:12, 82.68it/s]Sampling step:  50%|█████     | 1007/2000 [00:12<00:12, 82.61it/s]Sampling step:  51%|█████     | 1016/2000 [00:12<00:11, 82.67it/s]Sampling step:  51%|█████▏    | 1025/2000 [00:12<00:11, 82.74it/s]Sampling step:  52%|█████▏    | 1034/2000 [00:12<00:11, 82.73it/s]Sampling step:  52%|█████▏    | 1043/2000 [00:12<00:11, 82.71it/s]Sampling step:  53%|█████▎    | 1052/2000 [00:12<00:11, 82.78it/s]Sampling step:  53%|█████▎    | 1061/2000 [00:12<00:11, 82.76it/s]Sampling step:  54%|█████▎    | 1070/2000 [00:12<00:11, 82.83it/s]Sampling step:  54%|█████▍    | 1079/2000 [00:13<00:11, 82.85it/s]Sampling step:  54%|█████▍    | 1088/2000 [00:13<00:11, 82.75it/s]Sampling step:  55%|█████▍    | 1097/2000 [00:13<00:10, 82.74it/s]Sampling step:  55%|█████▌    | 1106/2000 [00:13<00:10, 82.78it/s]Sampling step:  56%|█████▌    | 1115/2000 [00:13<00:10, 82.86it/s]Sampling step:  56%|█████▌    | 1124/2000 [00:13<00:10, 82.87it/s]Sampling step:  57%|█████▋    | 1133/2000 [00:13<00:10, 82.63it/s]Sampling step:  57%|█████▋    | 1142/2000 [00:13<00:10, 82.80it/s]Sampling step:  58%|█████▊    | 1151/2000 [00:13<00:10, 82.76it/s]Sampling step:  58%|█████▊    | 1160/2000 [00:14<00:10, 82.82it/s]Sampling step:  58%|█████▊    | 1169/2000 [00:14<00:10, 82.76it/s]Sampling step:  59%|█████▉    | 1178/2000 [00:14<00:09, 82.78it/s]Sampling step:  59%|█████▉    | 1187/2000 [00:14<00:09, 82.79it/s]Sampling step:  60%|█████▉    | 1196/2000 [00:14<00:09, 82.85it/s]Sampling step:  60%|██████    | 1205/2000 [00:14<00:09, 82.93it/s]Sampling step:  61%|██████    | 1214/2000 [00:14<00:09, 82.92it/s]Sampling step:  61%|██████    | 1223/2000 [00:14<00:09, 82.90it/s]Sampling step:  62%|██████▏   | 1232/2000 [00:14<00:09, 82.97it/s]Sampling step:  62%|██████▏   | 1241/2000 [00:15<00:09, 83.06it/s]Sampling step:  62%|██████▎   | 1250/2000 [00:15<00:09, 82.83it/s]Sampling step:  63%|██████▎   | 1259/2000 [00:15<00:08, 82.78it/s]Sampling step:  63%|██████▎   | 1268/2000 [00:15<00:08, 82.74it/s]Sampling step:  64%|██████▍   | 1277/2000 [00:15<00:08, 82.55it/s]Sampling step:  64%|██████▍   | 1286/2000 [00:15<00:08, 82.71it/s]Sampling step:  65%|██████▍   | 1295/2000 [00:15<00:08, 82.68it/s]Sampling step:  65%|██████▌   | 1304/2000 [00:15<00:08, 82.70it/s]Sampling step:  66%|██████▌   | 1313/2000 [00:15<00:08, 82.74it/s]Sampling step:  66%|██████▌   | 1322/2000 [00:15<00:08, 82.77it/s]Sampling step:  67%|██████▋   | 1331/2000 [00:16<00:08, 82.78it/s]Sampling step:  67%|██████▋   | 1340/2000 [00:16<00:07, 82.74it/s]Sampling step:  67%|██████▋   | 1349/2000 [00:16<00:07, 82.78it/s]Sampling step:  68%|██████▊   | 1358/2000 [00:16<00:07, 82.80it/s]Sampling step:  68%|██████▊   | 1367/2000 [00:16<00:07, 82.82it/s]Sampling step:  69%|██████▉   | 1376/2000 [00:16<00:07, 82.86it/s]Sampling step:  69%|██████▉   | 1385/2000 [00:16<00:07, 82.78it/s]Sampling step:  70%|██████▉   | 1394/2000 [00:16<00:07, 82.87it/s]Sampling step:  70%|███████   | 1403/2000 [00:16<00:07, 82.83it/s]Sampling step:  71%|███████   | 1412/2000 [00:17<00:07, 82.78it/s]Sampling step:  71%|███████   | 1421/2000 [00:17<00:06, 82.77it/s]Sampling step:  72%|███████▏  | 1430/2000 [00:17<00:06, 82.82it/s]Sampling step:  72%|███████▏  | 1439/2000 [00:17<00:06, 82.92it/s]Sampling step:  72%|███████▏  | 1448/2000 [00:17<00:06, 82.89it/s]Sampling step:  73%|███████▎  | 1457/2000 [00:17<00:06, 82.66it/s]Sampling step:  73%|███████▎  | 1466/2000 [00:17<00:06, 82.68it/s]Sampling step:  74%|███████▍  | 1475/2000 [00:17<00:06, 82.77it/s]Sampling step:  74%|███████▍  | 1484/2000 [00:17<00:06, 82.66it/s]Sampling step:  75%|███████▍  | 1493/2000 [00:18<00:06, 82.65it/s]Sampling step:  75%|███████▌  | 1502/2000 [00:18<00:06, 82.70it/s]Sampling step:  76%|███████▌  | 1511/2000 [00:18<00:05, 82.81it/s]Sampling step:  76%|███████▌  | 1520/2000 [00:18<00:05, 82.82it/s]Sampling step:  76%|███████▋  | 1529/2000 [00:18<00:05, 82.80it/s]Sampling step:  77%|███████▋  | 1538/2000 [00:18<00:05, 82.85it/s]Sampling step:  77%|███████▋  | 1547/2000 [00:18<00:05, 82.72it/s]Sampling step:  78%|███████▊  | 1556/2000 [00:18<00:05, 82.76it/s]Sampling step:  78%|███████▊  | 1565/2000 [00:18<00:05, 82.88it/s]Sampling step:  79%|███████▊  | 1574/2000 [00:19<00:05, 82.84it/s]Sampling step:  79%|███████▉  | 1583/2000 [00:19<00:05, 82.71it/s]Sampling step:  80%|███████▉  | 1592/2000 [00:19<00:04, 82.88it/s]Sampling step:  80%|████████  | 1601/2000 [00:19<00:04, 82.91it/s]Sampling step:  80%|████████  | 1610/2000 [00:19<00:04, 82.91it/s]Sampling step:  81%|████████  | 1619/2000 [00:19<00:04, 83.00it/s]Sampling step:  81%|████████▏ | 1628/2000 [00:19<00:04, 82.77it/s]Sampling step:  82%|████████▏ | 1637/2000 [00:19<00:04, 82.73it/s]Sampling step:  82%|████████▏ | 1646/2000 [00:19<00:04, 82.76it/s]Sampling step:  83%|████████▎ | 1655/2000 [00:20<00:04, 82.72it/s]Sampling step:  83%|████████▎ | 1664/2000 [00:20<00:04, 82.61it/s]Sampling step:  84%|████████▎ | 1673/2000 [00:20<00:03, 82.80it/s]Sampling step:  84%|████████▍ | 1682/2000 [00:20<00:03, 82.90it/s]Sampling step:  85%|████████▍ | 1691/2000 [00:20<00:03, 82.96it/s]Sampling step:  85%|████████▌ | 1700/2000 [00:20<00:03, 82.96it/s]Sampling step:  85%|████████▌ | 1709/2000 [00:20<00:03, 83.01it/s]Sampling step:  86%|████████▌ | 1718/2000 [00:20<00:03, 83.06it/s]Sampling step:  86%|████████▋ | 1727/2000 [00:20<00:03, 83.03it/s]Sampling step:  87%|████████▋ | 1736/2000 [00:20<00:03, 82.98it/s]Sampling step:  87%|████████▋ | 1745/2000 [00:21<00:03, 82.93it/s]Sampling step:  88%|████████▊ | 1754/2000 [00:21<00:02, 82.89it/s]Sampling step:  88%|████████▊ | 1763/2000 [00:21<00:02, 82.95it/s]Sampling step:  89%|████████▊ | 1772/2000 [00:21<00:02, 82.99it/s]Sampling step:  89%|████████▉ | 1781/2000 [00:21<00:02, 83.04it/s]Sampling step:  90%|████████▉ | 1790/2000 [00:21<00:02, 82.95it/s]Sampling step:  90%|████████▉ | 1799/2000 [00:21<00:02, 83.09it/s]Sampling step:  90%|█████████ | 1808/2000 [00:21<00:02, 82.86it/s]Sampling step:  91%|█████████ | 1817/2000 [00:21<00:02, 82.85it/s]Sampling step:  91%|█████████▏| 1826/2000 [00:22<00:02, 82.87it/s]Sampling step:  92%|█████████▏| 1835/2000 [00:22<00:01, 82.86it/s]Sampling step:  92%|█████████▏| 1844/2000 [00:22<00:01, 82.92it/s]Sampling step:  93%|█████████▎| 1853/2000 [00:22<00:01, 82.86it/s]Sampling step:  93%|█████████▎| 1862/2000 [00:22<00:01, 82.86it/s]Sampling step:  94%|█████████▎| 1871/2000 [00:22<00:01, 82.86it/s]Sampling step:  94%|█████████▍| 1880/2000 [00:22<00:01, 82.85it/s]Sampling step:  94%|█████████▍| 1889/2000 [00:22<00:01, 82.95it/s]Sampling step:  95%|█████████▍| 1898/2000 [00:22<00:01, 82.90it/s]Sampling step:  95%|█████████▌| 1907/2000 [00:23<00:01, 82.93it/s]Sampling step:  96%|█████████▌| 1916/2000 [00:23<00:01, 82.88it/s]Sampling step:  96%|█████████▋| 1925/2000 [00:23<00:00, 83.05it/s]Sampling step:  97%|█████████▋| 1934/2000 [00:23<00:00, 83.00it/s]Sampling step:  97%|█████████▋| 1943/2000 [00:23<00:00, 83.03it/s]Sampling step:  98%|█████████▊| 1952/2000 [00:23<00:00, 83.00it/s]Sampling step:  98%|█████████▊| 1961/2000 [00:23<00:00, 82.93it/s]Sampling step:  98%|█████████▊| 1970/2000 [00:23<00:00, 83.15it/s]Sampling step:  99%|█████████▉| 1979/2000 [00:23<00:00, 83.13it/s]Sampling step:  99%|█████████▉| 1988/2000 [00:24<00:00, 82.98it/s]Sampling step: 100%|█████████▉| 1997/2000 [00:24<00:00, 82.85it/s]Sampling step: 100%|██████████| 2000/2000 [00:24<00:00, 82.78it/s]
  [25/40] 0078: diffusion error  2.64 mm | non-rigid residual  0.66 mm
Sampling step:   0%|          | 0/2000 [00:00<?, ?it/s]Sampling step:   0%|          | 8/2000 [00:00<00:26, 74.57it/s]Sampling step:   1%|          | 17/2000 [00:00<00:24, 79.38it/s]Sampling step:   1%|▏         | 26/2000 [00:00<00:24, 80.85it/s]Sampling step:   2%|▏         | 35/2000 [00:00<00:24, 81.70it/s]Sampling step:   2%|▏         | 44/2000 [00:00<00:23, 82.04it/s]Sampling step:   3%|▎         | 53/2000 [00:00<00:23, 82.26it/s]Sampling step:   3%|▎         | 62/2000 [00:00<00:23, 82.44it/s]Sampling step:   4%|▎         | 71/2000 [00:00<00:23, 82.71it/s]Sampling step:   4%|▍         | 80/2000 [00:00<00:23, 82.72it/s]Sampling step:   4%|▍         | 89/2000 [00:01<00:23, 82.79it/s]Sampling step:   5%|▍         | 98/2000 [00:01<00:22, 82.85it/s]Sampling step:   5%|▌         | 107/2000 [00:01<00:22, 82.83it/s]Sampling step:   6%|▌         | 116/2000 [00:01<00:22, 82.93it/s]Sampling step:   6%|▋         | 125/2000 [00:01<00:22, 83.03it/s]Sampling step:   7%|▋         | 134/2000 [00:01<00:22, 82.97it/s]Sampling step:   7%|▋         | 143/2000 [00:01<00:22, 82.90it/s]Sampling step:   8%|▊         | 152/2000 [00:01<00:22, 82.92it/s]Sampling step:   8%|▊         | 161/2000 [00:01<00:22, 82.85it/s]Sampling step:   8%|▊         | 170/2000 [00:02<00:22, 82.81it/s]Sampling step:   9%|▉         | 179/2000 [00:02<00:21, 82.79it/s]Sampling step:   9%|▉         | 188/2000 [00:02<00:21, 82.68it/s]Sampling step:  10%|▉         | 197/2000 [00:02<00:21, 82.82it/s]Sampling step:  10%|█         | 206/2000 [00:02<00:21, 82.86it/s]Sampling step:  11%|█         | 215/2000 [00:02<00:21, 82.93it/s]Sampling step:  11%|█         | 224/2000 [00:02<00:21, 82.84it/s]Sampling step:  12%|█▏        | 233/2000 [00:02<00:21, 82.83it/s]Sampling step:  12%|█▏        | 242/2000 [00:02<00:21, 82.87it/s]Sampling step:  13%|█▎        | 251/2000 [00:03<00:21, 82.87it/s]Sampling step:  13%|█▎        | 260/2000 [00:03<00:20, 82.92it/s]Sampling step:  13%|█▎        | 269/2000 [00:03<00:20, 82.69it/s]Sampling step:  14%|█▍        | 278/2000 [00:03<00:20, 82.61it/s]Sampling step:  14%|█▍        | 287/2000 [00:03<00:20, 82.71it/s]Sampling step:  15%|█▍        | 296/2000 [00:03<00:20, 82.72it/s]Sampling step:  15%|█▌        | 305/2000 [00:03<00:20, 82.77it/s]Sampling step:  16%|█▌        | 314/2000 [00:03<00:20, 82.84it/s]Sampling step:  16%|█▌        | 323/2000 [00:03<00:20, 82.90it/s]Sampling step:  17%|█▋        | 332/2000 [00:04<00:20, 82.84it/s]Sampling step:  17%|█▋        | 341/2000 [00:04<00:20, 82.88it/s]Sampling step:  18%|█▊        | 350/2000 [00:04<00:19, 82.88it/s]Sampling step:  18%|█▊        | 359/2000 [00:04<00:19, 82.79it/s]Sampling step:  18%|█▊        | 368/2000 [00:04<00:19, 82.80it/s]Sampling step:  19%|█▉        | 377/2000 [00:04<00:19, 82.73it/s]Sampling step:  19%|█▉        | 386/2000 [00:04<00:19, 82.82it/s]Sampling step:  20%|█▉        | 395/2000 [00:04<00:19, 82.37it/s]Sampling step:  20%|██        | 404/2000 [00:04<00:19, 81.83it/s]Sampling step:  21%|██        | 413/2000 [00:05<00:19, 82.07it/s]Sampling step:  21%|██        | 422/2000 [00:05<00:19, 82.37it/s]Sampling step:  22%|██▏       | 431/2000 [00:05<00:19, 82.48it/s]Sampling step:  22%|██▏       | 440/2000 [00:05<00:18, 82.34it/s]Sampling step:  22%|██▏       | 449/2000 [00:05<00:18, 82.44it/s]Sampling step:  23%|██▎       | 458/2000 [00:05<00:18, 82.47it/s]Sampling step:  23%|██▎       | 467/2000 [00:05<00:18, 82.60it/s]Sampling step:  24%|██▍       | 476/2000 [00:05<00:18, 82.48it/s]Sampling step:  24%|██▍       | 485/2000 [00:05<00:18, 82.66it/s]Sampling step:  25%|██▍       | 494/2000 [00:05<00:18, 82.63it/s]Sampling step:  25%|██▌       | 503/2000 [00:06<00:18, 82.64it/s]Sampling step:  26%|██▌       | 512/2000 [00:06<00:17, 82.70it/s]Sampling step:  26%|██▌       | 521/2000 [00:06<00:17, 82.78it/s]Sampling step:  26%|██▋       | 530/2000 [00:06<00:17, 82.92it/s]Sampling step:  27%|██▋       | 539/2000 [00:06<00:17, 82.99it/s]Sampling step:  27%|██▋       | 548/2000 [00:06<00:17, 82.94it/s]Sampling step:  28%|██▊       | 557/2000 [00:06<00:17, 82.79it/s]Sampling step:  28%|██▊       | 566/2000 [00:06<00:17, 82.78it/s]Sampling step:  29%|██▉       | 575/2000 [00:06<00:17, 82.69it/s]Sampling step:  29%|██▉       | 584/2000 [00:07<00:17, 82.75it/s]Sampling step:  30%|██▉       | 593/2000 [00:07<00:16, 82.80it/s]Sampling step:  30%|███       | 602/2000 [00:07<00:16, 82.73it/s]Sampling step:  31%|███       | 611/2000 [00:07<00:16, 82.75it/s]Sampling step:  31%|███       | 620/2000 [00:07<00:16, 82.56it/s]Sampling step:  31%|███▏      | 629/2000 [00:07<00:16, 82.46it/s]Sampling step:  32%|███▏      | 638/2000 [00:07<00:16, 82.41it/s]Sampling step:  32%|███▏      | 647/2000 [00:07<00:16, 81.67it/s]Sampling step:  33%|███▎      | 656/2000 [00:07<00:16, 81.93it/s]Sampling step:  33%|███▎      | 665/2000 [00:08<00:16, 82.13it/s]Sampling step:  34%|███▎      | 674/2000 [00:08<00:16, 82.26it/s]Sampling step:  34%|███▍      | 683/2000 [00:08<00:15, 82.46it/s]Sampling step:  35%|███▍      | 692/2000 [00:08<00:15, 82.58it/s]Sampling step:  35%|███▌      | 701/2000 [00:08<00:15, 82.63it/s]Sampling step:  36%|███▌      | 710/2000 [00:08<00:15, 82.61it/s]Sampling step:  36%|███▌      | 719/2000 [00:08<00:15, 82.65it/s]Sampling step:  36%|███▋      | 728/2000 [00:08<00:15, 82.68it/s]Sampling step:  37%|███▋      | 737/2000 [00:08<00:15, 82.75it/s]Sampling step:  37%|███▋      | 746/2000 [00:09<00:15, 82.78it/s]Sampling step:  38%|███▊      | 755/2000 [00:09<00:15, 82.84it/s]Sampling step:  38%|███▊      | 764/2000 [00:09<00:14, 82.75it/s]Sampling step:  39%|███▊      | 773/2000 [00:09<00:14, 82.80it/s]Sampling step:  39%|███▉      | 782/2000 [00:09<00:14, 82.81it/s]Sampling step:  40%|███▉      | 791/2000 [00:09<00:14, 82.66it/s]Sampling step:  40%|████      | 800/2000 [00:09<00:14, 82.57it/s]Sampling step:  40%|████      | 809/2000 [00:09<00:14, 82.48it/s]Sampling step:  41%|████      | 818/2000 [00:09<00:14, 82.39it/s]Sampling step:  41%|████▏     | 827/2000 [00:10<00:14, 82.42it/s]Sampling step:  42%|████▏     | 836/2000 [00:10<00:14, 82.58it/s]Sampling step:  42%|████▏     | 845/2000 [00:10<00:14, 82.48it/s]Sampling step:  43%|████▎     | 854/2000 [00:10<00:13, 82.61it/s]Sampling step:  43%|████▎     | 863/2000 [00:10<00:13, 82.65it/s]Sampling step:  44%|████▎     | 872/2000 [00:10<00:13, 82.59it/s]Sampling step:  44%|████▍     | 881/2000 [00:10<00:13, 82.55it/s]Sampling step:  44%|████▍     | 890/2000 [00:10<00:13, 82.46it/s]Sampling step:  45%|████▍     | 899/2000 [00:10<00:13, 82.45it/s]Sampling step:  45%|████▌     | 908/2000 [00:10<00:13, 82.60it/s]Sampling step:  46%|████▌     | 917/2000 [00:11<00:13, 82.56it/s]Sampling step:  46%|████▋     | 926/2000 [00:11<00:13, 82.48it/s]Sampling step:  47%|████▋     | 935/2000 [00:11<00:12, 82.42it/s]Sampling step:  47%|████▋     | 944/2000 [00:11<00:12, 82.41it/s]Sampling step:  48%|████▊     | 953/2000 [00:11<00:12, 82.51it/s]Sampling step:  48%|████▊     | 962/2000 [00:11<00:12, 82.54it/s]Sampling step:  49%|████▊     | 971/2000 [00:11<00:12, 82.35it/s]Sampling step:  49%|████▉     | 980/2000 [00:11<00:12, 82.38it/s]Sampling step:  49%|████▉     | 989/2000 [00:11<00:12, 82.49it/s]Sampling step:  50%|████▉     | 998/2000 [00:12<00:12, 82.51it/s]Sampling step:  50%|█████     | 1007/2000 [00:12<00:12, 82.58it/s]Sampling step:  51%|█████     | 1016/2000 [00:12<00:11, 82.78it/s]Sampling step:  51%|█████▏    | 1025/2000 [00:12<00:11, 82.76it/s]Sampling step:  52%|█████▏    | 1034/2000 [00:12<00:11, 82.82it/s]Sampling step:  52%|█████▏    | 1043/2000 [00:12<00:11, 82.69it/s]Sampling step:  53%|█████▎    | 1052/2000 [00:12<00:11, 82.57it/s]Sampling step:  53%|█████▎    | 1061/2000 [00:12<00:11, 82.68it/s]Sampling step:  54%|█████▎    | 1070/2000 [00:12<00:11, 82.73it/s]Sampling step:  54%|█████▍    | 1079/2000 [00:13<00:11, 82.67it/s]Sampling step:  54%|█████▍    | 1088/2000 [00:13<00:11, 82.73it/s]Sampling step:  55%|█████▍    | 1097/2000 [00:13<00:10, 82.59it/s]Sampling step:  55%|█████▌    | 1106/2000 [00:13<00:10, 82.62it/s]Sampling step:  56%|█████▌    | 1115/2000 [00:13<00:10, 82.66it/s]Sampling step:  56%|█████▌    | 1124/2000 [00:13<00:10, 82.77it/s]Sampling step:  57%|█████▋    | 1133/2000 [00:13<00:10, 82.68it/s]Sampling step:  57%|█████▋    | 1142/2000 [00:13<00:10, 82.49it/s]Sampling step:  58%|█████▊    | 1151/2000 [00:13<00:10, 82.40it/s]Sampling step:  58%|█████▊    | 1160/2000 [00:14<00:10, 82.33it/s]Sampling step:  58%|█████▊    | 1169/2000 [00:14<00:10, 82.44it/s]Sampling step:  59%|█████▉    | 1178/2000 [00:14<00:09, 82.42it/s]Sampling step:  59%|█████▉    | 1187/2000 [00:14<00:09, 82.39it/s]Sampling step:  60%|█████▉    | 1196/2000 [00:14<00:09, 82.42it/s]Sampling step:  60%|██████    | 1205/2000 [00:14<00:09, 82.57it/s]Sampling step:  61%|██████    | 1214/2000 [00:14<00:09, 82.61it/s]Sampling step:  61%|██████    | 1223/2000 [00:14<00:09, 82.64it/s]Sampling step:  62%|██████▏   | 1232/2000 [00:14<00:09, 82.70it/s]Sampling step:  62%|██████▏   | 1241/2000 [00:15<00:09, 82.68it/s]Sampling step:  62%|██████▎   | 1250/2000 [00:15<00:09, 82.71it/s]Sampling step:  63%|██████▎   | 1259/2000 [00:15<00:08, 82.56it/s]Sampling step:  63%|██████▎   | 1268/2000 [00:15<00:08, 82.60it/s]Sampling step:  64%|██████▍   | 1277/2000 [00:15<00:08, 82.66it/s]Sampling step:  64%|██████▍   | 1286/2000 [00:15<00:08, 82.82it/s]Sampling step:  65%|██████▍   | 1295/2000 [00:15<00:08, 82.93it/s]Sampling step:  65%|██████▌   | 1304/2000 [00:15<00:08, 82.71it/s]Sampling step:  66%|██████▌   | 1313/2000 [00:15<00:08, 82.65it/s]Sampling step:  66%|██████▌   | 1322/2000 [00:16<00:08, 82.57it/s]Sampling step:  67%|██████▋   | 1331/2000 [00:16<00:08, 82.71it/s]Sampling step:  67%|██████▋   | 1340/2000 [00:16<00:07, 82.65it/s]Sampling step:  67%|██████▋   | 1349/2000 [00:16<00:07, 82.68it/s]Sampling step:  68%|██████▊   | 1358/2000 [00:16<00:07, 82.75it/s]Sampling step:  68%|██████▊   | 1367/2000 [00:16<00:07, 82.81it/s]Sampling step:  69%|██████▉   | 1376/2000 [00:16<00:07, 82.81it/s]Sampling step:  69%|██████▉   | 1385/2000 [00:16<00:07, 82.76it/s]Sampling step:  70%|██████▉   | 1394/2000 [00:16<00:07, 82.68it/s]Sampling step:  70%|███████   | 1403/2000 [00:16<00:07, 82.73it/s]Sampling step:  71%|███████   | 1412/2000 [00:17<00:07, 82.69it/s]Sampling step:  71%|███████   | 1421/2000 [00:17<00:07, 82.70it/s]Sampling step:  72%|███████▏  | 1430/2000 [00:17<00:06, 82.69it/s]Sampling step:  72%|███████▏  | 1439/2000 [00:17<00:06, 82.92it/s]Sampling step:  72%|███████▏  | 1448/2000 [00:17<00:06, 82.98it/s]Sampling step:  73%|███████▎  | 1457/2000 [00:17<00:06, 83.07it/s]Sampling step:  73%|███████▎  | 1466/2000 [00:17<00:06, 82.95it/s]Sampling step:  74%|███████▍  | 1475/2000 [00:17<00:06, 82.92it/s]Sampling step:  74%|███████▍  | 1484/2000 [00:17<00:06, 82.92it/s]Sampling step:  75%|███████▍  | 1493/2000 [00:18<00:06, 82.76it/s]Sampling step:  75%|███████▌  | 1502/2000 [00:18<00:06, 82.73it/s]Sampling step:  76%|███████▌  | 1511/2000 [00:18<00:05, 82.58it/s]Sampling step:  76%|███████▌  | 1520/2000 [00:18<00:05, 82.56it/s]Sampling step:  76%|███████▋  | 1529/2000 [00:18<00:05, 82.72it/s]Sampling step:  77%|███████▋  | 1538/2000 [00:18<00:05, 82.83it/s]Sampling step:  77%|███████▋  | 1547/2000 [00:18<00:05, 82.72it/s]Sampling step:  78%|███████▊  | 1556/2000 [00:18<00:05, 82.69it/s]Sampling step:  78%|███████▊  | 1565/2000 [00:18<00:05, 82.68it/s]Sampling step:  79%|███████▊  | 1574/2000 [00:19<00:05, 82.66it/s]Sampling step:  79%|███████▉  | 1583/2000 [00:19<00:05, 82.66it/s]Sampling step:  80%|███████▉  | 1592/2000 [00:19<00:04, 82.63it/s]Sampling step:  80%|████████  | 1601/2000 [00:19<00:04, 82.80it/s]Sampling step:  80%|████████  | 1610/2000 [00:19<00:04, 82.86it/s]Sampling step:  81%|████████  | 1619/2000 [00:19<00:04, 82.83it/s]Sampling step:  81%|████████▏ | 1628/2000 [00:19<00:04, 82.79it/s]Sampling step:  82%|████████▏ | 1637/2000 [00:19<00:04, 82.72it/s]Sampling step:  82%|████████▏ | 1646/2000 [00:19<00:04, 82.70it/s]Sampling step:  83%|████████▎ | 1655/2000 [00:20<00:04, 82.64it/s]Sampling step:  83%|████████▎ | 1664/2000 [00:20<00:04, 82.68it/s]Sampling step:  84%|████████▎ | 1673/2000 [00:20<00:03, 82.58it/s]Sampling step:  84%|████████▍ | 1682/2000 [00:20<00:03, 82.68it/s]Sampling step:  85%|████████▍ | 1691/2000 [00:20<00:03, 82.69it/s]Sampling step:  85%|████████▌ | 1700/2000 [00:20<00:03, 82.82it/s]Sampling step:  85%|████████▌ | 1709/2000 [00:20<00:03, 82.70it/s]Sampling step:  86%|████████▌ | 1718/2000 [00:20<00:03, 82.63it/s]Sampling step:  86%|████████▋ | 1727/2000 [00:20<00:03, 82.64it/s]Sampling step:  87%|████████▋ | 1736/2000 [00:21<00:03, 82.68it/s]Sampling step:  87%|████████▋ | 1745/2000 [00:21<00:03, 82.64it/s]Sampling step:  88%|████████▊ | 1754/2000 [00:21<00:02, 82.61it/s]Sampling step:  88%|████████▊ | 1763/2000 [00:21<00:02, 82.64it/s]Sampling step:  89%|████████▊ | 1772/2000 [00:21<00:02, 82.73it/s]Sampling step:  89%|████████▉ | 1781/2000 [00:21<00:02, 82.79it/s]Sampling step:  90%|████████▉ | 1790/2000 [00:21<00:02, 82.83it/s]Sampling step:  90%|████████▉ | 1799/2000 [00:21<00:02, 82.22it/s]Sampling step:  90%|█████████ | 1808/2000 [00:21<00:02, 82.28it/s]Sampling step:  91%|█████████ | 1817/2000 [00:21<00:02, 82.46it/s]Sampling step:  91%|█████████▏| 1826/2000 [00:22<00:02, 82.57it/s]Sampling step:  92%|█████████▏| 1835/2000 [00:22<00:01, 82.53it/s]Sampling step:  92%|█████████▏| 1844/2000 [00:22<00:01, 82.53it/s]Sampling step:  93%|█████████▎| 1853/2000 [00:22<00:01, 82.56it/s]Sampling step:  93%|█████████▎| 1862/2000 [00:22<00:01, 82.58it/s]Sampling step:  94%|█████████▎| 1871/2000 [00:22<00:01, 82.60it/s]Sampling step:  94%|█████████▍| 1880/2000 [00:22<00:01, 82.59it/s]Sampling step:  94%|█████████▍| 1889/2000 [00:22<00:01, 82.60it/s]Sampling step:  95%|█████████▍| 1898/2000 [00:22<00:01, 82.63it/s]Sampling step:  95%|█████████▌| 1907/2000 [00:23<00:01, 82.70it/s]Sampling step:  96%|█████████▌| 1916/2000 [00:23<00:01, 82.85it/s]Sampling step:  96%|█████████▋| 1925/2000 [00:23<00:00, 82.75it/s]Sampling step:  97%|█████████▋| 1934/2000 [00:23<00:00, 82.63it/s]Sampling step:  97%|█████████▋| 1943/2000 [00:23<00:00, 82.65it/s]Sampling step:  98%|█████████▊| 1952/2000 [00:23<00:00, 82.82it/s]Sampling step:  98%|█████████▊| 1961/2000 [00:23<00:00, 82.74it/s]Sampling step:  98%|█████████▊| 1970/2000 [00:23<00:00, 82.71it/s]Sampling step:  99%|█████████▉| 1979/2000 [00:23<00:00, 82.79it/s]Sampling step:  99%|█████████▉| 1988/2000 [00:24<00:00, 82.81it/s]Sampling step: 100%|█████████▉| 1997/2000 [00:24<00:00, 82.74it/s]Sampling step: 100%|██████████| 2000/2000 [00:24<00:00, 82.63it/s]
  [26/40] 0080: diffusion error  4.78 mm | non-rigid residual  0.83 mm
Sampling step:   0%|          | 0/2000 [00:00<?, ?it/s]Sampling step:   0%|          | 8/2000 [00:00<00:26, 74.50it/s]Sampling step:   1%|          | 17/2000 [00:00<00:24, 79.34it/s]Sampling step:   1%|▏         | 26/2000 [00:00<00:24, 81.12it/s]Sampling step:   2%|▏         | 35/2000 [00:00<00:23, 82.11it/s]Sampling step:   2%|▏         | 44/2000 [00:00<00:23, 82.45it/s]Sampling step:   3%|▎         | 53/2000 [00:00<00:23, 82.40it/s]Sampling step:   3%|▎         | 62/2000 [00:00<00:23, 82.57it/s]Sampling step:   4%|▎         | 71/2000 [00:00<00:23, 82.56it/s]Sampling step:   4%|▍         | 80/2000 [00:00<00:23, 82.61it/s]Sampling step:   4%|▍         | 89/2000 [00:01<00:23, 82.61it/s]Sampling step:   5%|▍         | 98/2000 [00:01<00:23, 82.69it/s]Sampling step:   5%|▌         | 107/2000 [00:01<00:22, 82.74it/s]Sampling step:   6%|▌         | 116/2000 [00:01<00:22, 82.71it/s]Sampling step:   6%|▋         | 125/2000 [00:01<00:22, 82.75it/s]Sampling step:   7%|▋         | 134/2000 [00:01<00:22, 82.88it/s]Sampling step:   7%|▋         | 143/2000 [00:01<00:22, 83.01it/s]Sampling step:   8%|▊         | 152/2000 [00:01<00:22, 82.74it/s]Sampling step:   8%|▊         | 161/2000 [00:01<00:22, 82.80it/s]Sampling step:   8%|▊         | 170/2000 [00:02<00:22, 82.72it/s]Sampling step:   9%|▉         | 179/2000 [00:02<00:22, 82.69it/s]Sampling step:   9%|▉         | 188/2000 [00:02<00:21, 82.66it/s]Sampling step:  10%|▉         | 197/2000 [00:02<00:21, 82.70it/s]Sampling step:  10%|█         | 206/2000 [00:02<00:21, 82.82it/s]Sampling step:  11%|█         | 215/2000 [00:02<00:21, 82.81it/s]Sampling step:  11%|█         | 224/2000 [00:02<00:21, 82.77it/s]Sampling step:  12%|█▏        | 233/2000 [00:02<00:21, 82.70it/s]Sampling step:  12%|█▏        | 242/2000 [00:02<00:21, 82.68it/s]Sampling step:  13%|█▎        | 251/2000 [00:03<00:21, 82.58it/s]Sampling step:  13%|█▎        | 260/2000 [00:03<00:21, 82.76it/s]Sampling step:  13%|█▎        | 269/2000 [00:03<00:20, 82.90it/s]Sampling step:  14%|█▍        | 278/2000 [00:03<00:20, 82.77it/s]Sampling step:  14%|█▍        | 287/2000 [00:03<00:20, 82.86it/s]Sampling step:  15%|█▍        | 296/2000 [00:03<00:20, 82.84it/s]Sampling step:  15%|█▌        | 305/2000 [00:03<00:20, 82.83it/s]Sampling step:  16%|█▌        | 314/2000 [00:03<00:20, 82.74it/s]Sampling step:  16%|█▌        | 323/2000 [00:03<00:20, 82.62it/s]Sampling step:  17%|█▋        | 332/2000 [00:04<00:20, 82.66it/s]Sampling step:  17%|█▋        | 341/2000 [00:04<00:20, 82.84it/s]Sampling step:  18%|█▊        | 350/2000 [00:04<00:19, 82.68it/s]Sampling step:  18%|█▊        | 359/2000 [00:04<00:19, 82.66it/s]Sampling step:  18%|█▊        | 368/2000 [00:04<00:19, 82.88it/s]Sampling step:  19%|█▉        | 377/2000 [00:04<00:19, 82.95it/s]Sampling step:  19%|█▉        | 386/2000 [00:04<00:19, 83.00it/s]Sampling step:  20%|█▉        | 395/2000 [00:04<00:19, 83.12it/s]Sampling step:  20%|██        | 404/2000 [00:04<00:19, 82.94it/s]Sampling step:  21%|██        | 413/2000 [00:04<00:19, 83.03it/s]Sampling step:  21%|██        | 422/2000 [00:05<00:18, 83.11it/s]Sampling step:  22%|██▏       | 431/2000 [00:05<00:18, 83.16it/s]Sampling step:  22%|██▏       | 440/2000 [00:05<00:18, 82.94it/s]Sampling step:  22%|██▏       | 449/2000 [00:05<00:18, 82.89it/s]Sampling step:  23%|██▎       | 458/2000 [00:05<00:18, 82.91it/s]Sampling step:  23%|██▎       | 467/2000 [00:05<00:18, 82.96it/s]Sampling step:  24%|██▍       | 476/2000 [00:05<00:18, 82.94it/s]Sampling step:  24%|██▍       | 485/2000 [00:05<00:18, 82.83it/s]Sampling step:  25%|██▍       | 494/2000 [00:05<00:18, 82.83it/s]Sampling step:  25%|██▌       | 503/2000 [00:06<00:18, 82.75it/s]Sampling step:  26%|██▌       | 512/2000 [00:06<00:17, 82.83it/s]Sampling step:  26%|██▌       | 521/2000 [00:06<00:17, 82.79it/s]Sampling step:  26%|██▋       | 530/2000 [00:06<00:17, 81.94it/s]Sampling step:  27%|██▋       | 539/2000 [00:06<00:17, 82.19it/s]Sampling step:  27%|██▋       | 548/2000 [00:06<00:17, 82.28it/s]Sampling step:  28%|██▊       | 557/2000 [00:06<00:17, 82.48it/s]Sampling step:  28%|██▊       | 566/2000 [00:06<00:17, 82.41it/s]Sampling step:  29%|██▉       | 575/2000 [00:06<00:17, 82.51it/s]Sampling step:  29%|██▉       | 584/2000 [00:07<00:17, 82.58it/s]Sampling step:  30%|██▉       | 593/2000 [00:07<00:17, 82.73it/s]Sampling step:  30%|███       | 602/2000 [00:07<00:16, 82.77it/s]Sampling step:  31%|███       | 611/2000 [00:07<00:16, 82.76it/s]Sampling step:  31%|███       | 620/2000 [00:07<00:16, 82.83it/s]Sampling step:  31%|███▏      | 629/2000 [00:07<00:16, 82.98it/s]Sampling step:  32%|███▏      | 638/2000 [00:07<00:16, 83.03it/s]Sampling step:  32%|███▏      | 647/2000 [00:07<00:16, 82.82it/s]Sampling step:  33%|███▎      | 656/2000 [00:07<00:16, 82.88it/s]Sampling step:  33%|███▎      | 665/2000 [00:08<00:16, 82.82it/s]Sampling step:  34%|███▎      | 674/2000 [00:08<00:16, 82.85it/s]Sampling step:  34%|███▍      | 683/2000 [00:08<00:15, 82.77it/s]Sampling step:  35%|███▍      | 692/2000 [00:08<00:15, 82.77it/s]Sampling step:  35%|███▌      | 701/2000 [00:08<00:15, 82.74it/s]Sampling step:  36%|███▌      | 710/2000 [00:08<00:15, 82.68it/s]Sampling step:  36%|███▌      | 719/2000 [00:08<00:15, 82.76it/s]Sampling step:  36%|███▋      | 728/2000 [00:08<00:15, 82.70it/s]Sampling step:  37%|███▋      | 737/2000 [00:08<00:15, 82.55it/s]Sampling step:  37%|███▋      | 746/2000 [00:09<00:15, 82.67it/s]Sampling step:  38%|███▊      | 755/2000 [00:09<00:15, 82.81it/s]Sampling step:  38%|███▊      | 764/2000 [00:09<00:14, 82.83it/s]Sampling step:  39%|███▊      | 773/2000 [00:09<00:14, 82.70it/s]Sampling step:  39%|███▉      | 782/2000 [00:09<00:14, 82.72it/s]Sampling step:  40%|███▉      | 791/2000 [00:09<00:14, 82.88it/s]Sampling step:  40%|████      | 800/2000 [00:09<00:14, 82.86it/s]Sampling step:  40%|████      | 809/2000 [00:09<00:14, 82.79it/s]Sampling step:  41%|████      | 818/2000 [00:09<00:14, 82.71it/s]Sampling step:  41%|████▏     | 827/2000 [00:10<00:14, 82.70it/s]Sampling step:  42%|████▏     | 836/2000 [00:10<00:14, 82.70it/s]Sampling step:  42%|████▏     | 845/2000 [00:10<00:13, 82.76it/s]Sampling step:  43%|████▎     | 854/2000 [00:10<00:13, 82.75it/s]Sampling step:  43%|████▎     | 863/2000 [00:10<00:13, 82.81it/s]Sampling step:  44%|████▎     | 872/2000 [00:10<00:13, 82.93it/s]Sampling step:  44%|████▍     | 881/2000 [00:10<00:13, 82.57it/s]Sampling step:  44%|████▍     | 890/2000 [00:10<00:13, 82.73it/s]Sampling step:  45%|████▍     | 899/2000 [00:10<00:13, 82.71it/s]Sampling step:  45%|████▌     | 908/2000 [00:10<00:13, 82.92it/s]Sampling step:  46%|████▌     | 917/2000 [00:11<00:13, 83.05it/s]Sampling step:  46%|████▋     | 926/2000 [00:11<00:12, 83.06it/s]Sampling step:  47%|████▋     | 935/2000 [00:11<00:12, 83.01it/s]Sampling step:  47%|████▋     | 944/2000 [00:11<00:12, 82.85it/s]Sampling step:  48%|████▊     | 953/2000 [00:11<00:12, 82.92it/s]Sampling step:  48%|████▊     | 962/2000 [00:11<00:12, 82.99it/s]Sampling step:  49%|████▊     | 971/2000 [00:11<00:12, 82.87it/s]Sampling step:  49%|████▉     | 980/2000 [00:11<00:12, 82.74it/s]Sampling step:  49%|████▉     | 989/2000 [00:11<00:12, 82.70it/s]Sampling step:  50%|████▉     | 998/2000 [00:12<00:12, 82.85it/s]Sampling step:  50%|█████     | 1007/2000 [00:12<00:11, 82.96it/s]Sampling step:  51%|█████     | 1016/2000 [00:12<00:11, 83.02it/s]Sampling step:  51%|█████▏    | 1025/2000 [00:12<00:11, 82.86it/s]Sampling step:  52%|█████▏    | 1034/2000 [00:12<00:11, 82.92it/s]Sampling step:  52%|█████▏    | 1043/2000 [00:12<00:11, 83.01it/s]Sampling step:  53%|█████▎    | 1052/2000 [00:12<00:11, 82.69it/s]Sampling step:  53%|█████▎    | 1061/2000 [00:12<00:11, 82.67it/s]Sampling step:  54%|█████▎    | 1070/2000 [00:12<00:11, 82.92it/s]Sampling step:  54%|█████▍    | 1079/2000 [00:13<00:11, 82.79it/s]Sampling step:  54%|█████▍    | 1088/2000 [00:13<00:11, 82.77it/s]Sampling step:  55%|█████▍    | 1097/2000 [00:13<00:10, 82.85it/s]Sampling step:  55%|█████▌    | 1106/2000 [00:13<00:10, 82.85it/s]Sampling step:  56%|█████▌    | 1115/2000 [00:13<00:10, 82.92it/s]Sampling step:  56%|█████▌    | 1124/2000 [00:13<00:10, 82.86it/s]Sampling step:  57%|█████▋    | 1133/2000 [00:13<00:10, 82.88it/s]Sampling step:  57%|█████▋    | 1142/2000 [00:13<00:10, 82.80it/s]Sampling step:  58%|█████▊    | 1151/2000 [00:13<00:10, 82.78it/s]Sampling step:  58%|█████▊    | 1160/2000 [00:14<00:10, 82.79it/s]Sampling step:  58%|█████▊    | 1169/2000 [00:14<00:10, 82.78it/s]Sampling step:  59%|█████▉    | 1178/2000 [00:14<00:09, 82.74it/s]Sampling step:  59%|█████▉    | 1187/2000 [00:14<00:09, 82.54it/s]Sampling step:  60%|█████▉    | 1196/2000 [00:14<00:09, 82.74it/s]Sampling step:  60%|██████    | 1205/2000 [00:14<00:09, 83.00it/s]Sampling step:  61%|██████    | 1214/2000 [00:14<00:09, 82.92it/s]Sampling step:  61%|██████    | 1223/2000 [00:14<00:09, 82.95it/s]Sampling step:  62%|██████▏   | 1232/2000 [00:14<00:09, 82.51it/s]Sampling step:  62%|██████▏   | 1241/2000 [00:15<00:09, 82.55it/s]Sampling step:  62%|██████▎   | 1250/2000 [00:15<00:09, 82.66it/s]Sampling step:  63%|██████▎   | 1259/2000 [00:15<00:08, 82.81it/s]Sampling step:  63%|██████▎   | 1268/2000 [00:15<00:08, 82.83it/s]Sampling step:  64%|██████▍   | 1277/2000 [00:15<00:08, 82.91it/s]Sampling step:  64%|██████▍   | 1286/2000 [00:15<00:08, 82.97it/s]Sampling step:  65%|██████▍   | 1295/2000 [00:15<00:08, 83.04it/s]Sampling step:  65%|██████▌   | 1304/2000 [00:15<00:08, 83.09it/s]Sampling step:  66%|██████▌   | 1313/2000 [00:15<00:08, 82.89it/s]Sampling step:  66%|██████▌   | 1322/2000 [00:15<00:08, 82.79it/s]Sampling step:  67%|██████▋   | 1331/2000 [00:16<00:08, 82.81it/s]Sampling step:  67%|██████▋   | 1340/2000 [00:16<00:07, 82.77it/s]Sampling step:  67%|██████▋   | 1349/2000 [00:16<00:07, 82.81it/s]Sampling step:  68%|██████▊   | 1358/2000 [00:16<00:07, 82.60it/s]Sampling step:  68%|██████▊   | 1367/2000 [00:16<00:07, 82.75it/s]Sampling step:  69%|██████▉   | 1376/2000 [00:16<00:07, 82.73it/s]Sampling step:  69%|██████▉   | 1385/2000 [00:16<00:07, 82.80it/s]Sampling step:  70%|██████▉   | 1394/2000 [00:16<00:07, 82.74it/s]Sampling step:  70%|███████   | 1403/2000 [00:16<00:07, 82.68it/s]Sampling step:  71%|███████   | 1412/2000 [00:17<00:07, 82.36it/s]Sampling step:  71%|███████   | 1421/2000 [00:17<00:07, 82.56it/s]Sampling step:  72%|███████▏  | 1430/2000 [00:17<00:06, 82.68it/s]Sampling step:  72%|███████▏  | 1439/2000 [00:17<00:06, 82.64it/s]Sampling step:  72%|███████▏  | 1448/2000 [00:17<00:06, 82.80it/s]Sampling step:  73%|███████▎  | 1457/2000 [00:17<00:06, 82.90it/s]Sampling step:  73%|███████▎  | 1466/2000 [00:17<00:06, 83.00it/s]Sampling step:  74%|███████▍  | 1475/2000 [00:17<00:06, 82.85it/s]Sampling step:  74%|███████▍  | 1484/2000 [00:17<00:06, 82.94it/s]Sampling step:  75%|███████▍  | 1493/2000 [00:18<00:06, 82.97it/s]Sampling step:  75%|███████▌  | 1502/2000 [00:18<00:06, 82.99it/s]Sampling step:  76%|███████▌  | 1511/2000 [00:18<00:05, 82.98it/s]Sampling step:  76%|███████▌  | 1520/2000 [00:18<00:05, 82.84it/s]Sampling step:  76%|███████▋  | 1529/2000 [00:18<00:05, 82.74it/s]Sampling step:  77%|███████▋  | 1538/2000 [00:18<00:05, 82.71it/s]Sampling step:  77%|███████▋  | 1547/2000 [00:18<00:05, 82.82it/s]Sampling step:  78%|███████▊  | 1556/2000 [00:18<00:05, 82.78it/s]Sampling step:  78%|███████▊  | 1565/2000 [00:18<00:05, 82.65it/s]Sampling step:  79%|███████▊  | 1574/2000 [00:19<00:05, 82.68it/s]Sampling step:  79%|███████▉  | 1583/2000 [00:19<00:05, 82.72it/s]Sampling step:  80%|███████▉  | 1592/2000 [00:19<00:04, 82.82it/s]Sampling step:  80%|████████  | 1601/2000 [00:19<00:04, 82.66it/s]Sampling step:  80%|████████  | 1610/2000 [00:19<00:04, 82.64it/s]Sampling step:  81%|████████  | 1619/2000 [00:19<00:04, 82.74it/s]Sampling step:  81%|████████▏ | 1628/2000 [00:19<00:04, 82.78it/s]Sampling step:  82%|████████▏ | 1637/2000 [00:19<00:04, 82.91it/s]Sampling step:  82%|████████▏ | 1646/2000 [00:19<00:04, 82.87it/s]Sampling step:  83%|████████▎ | 1655/2000 [00:19<00:04, 82.84it/s]Sampling step:  83%|████████▎ | 1664/2000 [00:20<00:04, 82.81it/s]Sampling step:  84%|████████▎ | 1673/2000 [00:20<00:03, 82.77it/s]Sampling step:  84%|████████▍ | 1682/2000 [00:20<00:03, 82.68it/s]Sampling step:  85%|████████▍ | 1691/2000 [00:20<00:03, 82.80it/s]Sampling step:  85%|████████▌ | 1700/2000 [00:20<00:03, 82.89it/s]Sampling step:  85%|████████▌ | 1709/2000 [00:20<00:03, 83.02it/s]Sampling step:  86%|████████▌ | 1718/2000 [00:20<00:03, 83.09it/s]Sampling step:  86%|████████▋ | 1727/2000 [00:20<00:03, 83.03it/s]Sampling step:  87%|████████▋ | 1736/2000 [00:20<00:03, 82.95it/s]Sampling step:  87%|████████▋ | 1745/2000 [00:21<00:03, 82.82it/s]Sampling step:  88%|████████▊ | 1754/2000 [00:21<00:02, 82.83it/s]Sampling step:  88%|████████▊ | 1763/2000 [00:21<00:02, 82.48it/s]Sampling step:  89%|████████▊ | 1772/2000 [00:21<00:02, 82.73it/s]Sampling step:  89%|████████▉ | 1781/2000 [00:21<00:02, 82.90it/s]Sampling step:  90%|████████▉ | 1790/2000 [00:21<00:02, 83.03it/s]Sampling step:  90%|████████▉ | 1799/2000 [00:21<00:02, 83.10it/s]Sampling step:  90%|█████████ | 1808/2000 [00:21<00:02, 82.95it/s]Sampling step:  91%|█████████ | 1817/2000 [00:21<00:02, 82.86it/s]Sampling step:  91%|█████████▏| 1826/2000 [00:22<00:02, 82.86it/s]Sampling step:  92%|█████████▏| 1835/2000 [00:22<00:01, 82.80it/s]Sampling step:  92%|█████████▏| 1844/2000 [00:22<00:01, 82.92it/s]Sampling step:  93%|█████████▎| 1853/2000 [00:22<00:01, 82.85it/s]Sampling step:  93%|█████████▎| 1862/2000 [00:22<00:01, 82.88it/s]Sampling step:  94%|█████████▎| 1871/2000 [00:22<00:01, 82.91it/s]Sampling step:  94%|█████████▍| 1880/2000 [00:22<00:01, 83.04it/s]Sampling step:  94%|█████████▍| 1889/2000 [00:22<00:01, 83.02it/s]Sampling step:  95%|█████████▍| 1898/2000 [00:22<00:01, 83.01it/s]Sampling step:  95%|█████████▌| 1907/2000 [00:23<00:01, 82.99it/s]Sampling step:  96%|█████████▌| 1916/2000 [00:23<00:01, 82.99it/s]Sampling step:  96%|█████████▋| 1925/2000 [00:23<00:00, 82.93it/s]Sampling step:  97%|█████████▋| 1934/2000 [00:23<00:00, 82.58it/s]Sampling step:  97%|█████████▋| 1943/2000 [00:23<00:00, 82.65it/s]Sampling step:  98%|█████████▊| 1952/2000 [00:23<00:00, 82.73it/s]Sampling step:  98%|█████████▊| 1961/2000 [00:23<00:00, 82.81it/s]Sampling step:  98%|█████████▊| 1970/2000 [00:23<00:00, 82.83it/s]Sampling step:  99%|█████████▉| 1979/2000 [00:23<00:00, 82.81it/s]Sampling step:  99%|█████████▉| 1988/2000 [00:24<00:00, 82.75it/s]Sampling step: 100%|█████████▉| 1997/2000 [00:24<00:00, 82.90it/s]Sampling step: 100%|██████████| 2000/2000 [00:24<00:00, 82.77it/s]
  [27/40] 0086: diffusion error  3.50 mm | non-rigid residual  0.86 mm
Sampling step:   0%|          | 0/2000 [00:00<?, ?it/s]Sampling step:   0%|          | 8/2000 [00:00<00:26, 74.34it/s]Sampling step:   1%|          | 17/2000 [00:00<00:24, 79.37it/s]Sampling step:   1%|▏         | 26/2000 [00:00<00:24, 80.91it/s]Sampling step:   2%|▏         | 35/2000 [00:00<00:24, 81.75it/s]Sampling step:   2%|▏         | 44/2000 [00:00<00:23, 82.29it/s]Sampling step:   3%|▎         | 53/2000 [00:00<00:23, 82.72it/s]Sampling step:   3%|▎         | 62/2000 [00:00<00:23, 82.83it/s]Sampling step:   4%|▎         | 71/2000 [00:00<00:23, 82.81it/s]Sampling step:   4%|▍         | 80/2000 [00:00<00:23, 82.76it/s]Sampling step:   4%|▍         | 89/2000 [00:01<00:23, 82.75it/s]Sampling step:   5%|▍         | 98/2000 [00:01<00:22, 82.80it/s]Sampling step:   5%|▌         | 107/2000 [00:01<00:22, 82.93it/s]Sampling step:   6%|▌         | 116/2000 [00:01<00:22, 82.95it/s]Sampling step:   6%|▋         | 125/2000 [00:01<00:22, 82.74it/s]Sampling step:   7%|▋         | 134/2000 [00:01<00:22, 82.75it/s]Sampling step:   7%|▋         | 143/2000 [00:01<00:22, 82.74it/s]Sampling step:   8%|▊         | 152/2000 [00:01<00:22, 82.71it/s]Sampling step:   8%|▊         | 161/2000 [00:01<00:22, 82.73it/s]Sampling step:   8%|▊         | 170/2000 [00:02<00:22, 82.66it/s]Sampling step:   9%|▉         | 179/2000 [00:02<00:22, 82.71it/s]Sampling step:   9%|▉         | 188/2000 [00:02<00:21, 82.73it/s]Sampling step:  10%|▉         | 197/2000 [00:02<00:21, 82.76it/s]Sampling step:  10%|█         | 206/2000 [00:02<00:21, 82.78it/s]Sampling step:  11%|█         | 215/2000 [00:02<00:21, 82.80it/s]Sampling step:  11%|█         | 224/2000 [00:02<00:21, 82.77it/s]Sampling step:  12%|█▏        | 233/2000 [00:02<00:21, 82.88it/s]Sampling step:  12%|█▏        | 242/2000 [00:02<00:21, 82.79it/s]Sampling step:  13%|█▎        | 251/2000 [00:03<00:21, 82.64it/s]Sampling step:  13%|█▎        | 260/2000 [00:03<00:21, 82.77it/s]Sampling step:  13%|█▎        | 269/2000 [00:03<00:20, 82.85it/s]Sampling step:  14%|█▍        | 278/2000 [00:03<00:20, 82.89it/s]Sampling step:  14%|█▍        | 287/2000 [00:03<00:20, 82.82it/s]Sampling step:  15%|█▍        | 296/2000 [00:03<00:20, 82.87it/s]Sampling step:  15%|█▌        | 305/2000 [00:03<00:20, 82.81it/s]Sampling step:  16%|█▌        | 314/2000 [00:03<00:20, 82.63it/s]Sampling step:  16%|█▌        | 323/2000 [00:03<00:20, 82.76it/s]Sampling step:  17%|█▋        | 332/2000 [00:04<00:20, 82.59it/s]Sampling step:  17%|█▋        | 341/2000 [00:04<00:20, 82.75it/s]Sampling step:  18%|█▊        | 350/2000 [00:04<00:19, 82.72it/s]Sampling step:  18%|█▊        | 359/2000 [00:04<00:19, 82.77it/s]Sampling step:  18%|█▊        | 368/2000 [00:04<00:19, 82.72it/s]Sampling step:  19%|█▉        | 377/2000 [00:04<00:19, 82.71it/s]Sampling step:  19%|█▉        | 386/2000 [00:04<00:19, 82.77it/s]Sampling step:  20%|█▉        | 395/2000 [00:04<00:19, 82.79it/s]Sampling step:  20%|██        | 404/2000 [00:04<00:19, 82.95it/s]Sampling step:  21%|██        | 413/2000 [00:04<00:19, 82.98it/s]Sampling step:  21%|██        | 422/2000 [00:05<00:19, 82.97it/s]Sampling step:  22%|██▏       | 431/2000 [00:05<00:18, 83.03it/s]Sampling step:  22%|██▏       | 440/2000 [00:05<00:18, 83.01it/s]Sampling step:  22%|██▏       | 449/2000 [00:05<00:18, 82.97it/s]Sampling step:  23%|██▎       | 458/2000 [00:05<00:18, 82.84it/s]Sampling step:  23%|██▎       | 467/2000 [00:05<00:18, 82.83it/s]Sampling step:  24%|██▍       | 476/2000 [00:05<00:18, 82.88it/s]Sampling step:  24%|██▍       | 485/2000 [00:05<00:18, 82.91it/s]Sampling step:  25%|██▍       | 494/2000 [00:05<00:18, 82.71it/s]Sampling step:  25%|██▌       | 503/2000 [00:06<00:18, 82.64it/s]Sampling step:  26%|██▌       | 512/2000 [00:06<00:17, 82.74it/s]Sampling step:  26%|██▌       | 521/2000 [00:06<00:17, 82.75it/s]Sampling step:  26%|██▋       | 530/2000 [00:06<00:17, 82.81it/s]Sampling step:  27%|██▋       | 539/2000 [00:06<00:17, 82.75it/s]Sampling step:  27%|██▋       | 548/2000 [00:06<00:17, 82.57it/s]Sampling step:  28%|██▊       | 557/2000 [00:06<00:17, 82.69it/s]Sampling step:  28%|██▊       | 566/2000 [00:06<00:17, 82.63it/s]Sampling step:  29%|██▉       | 575/2000 [00:06<00:17, 82.57it/s]Sampling step:  29%|██▉       | 584/2000 [00:07<00:17, 82.47it/s]Sampling step:  30%|██▉       | 593/2000 [00:07<00:17, 82.57it/s]Sampling step:  30%|███       | 602/2000 [00:07<00:16, 82.66it/s]Sampling step:  31%|███       | 611/2000 [00:07<00:16, 82.69it/s]Sampling step:  31%|███       | 620/2000 [00:07<00:16, 82.68it/s]Sampling step:  31%|███▏      | 629/2000 [00:07<00:16, 82.68it/s]Sampling step:  32%|███▏      | 638/2000 [00:07<00:16, 82.69it/s]Sampling step:  32%|███▏      | 647/2000 [00:07<00:16, 82.75it/s]Sampling step:  33%|███▎      | 656/2000 [00:07<00:16, 82.73it/s]Sampling step:  33%|███▎      | 665/2000 [00:08<00:16, 82.45it/s]Sampling step:  34%|███▎      | 674/2000 [00:08<00:16, 82.54it/s]Sampling step:  34%|███▍      | 683/2000 [00:08<00:15, 82.57it/s]Sampling step:  35%|███▍      | 692/2000 [00:08<00:15, 82.65it/s]Sampling step:  35%|███▌      | 701/2000 [00:08<00:15, 82.57it/s]Sampling step:  36%|███▌      | 710/2000 [00:08<00:15, 82.56it/s]Sampling step:  36%|███▌      | 719/2000 [00:08<00:15, 82.60it/s]Sampling step:  36%|███▋      | 728/2000 [00:08<00:15, 82.64it/s]Sampling step:  37%|███▋      | 737/2000 [00:08<00:15, 82.74it/s]Sampling step:  37%|███▋      | 746/2000 [00:09<00:15, 82.79it/s]Sampling step:  38%|███▊      | 755/2000 [00:09<00:15, 82.86it/s]Sampling step:  38%|███▊      | 764/2000 [00:09<00:14, 82.86it/s]Sampling step:  39%|███▊      | 773/2000 [00:09<00:14, 82.98it/s]Sampling step:  39%|███▉      | 782/2000 [00:09<00:14, 82.95it/s]Sampling step:  40%|███▉      | 791/2000 [00:09<00:14, 82.93it/s]Sampling step:  40%|████      | 800/2000 [00:09<00:14, 82.91it/s]Sampling step:  40%|████      | 809/2000 [00:09<00:14, 82.89it/s]Sampling step:  41%|████      | 818/2000 [00:09<00:14, 82.94it/s]Sampling step:  41%|████▏     | 827/2000 [00:10<00:14, 82.90it/s]Sampling step:  42%|████▏     | 836/2000 [00:10<00:14, 82.86it/s]Sampling step:  42%|████▏     | 845/2000 [00:10<00:13, 82.59it/s]Sampling step:  43%|████▎     | 854/2000 [00:10<00:13, 82.88it/s]Sampling step:  43%|████▎     | 863/2000 [00:10<00:13, 83.02it/s]Sampling step:  44%|████▎     | 872/2000 [00:10<00:13, 83.05it/s]Sampling step:  44%|████▍     | 881/2000 [00:10<00:13, 83.10it/s]Sampling step:  44%|████▍     | 890/2000 [00:10<00:13, 82.99it/s]Sampling step:  45%|████▍     | 899/2000 [00:10<00:13, 83.03it/s]Sampling step:  45%|████▌     | 908/2000 [00:10<00:13, 82.82it/s]Sampling step:  46%|████▌     | 917/2000 [00:11<00:13, 82.81it/s]Sampling step:  46%|████▋     | 926/2000 [00:11<00:12, 82.81it/s]Sampling step:  47%|████▋     | 935/2000 [00:11<00:12, 82.74it/s]Sampling step:  47%|████▋     | 944/2000 [00:11<00:12, 82.78it/s]Sampling step:  48%|████▊     | 953/2000 [00:11<00:12, 82.80it/s]Sampling step:  48%|████▊     | 962/2000 [00:11<00:12, 82.86it/s]Sampling step:  49%|████▊     | 971/2000 [00:11<00:12, 82.99it/s]Sampling step:  49%|████▉     | 980/2000 [00:11<00:12, 82.92it/s]Sampling step:  49%|████▉     | 989/2000 [00:11<00:12, 82.98it/s]Sampling step:  50%|████▉     | 998/2000 [00:12<00:12, 82.93it/s]Sampling step:  50%|█████     | 1007/2000 [00:12<00:11, 83.06it/s]Sampling step:  51%|█████     | 1016/2000 [00:12<00:11, 82.95it/s]Sampling step:  51%|█████▏    | 1025/2000 [00:12<00:11, 82.86it/s]Sampling step:  52%|█████▏    | 1034/2000 [00:12<00:11, 82.74it/s]Sampling step:  52%|█████▏    | 1043/2000 [00:12<00:11, 82.84it/s]Sampling step:  53%|█████▎    | 1052/2000 [00:12<00:11, 82.77it/s]Sampling step:  53%|█████▎    | 1061/2000 [00:12<00:11, 82.88it/s]Sampling step:  54%|█████▎    | 1070/2000 [00:12<00:11, 83.02it/s]Sampling step:  54%|█████▍    | 1079/2000 [00:13<00:11, 83.06it/s]Sampling step:  54%|█████▍    | 1088/2000 [00:13<00:10, 83.06it/s]Sampling step:  55%|█████▍    | 1097/2000 [00:13<00:10, 83.03it/s]Sampling step:  55%|█████▌    | 1106/2000 [00:13<00:10, 83.08it/s]Sampling step:  56%|█████▌    | 1115/2000 [00:13<00:10, 82.96it/s]Sampling step:  56%|█████▌    | 1124/2000 [00:13<00:10, 83.03it/s]Sampling step:  57%|█████▋    | 1133/2000 [00:13<00:10, 82.98it/s]Sampling step:  57%|█████▋    | 1142/2000 [00:13<00:10, 82.89it/s]Sampling step:  58%|█████▊    | 1151/2000 [00:13<00:10, 83.07it/s]Sampling step:  58%|█████▊    | 1160/2000 [00:14<00:10, 82.95it/s]Sampling step:  58%|█████▊    | 1169/2000 [00:14<00:10, 82.94it/s]Sampling step:  59%|█████▉    | 1178/2000 [00:14<00:09, 82.96it/s]Sampling step:  59%|█████▉    | 1187/2000 [00:14<00:09, 82.97it/s]Sampling step:  60%|█████▉    | 1196/2000 [00:14<00:09, 82.78it/s]Sampling step:  60%|██████    | 1205/2000 [00:14<00:09, 82.66it/s]Sampling step:  61%|██████    | 1214/2000 [00:14<00:09, 82.65it/s]Sampling step:  61%|██████    | 1223/2000 [00:14<00:09, 82.67it/s]Sampling step:  62%|██████▏   | 1232/2000 [00:14<00:09, 82.74it/s]Sampling step:  62%|██████▏   | 1241/2000 [00:14<00:09, 82.80it/s]Sampling step:  62%|██████▎   | 1250/2000 [00:15<00:09, 82.80it/s]Sampling step:  63%|██████▎   | 1259/2000 [00:15<00:08, 82.85it/s]Sampling step:  63%|██████▎   | 1268/2000 [00:15<00:08, 82.90it/s]Sampling step:  64%|██████▍   | 1277/2000 [00:15<00:08, 82.87it/s]Sampling step:  64%|██████▍   | 1286/2000 [00:15<00:08, 82.79it/s]Sampling step:  65%|██████▍   | 1295/2000 [00:15<00:08, 82.73it/s]Sampling step:  65%|██████▌   | 1304/2000 [00:15<00:08, 82.67it/s]Sampling step:  66%|██████▌   | 1313/2000 [00:15<00:08, 82.77it/s]Sampling step:  66%|██████▌   | 1322/2000 [00:15<00:08, 82.75it/s]Sampling step:  67%|██████▋   | 1331/2000 [00:16<00:08, 82.74it/s]Sampling step:  67%|██████▋   | 1340/2000 [00:16<00:07, 82.84it/s]Sampling step:  67%|██████▋   | 1349/2000 [00:16<00:07, 82.98it/s]Sampling step:  68%|██████▊   | 1358/2000 [00:16<00:07, 83.21it/s]Sampling step:  68%|██████▊   | 1367/2000 [00:16<00:07, 83.06it/s]Sampling step:  69%|██████▉   | 1376/2000 [00:16<00:07, 82.81it/s]Sampling step:  69%|██████▉   | 1385/2000 [00:16<00:07, 82.94it/s]Sampling step:  70%|██████▉   | 1394/2000 [00:16<00:07, 82.96it/s]Sampling step:  70%|███████   | 1403/2000 [00:16<00:07, 82.93it/s]Sampling step:  71%|███████   | 1412/2000 [00:17<00:07, 82.91it/s]Sampling step:  71%|███████   | 1421/2000 [00:17<00:06, 82.87it/s]Sampling step:  72%|███████▏  | 1430/2000 [00:17<00:06, 82.93it/s]Sampling step:  72%|███████▏  | 1439/2000 [00:17<00:06, 83.01it/s]Sampling step:  72%|███████▏  | 1448/2000 [00:17<00:06, 82.87it/s]Sampling step:  73%|███████▎  | 1457/2000 [00:17<00:06, 82.90it/s]Sampling step:  73%|███████▎  | 1466/2000 [00:17<00:06, 82.81it/s]Sampling step:  74%|███████▍  | 1475/2000 [00:17<00:06, 82.79it/s]Sampling step:  74%|███████▍  | 1484/2000 [00:17<00:06, 82.85it/s]Sampling step:  75%|███████▍  | 1493/2000 [00:18<00:06, 82.78it/s]Sampling step:  75%|███████▌  | 1502/2000 [00:18<00:06, 82.84it/s]Sampling step:  76%|███████▌  | 1511/2000 [00:18<00:05, 82.85it/s]Sampling step:  76%|███████▌  | 1520/2000 [00:18<00:05, 82.98it/s]Sampling step:  76%|███████▋  | 1529/2000 [00:18<00:05, 82.89it/s]Sampling step:  77%|███████▋  | 1538/2000 [00:18<00:05, 82.50it/s]Sampling step:  77%|███████▋  | 1547/2000 [00:18<00:05, 81.97it/s]Sampling step:  78%|███████▊  | 1556/2000 [00:18<00:05, 82.11it/s]Sampling step:  78%|███████▊  | 1565/2000 [00:18<00:05, 82.24it/s]Sampling step:  79%|███████▊  | 1574/2000 [00:19<00:05, 82.34it/s]Sampling step:  79%|███████▉  | 1583/2000 [00:19<00:05, 82.41it/s]Sampling step:  80%|███████▉  | 1592/2000 [00:19<00:04, 82.56it/s]Sampling step:  80%|████████  | 1601/2000 [00:19<00:04, 82.67it/s]Sampling step:  80%|████████  | 1610/2000 [00:19<00:04, 82.69it/s]Sampling step:  81%|████████  | 1619/2000 [00:19<00:04, 82.66it/s]Sampling step:  81%|████████▏ | 1628/2000 [00:19<00:04, 82.68it/s]Sampling step:  82%|████████▏ | 1637/2000 [00:19<00:04, 82.68it/s]Sampling step:  82%|████████▏ | 1646/2000 [00:19<00:04, 82.69it/s]Sampling step:  83%|████████▎ | 1655/2000 [00:19<00:04, 82.79it/s]Sampling step:  83%|████████▎ | 1664/2000 [00:20<00:04, 82.74it/s]Sampling step:  84%|████████▎ | 1673/2000 [00:20<00:03, 82.84it/s]Sampling step:  84%|████████▍ | 1682/2000 [00:20<00:03, 82.81it/s]Sampling step:  85%|████████▍ | 1691/2000 [00:20<00:03, 82.82it/s]Sampling step:  85%|████████▌ | 1700/2000 [00:20<00:03, 82.72it/s]Sampling step:  85%|████████▌ | 1709/2000 [00:20<00:03, 82.74it/s]Sampling step:  86%|████████▌ | 1718/2000 [00:20<00:03, 82.84it/s]Sampling step:  86%|████████▋ | 1727/2000 [00:20<00:03, 82.55it/s]Sampling step:  87%|████████▋ | 1736/2000 [00:20<00:03, 82.55it/s]Sampling step:  87%|████████▋ | 1745/2000 [00:21<00:03, 82.58it/s]Sampling step:  88%|████████▊ | 1754/2000 [00:21<00:02, 82.72it/s]Sampling step:  88%|████████▊ | 1763/2000 [00:21<00:02, 82.80it/s]Sampling step:  89%|████████▊ | 1772/2000 [00:21<00:02, 82.82it/s]Sampling step:  89%|████████▉ | 1781/2000 [00:21<00:02, 82.72it/s]Sampling step:  90%|████████▉ | 1790/2000 [00:21<00:02, 82.79it/s]Sampling step:  90%|████████▉ | 1799/2000 [00:21<00:02, 82.95it/s]Sampling step:  90%|█████████ | 1808/2000 [00:21<00:02, 82.90it/s]Sampling step:  91%|█████████ | 1817/2000 [00:21<00:02, 82.77it/s]Sampling step:  91%|█████████▏| 1826/2000 [00:22<00:02, 82.85it/s]Sampling step:  92%|█████████▏| 1835/2000 [00:22<00:01, 82.82it/s]Sampling step:  92%|█████████▏| 1844/2000 [00:22<00:01, 82.82it/s]Sampling step:  93%|█████████▎| 1853/2000 [00:22<00:01, 82.92it/s]Sampling step:  93%|█████████▎| 1862/2000 [00:22<00:01, 82.85it/s]Sampling step:  94%|█████████▎| 1871/2000 [00:22<00:01, 82.87it/s]Sampling step:  94%|█████████▍| 1880/2000 [00:22<00:01, 82.97it/s]Sampling step:  94%|█████████▍| 1889/2000 [00:22<00:01, 82.92it/s]Sampling step:  95%|█████████▍| 1898/2000 [00:22<00:01, 82.68it/s]Sampling step:  95%|█████████▌| 1907/2000 [00:23<00:01, 82.55it/s]Sampling step:  96%|█████████▌| 1916/2000 [00:23<00:01, 82.82it/s]Sampling step:  96%|█████████▋| 1925/2000 [00:23<00:00, 82.97it/s]Sampling step:  97%|█████████▋| 1934/2000 [00:23<00:00, 83.14it/s]Sampling step:  97%|█████████▋| 1943/2000 [00:23<00:00, 82.91it/s]Sampling step:  98%|█████████▊| 1952/2000 [00:23<00:00, 82.88it/s]Sampling step:  98%|█████████▊| 1961/2000 [00:23<00:00, 82.85it/s]Sampling step:  98%|█████████▊| 1970/2000 [00:23<00:00, 82.84it/s]Sampling step:  99%|█████████▉| 1979/2000 [00:23<00:00, 82.97it/s]Sampling step:  99%|█████████▉| 1988/2000 [00:24<00:00, 82.88it/s]Sampling step: 100%|█████████▉| 1997/2000 [00:24<00:00, 82.97it/s]Sampling step: 100%|██████████| 2000/2000 [00:24<00:00, 82.77it/s]
  [28/40] 0091: diffusion error  2.74 mm | non-rigid residual  0.61 mm
Sampling step:   0%|          | 0/2000 [00:00<?, ?it/s]Sampling step:   0%|          | 8/2000 [00:00<00:26, 74.85it/s]Sampling step:   1%|          | 17/2000 [00:00<00:24, 79.45it/s]Sampling step:   1%|▏         | 26/2000 [00:00<00:24, 81.05it/s]Sampling step:   2%|▏         | 35/2000 [00:00<00:24, 81.62it/s]Sampling step:   2%|▏         | 44/2000 [00:00<00:23, 82.25it/s]Sampling step:   3%|▎         | 53/2000 [00:00<00:23, 82.35it/s]Sampling step:   3%|▎         | 62/2000 [00:00<00:23, 82.54it/s]Sampling step:   4%|▎         | 71/2000 [00:00<00:23, 82.68it/s]Sampling step:   4%|▍         | 80/2000 [00:00<00:23, 82.60it/s]Sampling step:   4%|▍         | 89/2000 [00:01<00:23, 82.56it/s]Sampling step:   5%|▍         | 98/2000 [00:01<00:23, 82.65it/s]Sampling step:   5%|▌         | 107/2000 [00:01<00:22, 82.49it/s]Sampling step:   6%|▌         | 116/2000 [00:01<00:22, 82.57it/s]Sampling step:   6%|▋         | 125/2000 [00:01<00:22, 82.62it/s]Sampling step:   7%|▋         | 134/2000 [00:01<00:22, 82.66it/s]Sampling step:   7%|▋         | 143/2000 [00:01<00:22, 82.74it/s]Sampling step:   8%|▊         | 152/2000 [00:01<00:22, 82.90it/s]Sampling step:   8%|▊         | 161/2000 [00:01<00:22, 82.80it/s]Sampling step:   8%|▊         | 170/2000 [00:02<00:22, 82.72it/s]Sampling step:   9%|▉         | 179/2000 [00:02<00:21, 82.89it/s]Sampling step:   9%|▉         | 188/2000 [00:02<00:21, 82.71it/s]Sampling step:  10%|▉         | 197/2000 [00:02<00:21, 82.75it/s]Sampling step:  10%|█         | 206/2000 [00:02<00:21, 82.64it/s]Sampling step:  11%|█         | 215/2000 [00:02<00:21, 82.76it/s]Sampling step:  11%|█         | 224/2000 [00:02<00:21, 82.80it/s]Sampling step:  12%|█▏        | 233/2000 [00:02<00:21, 82.95it/s]Sampling step:  12%|█▏        | 242/2000 [00:02<00:21, 82.94it/s]Sampling step:  13%|█▎        | 251/2000 [00:03<00:21, 82.95it/s]Sampling step:  13%|█▎        | 260/2000 [00:03<00:21, 82.71it/s]Sampling step:  13%|█▎        | 269/2000 [00:03<00:20, 82.63it/s]Sampling step:  14%|█▍        | 278/2000 [00:03<00:20, 82.62it/s]Sampling step:  14%|█▍        | 287/2000 [00:03<00:20, 82.58it/s]Sampling step:  15%|█▍        | 296/2000 [00:03<00:20, 82.69it/s]Sampling step:  15%|█▌        | 305/2000 [00:03<00:20, 82.69it/s]Sampling step:  16%|█▌        | 314/2000 [00:03<00:20, 82.71it/s]Sampling step:  16%|█▌        | 323/2000 [00:03<00:20, 82.63it/s]Sampling step:  17%|█▋        | 332/2000 [00:04<00:20, 82.80it/s]Sampling step:  17%|█▋        | 341/2000 [00:04<00:20, 82.86it/s]Sampling step:  18%|█▊        | 350/2000 [00:04<00:19, 82.88it/s]Sampling step:  18%|█▊        | 359/2000 [00:04<00:19, 82.79it/s]Sampling step:  18%|█▊        | 368/2000 [00:04<00:19, 82.68it/s]Sampling step:  19%|█▉        | 377/2000 [00:04<00:19, 82.60it/s]Sampling step:  19%|█▉        | 386/2000 [00:04<00:19, 82.66it/s]Sampling step:  20%|█▉        | 395/2000 [00:04<00:19, 82.74it/s]Sampling step:  20%|██        | 404/2000 [00:04<00:19, 82.70it/s]Sampling step:  21%|██        | 413/2000 [00:05<00:19, 82.71it/s]Sampling step:  21%|██        | 422/2000 [00:05<00:19, 82.61it/s]Sampling step:  22%|██▏       | 431/2000 [00:05<00:18, 82.67it/s]Sampling step:  22%|██▏       | 440/2000 [00:05<00:18, 82.45it/s]Sampling step:  22%|██▏       | 449/2000 [00:05<00:18, 82.43it/s]Sampling step:  23%|██▎       | 458/2000 [00:05<00:18, 82.65it/s]Sampling step:  23%|██▎       | 467/2000 [00:05<00:18, 82.87it/s]Sampling step:  24%|██▍       | 476/2000 [00:05<00:18, 82.89it/s]Sampling step:  24%|██▍       | 485/2000 [00:05<00:18, 82.84it/s]Sampling step:  25%|██▍       | 494/2000 [00:05<00:18, 82.78it/s]Sampling step:  25%|██▌       | 503/2000 [00:06<00:18, 82.66it/s]Sampling step:  26%|██▌       | 512/2000 [00:06<00:17, 82.70it/s]Sampling step:  26%|██▌       | 521/2000 [00:06<00:17, 82.68it/s]Sampling step:  26%|██▋       | 530/2000 [00:06<00:17, 82.76it/s]Sampling step:  27%|██▋       | 539/2000 [00:06<00:17, 82.87it/s]Sampling step:  27%|██▋       | 548/2000 [00:06<00:17, 82.85it/s]Sampling step:  28%|██▊       | 557/2000 [00:06<00:17, 82.84it/s]Sampling step:  28%|██▊       | 566/2000 [00:06<00:17, 82.80it/s]Sampling step:  29%|██▉       | 575/2000 [00:06<00:17, 82.69it/s]Sampling step:  29%|██▉       | 584/2000 [00:07<00:17, 82.71it/s]Sampling step:  30%|██▉       | 593/2000 [00:07<00:16, 82.85it/s]Sampling step:  30%|███       | 602/2000 [00:07<00:16, 82.77it/s]Sampling step:  31%|███       | 611/2000 [00:07<00:16, 82.70it/s]Sampling step:  31%|███       | 620/2000 [00:07<00:16, 82.47it/s]Sampling step:  31%|███▏      | 629/2000 [00:07<00:16, 82.57it/s]Sampling step:  32%|███▏      | 638/2000 [00:07<00:16, 82.60it/s]Sampling step:  32%|███▏      | 647/2000 [00:07<00:16, 82.54it/s]Sampling step:  33%|███▎      | 656/2000 [00:07<00:16, 82.54it/s]Sampling step:  33%|███▎      | 665/2000 [00:08<00:16, 82.59it/s]Sampling step:  34%|███▎      | 674/2000 [00:08<00:16, 82.62it/s]Sampling step:  34%|███▍      | 683/2000 [00:08<00:15, 82.56it/s]Sampling step:  35%|███▍      | 692/2000 [00:08<00:15, 82.63it/s]Sampling step:  35%|███▌      | 701/2000 [00:08<00:15, 82.61it/s]Sampling step:  36%|███▌      | 710/2000 [00:08<00:15, 82.60it/s]Sampling step:  36%|███▌      | 719/2000 [00:08<00:15, 82.57it/s]Sampling step:  36%|███▋      | 728/2000 [00:08<00:15, 82.66it/s]Sampling step:  37%|███▋      | 737/2000 [00:08<00:15, 82.71it/s]Sampling step:  37%|███▋      | 746/2000 [00:09<00:15, 82.70it/s]Sampling step:  38%|███▊      | 755/2000 [00:09<00:15, 82.69it/s]Sampling step:  38%|███▊      | 764/2000 [00:09<00:14, 82.67it/s]Sampling step:  39%|███▊      | 773/2000 [00:09<00:14, 82.60it/s]Sampling step:  39%|███▉      | 782/2000 [00:09<00:14, 82.42it/s]Sampling step:  40%|███▉      | 791/2000 [00:09<00:14, 82.51it/s]Sampling step:  40%|████      | 800/2000 [00:09<00:14, 82.84it/s]Sampling step:  40%|████      | 809/2000 [00:09<00:14, 83.10it/s]Sampling step:  41%|████      | 818/2000 [00:09<00:14, 83.04it/s]Sampling step:  41%|████▏     | 827/2000 [00:10<00:14, 83.07it/s]Sampling step:  42%|████▏     | 836/2000 [00:10<00:14, 83.05it/s]Sampling step:  42%|████▏     | 845/2000 [00:10<00:13, 82.94it/s]Sampling step:  43%|████▎     | 854/2000 [00:10<00:13, 82.93it/s]Sampling step:  43%|████▎     | 863/2000 [00:10<00:13, 82.90it/s]Sampling step:  44%|████▎     | 872/2000 [00:10<00:13, 82.91it/s]Sampling step:  44%|████▍     | 881/2000 [00:10<00:13, 82.83it/s]Sampling step:  44%|████▍     | 890/2000 [00:10<00:13, 82.77it/s]Sampling step:  45%|████▍     | 899/2000 [00:10<00:13, 82.70it/s]Sampling step:  45%|████▌     | 908/2000 [00:10<00:13, 82.69it/s]Sampling step:  46%|████▌     | 917/2000 [00:11<00:13, 82.83it/s]Sampling step:  46%|████▋     | 926/2000 [00:11<00:12, 82.73it/s]Sampling step:  47%|████▋     | 935/2000 [00:11<00:12, 82.74it/s]Sampling step:  47%|████▋     | 944/2000 [00:11<00:12, 82.71it/s]Sampling step:  48%|████▊     | 953/2000 [00:11<00:12, 82.75it/s]Sampling step:  48%|████▊     | 962/2000 [00:11<00:12, 82.83it/s]Sampling step:  49%|████▊     | 971/2000 [00:11<00:12, 82.62it/s]Sampling step:  49%|████▉     | 980/2000 [00:11<00:12, 82.62it/s]Sampling step:  49%|████▉     | 989/2000 [00:11<00:12, 82.50it/s]Sampling step:  50%|████▉     | 998/2000 [00:12<00:12, 82.64it/s]Sampling step:  50%|█████     | 1007/2000 [00:12<00:11, 82.75it/s]Sampling step:  51%|█████     | 1016/2000 [00:12<00:11, 82.84it/s]Sampling step:  51%|█████▏    | 1025/2000 [00:12<00:11, 82.81it/s]Sampling step:  52%|█████▏    | 1034/2000 [00:12<00:11, 82.92it/s]Sampling step:  52%|█████▏    | 1043/2000 [00:12<00:11, 83.03it/s]Sampling step:  53%|█████▎    | 1052/2000 [00:12<00:11, 83.05it/s]Sampling step:  53%|█████▎    | 1061/2000 [00:12<00:11, 83.07it/s]Sampling step:  54%|█████▎    | 1070/2000 [00:12<00:11, 83.01it/s]Sampling step:  54%|█████▍    | 1079/2000 [00:13<00:11, 83.16it/s]Sampling step:  54%|█████▍    | 1088/2000 [00:13<00:10, 83.10it/s]Sampling step:  55%|█████▍    | 1097/2000 [00:13<00:10, 83.16it/s]Sampling step:  55%|█████▌    | 1106/2000 [00:13<00:10, 83.04it/s]Sampling step:  56%|█████▌    | 1115/2000 [00:13<00:10, 82.99it/s]Sampling step:  56%|█████▌    | 1124/2000 [00:13<00:10, 83.17it/s]Sampling step:  57%|█████▋    | 1133/2000 [00:13<00:10, 83.05it/s]Sampling step:  57%|█████▋    | 1142/2000 [00:13<00:10, 82.81it/s]Sampling step:  58%|█████▊    | 1151/2000 [00:13<00:10, 82.76it/s]Sampling step:  58%|█████▊    | 1160/2000 [00:14<00:10, 82.76it/s]Sampling step:  58%|█████▊    | 1169/2000 [00:14<00:10, 82.82it/s]Sampling step:  59%|█████▉    | 1178/2000 [00:14<00:09, 82.93it/s]Sampling step:  59%|█████▉    | 1187/2000 [00:14<00:09, 82.94it/s]Sampling step:  60%|█████▉    | 1196/2000 [00:14<00:09, 82.83it/s]Sampling step:  60%|██████    | 1205/2000 [00:14<00:09, 82.97it/s]Sampling step:  61%|██████    | 1214/2000 [00:14<00:09, 83.08it/s]Sampling step:  61%|██████    | 1223/2000 [00:14<00:09, 83.00it/s]Sampling step:  62%|██████▏   | 1232/2000 [00:14<00:09, 82.85it/s]Sampling step:  62%|██████▏   | 1241/2000 [00:15<00:09, 82.73it/s]Sampling step:  62%|██████▎   | 1250/2000 [00:15<00:09, 82.71it/s]Sampling step:  63%|██████▎   | 1259/2000 [00:15<00:08, 82.74it/s]Sampling step:  63%|██████▎   | 1268/2000 [00:15<00:08, 82.81it/s]Sampling step:  64%|██████▍   | 1277/2000 [00:15<00:08, 82.85it/s]Sampling step:  64%|██████▍   | 1286/2000 [00:15<00:08, 82.94it/s]Sampling step:  65%|██████▍   | 1295/2000 [00:15<00:08, 83.05it/s]Sampling step:  65%|██████▌   | 1304/2000 [00:15<00:08, 83.20it/s]Sampling step:  66%|██████▌   | 1313/2000 [00:15<00:08, 83.19it/s]Sampling step:  66%|██████▌   | 1322/2000 [00:15<00:08, 82.99it/s]Sampling step:  67%|██████▋   | 1331/2000 [00:16<00:08, 83.12it/s]Sampling step:  67%|██████▋   | 1340/2000 [00:16<00:07, 83.10it/s]Sampling step:  67%|██████▋   | 1349/2000 [00:16<00:07, 83.04it/s]Sampling step:  68%|██████▊   | 1358/2000 [00:16<00:07, 83.07it/s]Sampling step:  68%|██████▊   | 1367/2000 [00:16<00:07, 83.08it/s]Sampling step:  69%|██████▉   | 1376/2000 [00:16<00:07, 83.01it/s]Sampling step:  69%|██████▉   | 1385/2000 [00:16<00:07, 82.96it/s]Sampling step:  70%|██████▉   | 1394/2000 [00:16<00:07, 82.99it/s]Sampling step:  70%|███████   | 1403/2000 [00:16<00:07, 82.91it/s]Sampling step:  71%|███████   | 1412/2000 [00:17<00:07, 83.16it/s]Sampling step:  71%|███████   | 1421/2000 [00:17<00:06, 83.20it/s]Sampling step:  72%|███████▏  | 1430/2000 [00:17<00:06, 83.24it/s]Sampling step:  72%|███████▏  | 1439/2000 [00:17<00:06, 83.08it/s]Sampling step:  72%|███████▏  | 1448/2000 [00:17<00:06, 83.19it/s]Sampling step:  73%|███████▎  | 1457/2000 [00:17<00:06, 83.04it/s]Sampling step:  73%|███████▎  | 1466/2000 [00:17<00:06, 83.10it/s]Sampling step:  74%|███████▍  | 1475/2000 [00:17<00:06, 83.04it/s]Sampling step:  74%|███████▍  | 1484/2000 [00:17<00:06, 82.94it/s]Sampling step:  75%|███████▍  | 1493/2000 [00:18<00:06, 82.95it/s]Sampling step:  75%|███████▌  | 1502/2000 [00:18<00:06, 82.93it/s]Sampling step:  76%|███████▌  | 1511/2000 [00:18<00:05, 82.76it/s]Sampling step:  76%|███████▌  | 1520/2000 [00:18<00:05, 82.73it/s]Sampling step:  76%|███████▋  | 1529/2000 [00:18<00:05, 82.69it/s]Sampling step:  77%|███████▋  | 1538/2000 [00:18<00:05, 82.83it/s]Sampling step:  77%|███████▋  | 1547/2000 [00:18<00:05, 82.88it/s]Sampling step:  78%|███████▊  | 1556/2000 [00:18<00:05, 82.87it/s]Sampling step:  78%|███████▊  | 1565/2000 [00:18<00:05, 82.89it/s]Sampling step:  79%|███████▊  | 1574/2000 [00:19<00:05, 83.00it/s]Sampling step:  79%|███████▉  | 1583/2000 [00:19<00:05, 82.99it/s]Sampling step:  80%|███████▉  | 1592/2000 [00:19<00:04, 83.01it/s]Sampling step:  80%|████████  | 1601/2000 [00:19<00:04, 82.94it/s]Sampling step:  80%|████████  | 1610/2000 [00:19<00:04, 82.77it/s]Sampling step:  81%|████████  | 1619/2000 [00:19<00:04, 82.82it/s]Sampling step:  81%|████████▏ | 1628/2000 [00:19<00:04, 82.81it/s]Sampling step:  82%|████████▏ | 1637/2000 [00:19<00:04, 82.84it/s]Sampling step:  82%|████████▏ | 1646/2000 [00:19<00:04, 82.83it/s]Sampling step:  83%|████████▎ | 1655/2000 [00:19<00:04, 82.79it/s]Sampling step:  83%|████████▎ | 1664/2000 [00:20<00:04, 82.83it/s]Sampling step:  84%|████████▎ | 1673/2000 [00:20<00:03, 82.51it/s]Sampling step:  84%|████████▍ | 1682/2000 [00:20<00:03, 82.55it/s]Sampling step:  85%|████████▍ | 1691/2000 [00:20<00:03, 82.55it/s]Sampling step:  85%|████████▌ | 1700/2000 [00:20<00:03, 82.79it/s]Sampling step:  85%|████████▌ | 1709/2000 [00:20<00:03, 82.94it/s]Sampling step:  86%|████████▌ | 1718/2000 [00:20<00:03, 82.98it/s]Sampling step:  86%|████████▋ | 1727/2000 [00:20<00:03, 83.05it/s]Sampling step:  87%|████████▋ | 1736/2000 [00:20<00:03, 83.08it/s]Sampling step:  87%|████████▋ | 1745/2000 [00:21<00:03, 83.01it/s]Sampling step:  88%|████████▊ | 1754/2000 [00:21<00:02, 83.07it/s]Sampling step:  88%|████████▊ | 1763/2000 [00:21<00:02, 82.96it/s]Sampling step:  89%|████████▊ | 1772/2000 [00:21<00:02, 82.79it/s]Sampling step:  89%|████████▉ | 1781/2000 [00:21<00:02, 82.77it/s]Sampling step:  90%|████████▉ | 1790/2000 [00:21<00:02, 82.75it/s]Sampling step:  90%|████████▉ | 1799/2000 [00:21<00:02, 82.77it/s]Sampling step:  90%|█████████ | 1808/2000 [00:21<00:02, 82.85it/s]Sampling step:  91%|█████████ | 1817/2000 [00:21<00:02, 82.90it/s]Sampling step:  91%|█████████▏| 1826/2000 [00:22<00:02, 82.98it/s]Sampling step:  92%|█████████▏| 1835/2000 [00:22<00:01, 83.12it/s]Sampling step:  92%|█████████▏| 1844/2000 [00:22<00:01, 83.12it/s]Sampling step:  93%|█████████▎| 1853/2000 [00:22<00:01, 82.95it/s]Sampling step:  93%|█████████▎| 1862/2000 [00:22<00:01, 82.78it/s]Sampling step:  94%|█████████▎| 1871/2000 [00:22<00:01, 82.86it/s]Sampling step:  94%|█████████▍| 1880/2000 [00:22<00:01, 82.93it/s]Sampling step:  94%|█████████▍| 1889/2000 [00:22<00:01, 82.91it/s]Sampling step:  95%|█████████▍| 1898/2000 [00:22<00:01, 82.85it/s]Sampling step:  95%|█████████▌| 1907/2000 [00:23<00:01, 82.86it/s]Sampling step:  96%|█████████▌| 1916/2000 [00:23<00:01, 82.82it/s]Sampling step:  96%|█████████▋| 1925/2000 [00:23<00:00, 82.90it/s]Sampling step:  97%|█████████▋| 1934/2000 [00:23<00:00, 82.87it/s]Sampling step:  97%|█████████▋| 1943/2000 [00:23<00:00, 82.92it/s]Sampling step:  98%|█████████▊| 1952/2000 [00:23<00:00, 82.92it/s]Sampling step:  98%|█████████▊| 1961/2000 [00:23<00:00, 83.02it/s]Sampling step:  98%|█████████▊| 1970/2000 [00:23<00:00, 83.00it/s]Sampling step:  99%|█████████▉| 1979/2000 [00:23<00:00, 82.89it/s]Sampling step:  99%|█████████▉| 1988/2000 [00:24<00:00, 82.74it/s]Sampling step: 100%|█████████▉| 1997/2000 [00:24<00:00, 82.79it/s]Sampling step: 100%|██████████| 2000/2000 [00:24<00:00, 82.79it/s]
  [29/40] 0097: diffusion error  3.72 mm | non-rigid residual  0.75 mm
Sampling step:   0%|          | 0/2000 [00:00<?, ?it/s]Sampling step:   0%|          | 8/2000 [00:00<00:26, 74.70it/s]Sampling step:   1%|          | 17/2000 [00:00<00:24, 79.62it/s]Sampling step:   1%|▏         | 26/2000 [00:00<00:24, 80.92it/s]Sampling step:   2%|▏         | 35/2000 [00:00<00:24, 81.52it/s]Sampling step:   2%|▏         | 44/2000 [00:00<00:23, 82.13it/s]Sampling step:   3%|▎         | 53/2000 [00:00<00:23, 82.34it/s]Sampling step:   3%|▎         | 62/2000 [00:00<00:23, 82.43it/s]Sampling step:   4%|▎         | 71/2000 [00:00<00:23, 82.39it/s]Sampling step:   4%|▍         | 80/2000 [00:00<00:23, 82.42it/s]Sampling step:   4%|▍         | 89/2000 [00:01<00:23, 82.65it/s]Sampling step:   5%|▍         | 98/2000 [00:01<00:22, 82.70it/s]Sampling step:   5%|▌         | 107/2000 [00:01<00:22, 82.67it/s]Sampling step:   6%|▌         | 116/2000 [00:01<00:22, 82.74it/s]Sampling step:   6%|▋         | 125/2000 [00:01<00:22, 82.77it/s]Sampling step:   7%|▋         | 134/2000 [00:01<00:22, 82.73it/s]Sampling step:   7%|▋         | 143/2000 [00:01<00:22, 82.68it/s]Sampling step:   8%|▊         | 152/2000 [00:01<00:22, 82.67it/s]Sampling step:   8%|▊         | 161/2000 [00:01<00:22, 82.62it/s]Sampling step:   8%|▊         | 170/2000 [00:02<00:22, 82.65it/s]Sampling step:   9%|▉         | 179/2000 [00:02<00:22, 82.73it/s]Sampling step:   9%|▉         | 188/2000 [00:02<00:21, 82.62it/s]Sampling step:  10%|▉         | 197/2000 [00:02<00:21, 82.78it/s]Sampling step:  10%|█         | 206/2000 [00:02<00:21, 82.72it/s]Sampling step:  11%|█         | 215/2000 [00:02<00:21, 82.78it/s]Sampling step:  11%|█         | 224/2000 [00:02<00:21, 82.74it/s]Sampling step:  12%|█▏        | 233/2000 [00:02<00:21, 82.58it/s]Sampling step:  12%|█▏        | 242/2000 [00:02<00:21, 82.63it/s]Sampling step:  13%|█▎        | 251/2000 [00:03<00:21, 82.77it/s]Sampling step:  13%|█▎        | 260/2000 [00:03<00:20, 82.86it/s]Sampling step:  13%|█▎        | 269/2000 [00:03<00:20, 82.94it/s]Sampling step:  14%|█▍        | 278/2000 [00:03<00:20, 82.80it/s]Sampling step:  14%|█▍        | 287/2000 [00:03<00:20, 82.65it/s]Sampling step:  15%|█▍        | 296/2000 [00:03<00:20, 82.63it/s]Sampling step:  15%|█▌        | 305/2000 [00:03<00:20, 82.76it/s]Sampling step:  16%|█▌        | 314/2000 [00:03<00:20, 82.52it/s]Sampling step:  16%|█▌        | 323/2000 [00:03<00:20, 82.73it/s]Sampling step:  17%|█▋        | 332/2000 [00:04<00:20, 82.92it/s]Sampling step:  17%|█▋        | 341/2000 [00:04<00:20, 82.94it/s]Sampling step:  18%|█▊        | 350/2000 [00:04<00:19, 82.93it/s]Sampling step:  18%|█▊        | 359/2000 [00:04<00:19, 82.92it/s]Sampling step:  18%|█▊        | 368/2000 [00:04<00:19, 82.97it/s]Sampling step:  19%|█▉        | 377/2000 [00:04<00:19, 82.93it/s]Sampling step:  19%|█▉        | 386/2000 [00:04<00:19, 82.90it/s]Sampling step:  20%|█▉        | 395/2000 [00:04<00:19, 82.83it/s]Sampling step:  20%|██        | 404/2000 [00:04<00:19, 82.80it/s]Sampling step:  21%|██        | 413/2000 [00:05<00:19, 82.84it/s]Sampling step:  21%|██        | 422/2000 [00:05<00:19, 82.93it/s]Sampling step:  22%|██▏       | 431/2000 [00:05<00:18, 83.06it/s]Sampling step:  22%|██▏       | 440/2000 [00:05<00:18, 83.04it/s]Sampling step:  22%|██▏       | 449/2000 [00:05<00:18, 83.03it/s]Sampling step:  23%|██▎       | 458/2000 [00:05<00:18, 83.06it/s]Sampling step:  23%|██▎       | 467/2000 [00:05<00:18, 82.90it/s]Sampling step:  24%|██▍       | 476/2000 [00:05<00:18, 82.86it/s]Sampling step:  24%|██▍       | 485/2000 [00:05<00:18, 82.83it/s]Sampling step:  25%|██▍       | 494/2000 [00:05<00:18, 82.82it/s]Sampling step:  25%|██▌       | 503/2000 [00:06<00:18, 82.89it/s]Sampling step:  26%|██▌       | 512/2000 [00:06<00:17, 83.02it/s]Sampling step:  26%|██▌       | 521/2000 [00:06<00:17, 82.89it/s]Sampling step:  26%|██▋       | 530/2000 [00:06<00:17, 82.99it/s]Sampling step:  27%|██▋       | 539/2000 [00:06<00:17, 83.21it/s]Sampling step:  27%|██▋       | 548/2000 [00:06<00:17, 83.18it/s]Sampling step:  28%|██▊       | 557/2000 [00:06<00:17, 82.70it/s]Sampling step:  28%|██▊       | 566/2000 [00:06<00:17, 82.58it/s]Sampling step:  29%|██▉       | 575/2000 [00:06<00:17, 82.69it/s]Sampling step:  29%|██▉       | 584/2000 [00:07<00:17, 82.79it/s]Sampling step:  30%|██▉       | 593/2000 [00:07<00:16, 82.86it/s]Sampling step:  30%|███       | 602/2000 [00:07<00:16, 82.78it/s]Sampling step:  31%|███       | 611/2000 [00:07<00:16, 82.69it/s]Sampling step:  31%|███       | 620/2000 [00:07<00:16, 82.76it/s]Sampling step:  31%|███▏      | 629/2000 [00:07<00:16, 82.90it/s]Sampling step:  32%|███▏      | 638/2000 [00:07<00:16, 82.96it/s]Sampling step:  32%|███▏      | 647/2000 [00:07<00:16, 82.88it/s]Sampling step:  33%|███▎      | 656/2000 [00:07<00:16, 82.93it/s]Sampling step:  33%|███▎      | 665/2000 [00:08<00:16, 82.97it/s]Sampling step:  34%|███▎      | 674/2000 [00:08<00:15, 83.20it/s]Sampling step:  34%|███▍      | 683/2000 [00:08<00:15, 83.13it/s]Sampling step:  35%|███▍      | 692/2000 [00:08<00:15, 83.15it/s]Sampling step:  35%|███▌      | 701/2000 [00:08<00:15, 83.05it/s]Sampling step:  36%|███▌      | 710/2000 [00:08<00:15, 83.10it/s]Sampling step:  36%|███▌      | 719/2000 [00:08<00:15, 83.11it/s]Sampling step:  36%|███▋      | 728/2000 [00:08<00:15, 82.97it/s]Sampling step:  37%|███▋      | 737/2000 [00:08<00:15, 82.38it/s]Sampling step:  37%|███▋      | 746/2000 [00:09<00:15, 82.40it/s]Sampling step:  38%|███▊      | 755/2000 [00:09<00:15, 82.46it/s]Sampling step:  38%|███▊      | 764/2000 [00:09<00:14, 82.63it/s]Sampling step:  39%|███▊      | 773/2000 [00:09<00:14, 82.69it/s]Sampling step:  39%|███▉      | 782/2000 [00:09<00:14, 82.83it/s]Sampling step:  40%|███▉      | 791/2000 [00:09<00:14, 82.88it/s]Sampling step:  40%|████      | 800/2000 [00:09<00:14, 83.01it/s]Sampling step:  40%|████      | 809/2000 [00:09<00:14, 82.92it/s]Sampling step:  41%|████      | 818/2000 [00:09<00:14, 82.86it/s]Sampling step:  41%|████▏     | 827/2000 [00:09<00:14, 83.01it/s]Sampling step:  42%|████▏     | 836/2000 [00:10<00:14, 82.91it/s]Sampling step:  42%|████▏     | 845/2000 [00:10<00:13, 83.00it/s]Sampling step:  43%|████▎     | 854/2000 [00:10<00:13, 82.81it/s]Sampling step:  43%|████▎     | 863/2000 [00:10<00:13, 82.73it/s]Sampling step:  44%|████▎     | 872/2000 [00:10<00:13, 82.69it/s]Sampling step:  44%|████▍     | 881/2000 [00:10<00:13, 82.73it/s]Sampling step:  44%|████▍     | 890/2000 [00:10<00:13, 82.75it/s]Sampling step:  45%|████▍     | 899/2000 [00:10<00:13, 82.79it/s]Sampling step:  45%|████▌     | 908/2000 [00:10<00:13, 82.65it/s]Sampling step:  46%|████▌     | 917/2000 [00:11<00:13, 82.63it/s]Sampling step:  46%|████▋     | 926/2000 [00:11<00:12, 82.69it/s]Sampling step:  47%|████▋     | 935/2000 [00:11<00:12, 82.66it/s]Sampling step:  47%|████▋     | 944/2000 [00:11<00:12, 82.70it/s]Sampling step:  48%|████▊     | 953/2000 [00:11<00:12, 82.68it/s]Sampling step:  48%|████▊     | 962/2000 [00:11<00:12, 82.72it/s]Sampling step:  49%|████▊     | 971/2000 [00:11<00:12, 82.77it/s]Sampling step:  49%|████▉     | 980/2000 [00:11<00:12, 82.70it/s]Sampling step:  49%|████▉     | 989/2000 [00:11<00:12, 82.83it/s]Sampling step:  50%|████▉     | 998/2000 [00:12<00:12, 82.82it/s]Sampling step:  50%|█████     | 1007/2000 [00:12<00:11, 82.86it/s]Sampling step:  51%|█████     | 1016/2000 [00:12<00:11, 82.79it/s]Sampling step:  51%|█████▏    | 1025/2000 [00:12<00:11, 82.88it/s]Sampling step:  52%|█████▏    | 1034/2000 [00:12<00:11, 82.80it/s]Sampling step:  52%|█████▏    | 1043/2000 [00:12<00:11, 82.73it/s]Sampling step:  53%|█████▎    | 1052/2000 [00:12<00:11, 82.81it/s]Sampling step:  53%|█████▎    | 1061/2000 [00:12<00:11, 82.70it/s]Sampling step:  54%|█████▎    | 1070/2000 [00:12<00:11, 82.80it/s]Sampling step:  54%|█████▍    | 1079/2000 [00:13<00:11, 82.80it/s]Sampling step:  54%|█████▍    | 1088/2000 [00:13<00:11, 82.41it/s]Sampling step:  55%|█████▍    | 1097/2000 [00:13<00:10, 82.48it/s]Sampling step:  55%|█████▌    | 1106/2000 [00:13<00:10, 82.49it/s]Sampling step:  56%|█████▌    | 1115/2000 [00:13<00:10, 82.01it/s]Sampling step:  56%|█████▌    | 1124/2000 [00:13<00:10, 82.33it/s]Sampling step:  57%|█████▋    | 1133/2000 [00:13<00:10, 82.39it/s]Sampling step:  57%|█████▋    | 1142/2000 [00:13<00:10, 82.26it/s]Sampling step:  58%|█████▊    | 1151/2000 [00:13<00:10, 82.40it/s]Sampling step:  58%|█████▊    | 1160/2000 [00:14<00:10, 82.64it/s]Sampling step:  58%|█████▊    | 1169/2000 [00:14<00:10, 82.67it/s]Sampling step:  59%|█████▉    | 1178/2000 [00:14<00:09, 82.66it/s]Sampling step:  59%|█████▉    | 1187/2000 [00:14<00:09, 82.70it/s]Sampling step:  60%|█████▉    | 1196/2000 [00:14<00:09, 82.78it/s]Sampling step:  60%|██████    | 1205/2000 [00:14<00:09, 82.74it/s]Sampling step:  61%|██████    | 1214/2000 [00:14<00:09, 82.67it/s]Sampling step:  61%|██████    | 1223/2000 [00:14<00:09, 82.53it/s]Sampling step:  62%|██████▏   | 1232/2000 [00:14<00:09, 82.55it/s]Sampling step:  62%|██████▏   | 1241/2000 [00:15<00:09, 82.50it/s]Sampling step:  62%|██████▎   | 1250/2000 [00:15<00:09, 82.60it/s]Sampling step:  63%|██████▎   | 1259/2000 [00:15<00:08, 82.60it/s]Sampling step:  63%|██████▎   | 1268/2000 [00:15<00:08, 82.60it/s]Sampling step:  64%|██████▍   | 1277/2000 [00:15<00:08, 82.77it/s]Sampling step:  64%|██████▍   | 1286/2000 [00:15<00:08, 82.65it/s]Sampling step:  65%|██████▍   | 1295/2000 [00:15<00:08, 82.62it/s]Sampling step:  65%|██████▌   | 1304/2000 [00:15<00:08, 82.60it/s]Sampling step:  66%|██████▌   | 1313/2000 [00:15<00:08, 82.53it/s]Sampling step:  66%|██████▌   | 1322/2000 [00:15<00:08, 82.59it/s]Sampling step:  67%|██████▋   | 1331/2000 [00:16<00:08, 82.65it/s]Sampling step:  67%|██████▋   | 1340/2000 [00:16<00:07, 82.73it/s]Sampling step:  67%|██████▋   | 1349/2000 [00:16<00:07, 82.52it/s]Sampling step:  68%|██████▊   | 1358/2000 [00:16<00:07, 82.56it/s]Sampling step:  68%|██████▊   | 1367/2000 [00:16<00:07, 82.67it/s]Sampling step:  69%|██████▉   | 1376/2000 [00:16<00:07, 82.63it/s]Sampling step:  69%|██████▉   | 1385/2000 [00:16<00:07, 82.56it/s]Sampling step:  70%|██████▉   | 1394/2000 [00:16<00:07, 82.45it/s]Sampling step:  70%|███████   | 1403/2000 [00:16<00:07, 82.54it/s]Sampling step:  71%|███████   | 1412/2000 [00:17<00:07, 82.63it/s]Sampling step:  71%|███████   | 1421/2000 [00:17<00:06, 82.75it/s]Sampling step:  72%|███████▏  | 1430/2000 [00:17<00:06, 82.68it/s]Sampling step:  72%|███████▏  | 1439/2000 [00:17<00:06, 82.68it/s]Sampling step:  72%|███████▏  | 1448/2000 [00:17<00:06, 82.57it/s]Sampling step:  73%|███████▎  | 1457/2000 [00:17<00:06, 82.50it/s]Sampling step:  73%|███████▎  | 1466/2000 [00:17<00:06, 82.52it/s]Sampling step:  74%|███████▍  | 1475/2000 [00:17<00:06, 82.41it/s]Sampling step:  74%|███████▍  | 1484/2000 [00:17<00:06, 82.69it/s]Sampling step:  75%|███████▍  | 1493/2000 [00:18<00:06, 82.70it/s]Sampling step:  75%|███████▌  | 1502/2000 [00:18<00:06, 82.72it/s]Sampling step:  76%|███████▌  | 1511/2000 [00:18<00:05, 82.60it/s]Sampling step:  76%|███████▌  | 1520/2000 [00:18<00:05, 82.78it/s]Sampling step:  76%|███████▋  | 1529/2000 [00:18<00:05, 82.91it/s]Sampling step:  77%|███████▋  | 1538/2000 [00:18<00:05, 82.87it/s]Sampling step:  77%|███████▋  | 1547/2000 [00:18<00:05, 82.93it/s]Sampling step:  78%|███████▊  | 1556/2000 [00:18<00:05, 82.73it/s]Sampling step:  78%|███████▊  | 1565/2000 [00:18<00:05, 82.80it/s]Sampling step:  79%|███████▊  | 1574/2000 [00:19<00:05, 82.94it/s]Sampling step:  79%|███████▉  | 1583/2000 [00:19<00:05, 83.03it/s]Sampling step:  80%|███████▉  | 1592/2000 [00:19<00:04, 83.05it/s]Sampling step:  80%|████████  | 1601/2000 [00:19<00:04, 83.04it/s]Sampling step:  80%|████████  | 1610/2000 [00:19<00:04, 82.82it/s]Sampling step:  81%|████████  | 1619/2000 [00:19<00:04, 82.70it/s]Sampling step:  81%|████████▏ | 1628/2000 [00:19<00:04, 82.69it/s]Sampling step:  82%|████████▏ | 1637/2000 [00:19<00:04, 82.58it/s]Sampling step:  82%|████████▏ | 1646/2000 [00:19<00:04, 82.60it/s]Sampling step:  83%|████████▎ | 1655/2000 [00:20<00:04, 82.62it/s]Sampling step:  83%|████████▎ | 1664/2000 [00:20<00:04, 82.79it/s]Sampling step:  84%|████████▎ | 1673/2000 [00:20<00:03, 82.77it/s]Sampling step:  84%|████████▍ | 1682/2000 [00:20<00:03, 82.64it/s]Sampling step:  85%|████████▍ | 1691/2000 [00:20<00:03, 82.68it/s]Sampling step:  85%|████████▌ | 1700/2000 [00:20<00:03, 82.74it/s]Sampling step:  85%|████████▌ | 1709/2000 [00:20<00:03, 82.78it/s]Sampling step:  86%|████████▌ | 1718/2000 [00:20<00:03, 82.70it/s]Sampling step:  86%|████████▋ | 1727/2000 [00:20<00:03, 82.68it/s]Sampling step:  87%|████████▋ | 1736/2000 [00:20<00:03, 82.75it/s]Sampling step:  87%|████████▋ | 1745/2000 [00:21<00:03, 82.72it/s]Sampling step:  88%|████████▊ | 1754/2000 [00:21<00:02, 82.70it/s]Sampling step:  88%|████████▊ | 1763/2000 [00:21<00:02, 82.66it/s]Sampling step:  89%|████████▊ | 1772/2000 [00:21<00:02, 82.66it/s]Sampling step:  89%|████████▉ | 1781/2000 [00:21<00:02, 82.74it/s]Sampling step:  90%|████████▉ | 1790/2000 [00:21<00:02, 82.37it/s]Sampling step:  90%|████████▉ | 1799/2000 [00:21<00:02, 82.55it/s]Sampling step:  90%|█████████ | 1808/2000 [00:21<00:02, 82.57it/s]Sampling step:  91%|█████████ | 1817/2000 [00:21<00:02, 82.50it/s]Sampling step:  91%|█████████▏| 1826/2000 [00:22<00:02, 82.50it/s]Sampling step:  92%|█████████▏| 1835/2000 [00:22<00:01, 82.63it/s]Sampling step:  92%|█████████▏| 1844/2000 [00:22<00:01, 82.59it/s]Sampling step:  93%|█████████▎| 1853/2000 [00:22<00:01, 82.79it/s]Sampling step:  93%|█████████▎| 1862/2000 [00:22<00:01, 82.79it/s]Sampling step:  94%|█████████▎| 1871/2000 [00:22<00:01, 82.85it/s]Sampling step:  94%|█████████▍| 1880/2000 [00:22<00:01, 82.84it/s]Sampling step:  94%|█████████▍| 1889/2000 [00:22<00:01, 82.72it/s]Sampling step:  95%|█████████▍| 1898/2000 [00:22<00:01, 82.64it/s]Sampling step:  95%|█████████▌| 1907/2000 [00:23<00:01, 82.71it/s]Sampling step:  96%|█████████▌| 1916/2000 [00:23<00:01, 82.83it/s]Sampling step:  96%|█████████▋| 1925/2000 [00:23<00:00, 82.79it/s]Sampling step:  97%|█████████▋| 1934/2000 [00:23<00:00, 82.71it/s]Sampling step:  97%|█████████▋| 1943/2000 [00:23<00:00, 82.67it/s]Sampling step:  98%|█████████▊| 1952/2000 [00:23<00:00, 82.79it/s]Sampling step:  98%|█████████▊| 1961/2000 [00:23<00:00, 82.74it/s]Sampling step:  98%|█████████▊| 1970/2000 [00:23<00:00, 82.47it/s]Sampling step:  99%|█████████▉| 1979/2000 [00:23<00:00, 82.60it/s]Sampling step:  99%|█████████▉| 1988/2000 [00:24<00:00, 82.73it/s]Sampling step: 100%|█████████▉| 1997/2000 [00:24<00:00, 82.78it/s]Sampling step: 100%|██████████| 2000/2000 [00:24<00:00, 82.70it/s]
  [30/40] 0098: diffusion error  3.17 mm | non-rigid residual  0.84 mm
Sampling step:   0%|          | 0/2000 [00:00<?, ?it/s]Sampling step:   0%|          | 8/2000 [00:00<00:27, 73.56it/s]Sampling step:   1%|          | 17/2000 [00:00<00:25, 79.12it/s]Sampling step:   1%|▏         | 26/2000 [00:00<00:24, 80.61it/s]Sampling step:   2%|▏         | 35/2000 [00:00<00:24, 81.58it/s]Sampling step:   2%|▏         | 44/2000 [00:00<00:23, 82.07it/s]Sampling step:   3%|▎         | 53/2000 [00:00<00:23, 82.25it/s]Sampling step:   3%|▎         | 62/2000 [00:00<00:23, 82.59it/s]Sampling step:   4%|▎         | 71/2000 [00:00<00:23, 82.68it/s]Sampling step:   4%|▍         | 80/2000 [00:00<00:23, 82.80it/s]Sampling step:   4%|▍         | 89/2000 [00:01<00:23, 82.96it/s]Sampling step:   5%|▍         | 98/2000 [00:01<00:22, 82.99it/s]Sampling step:   5%|▌         | 107/2000 [00:01<00:22, 83.11it/s]Sampling step:   6%|▌         | 116/2000 [00:01<00:22, 83.06it/s]Sampling step:   6%|▋         | 125/2000 [00:01<00:22, 83.17it/s]Sampling step:   7%|▋         | 134/2000 [00:01<00:22, 83.10it/s]Sampling step:   7%|▋         | 143/2000 [00:01<00:22, 83.11it/s]Sampling step:   8%|▊         | 152/2000 [00:01<00:22, 83.16it/s]Sampling step:   8%|▊         | 161/2000 [00:01<00:22, 83.24it/s]Sampling step:   8%|▊         | 170/2000 [00:02<00:21, 83.27it/s]Sampling step:   9%|▉         | 179/2000 [00:02<00:21, 83.13it/s]Sampling step:   9%|▉         | 188/2000 [00:02<00:21, 83.01it/s]Sampling step:  10%|▉         | 197/2000 [00:02<00:21, 83.03it/s]Sampling step:  10%|█         | 206/2000 [00:02<00:21, 82.94it/s]Sampling step:  11%|█         | 215/2000 [00:02<00:21, 82.78it/s]Sampling step:  11%|█         | 224/2000 [00:02<00:21, 82.87it/s]Sampling step:  12%|█▏        | 233/2000 [00:02<00:21, 82.92it/s]Sampling step:  12%|█▏        | 242/2000 [00:02<00:21, 82.97it/s]Sampling step:  13%|█▎        | 251/2000 [00:03<00:21, 83.13it/s]Sampling step:  13%|█▎        | 260/2000 [00:03<00:20, 83.00it/s]Sampling step:  13%|█▎        | 269/2000 [00:03<00:20, 83.12it/s]Sampling step:  14%|█▍        | 278/2000 [00:03<00:20, 83.04it/s]Sampling step:  14%|█▍        | 287/2000 [00:03<00:20, 83.03it/s]Sampling step:  15%|█▍        | 296/2000 [00:03<00:20, 82.85it/s]Sampling step:  15%|█▌        | 305/2000 [00:03<00:20, 82.83it/s]Sampling step:  16%|█▌        | 314/2000 [00:03<00:20, 82.89it/s]Sampling step:  16%|█▌        | 323/2000 [00:03<00:20, 82.96it/s]Sampling step:  17%|█▋        | 332/2000 [00:04<00:20, 82.95it/s]Sampling step:  17%|█▋        | 341/2000 [00:04<00:20, 82.86it/s]Sampling step:  18%|█▊        | 350/2000 [00:04<00:19, 82.96it/s]Sampling step:  18%|█▊        | 359/2000 [00:04<00:19, 82.75it/s]Sampling step:  18%|█▊        | 368/2000 [00:04<00:19, 82.67it/s]Sampling step:  19%|█▉        | 377/2000 [00:04<00:19, 82.75it/s]Sampling step:  19%|█▉        | 386/2000 [00:04<00:19, 82.49it/s]Sampling step:  20%|█▉        | 395/2000 [00:04<00:19, 82.73it/s]Sampling step:  20%|██        | 404/2000 [00:04<00:19, 82.77it/s]Sampling step:  21%|██        | 413/2000 [00:04<00:19, 82.84it/s]Sampling step:  21%|██        | 422/2000 [00:05<00:19, 82.67it/s]Sampling step:  22%|██▏       | 431/2000 [00:05<00:18, 82.74it/s]Sampling step:  22%|██▏       | 440/2000 [00:05<00:18, 82.84it/s]Sampling step:  22%|██▏       | 449/2000 [00:05<00:18, 83.05it/s]Sampling step:  23%|██▎       | 458/2000 [00:05<00:18, 83.01it/s]Sampling step:  23%|██▎       | 467/2000 [00:05<00:18, 82.80it/s]Sampling step:  24%|██▍       | 476/2000 [00:05<00:18, 82.77it/s]Sampling step:  24%|██▍       | 485/2000 [00:05<00:18, 82.86it/s]Sampling step:  25%|██▍       | 494/2000 [00:05<00:18, 82.93it/s]Sampling step:  25%|██▌       | 503/2000 [00:06<00:18, 82.92it/s]Sampling step:  26%|██▌       | 512/2000 [00:06<00:17, 82.91it/s]Sampling step:  26%|██▌       | 521/2000 [00:06<00:17, 82.90it/s]Sampling step:  26%|██▋       | 530/2000 [00:06<00:17, 82.89it/s]Sampling step:  27%|██▋       | 539/2000 [00:06<00:17, 82.69it/s]Sampling step:  27%|██▋       | 548/2000 [00:06<00:17, 82.51it/s]Sampling step:  28%|██▊       | 557/2000 [00:06<00:17, 82.59it/s]Sampling step:  28%|██▊       | 566/2000 [00:06<00:17, 82.75it/s]Sampling step:  29%|██▉       | 575/2000 [00:06<00:17, 82.84it/s]Sampling step:  29%|██▉       | 584/2000 [00:07<00:17, 82.78it/s]Sampling step:  30%|██▉       | 593/2000 [00:07<00:17, 82.76it/s]Sampling step:  30%|███       | 602/2000 [00:07<00:16, 82.81it/s]Sampling step:  31%|███       | 611/2000 [00:07<00:16, 82.95it/s]Sampling step:  31%|███       | 620/2000 [00:07<00:16, 82.93it/s]Sampling step:  31%|███▏      | 629/2000 [00:07<00:16, 82.81it/s]Sampling step:  32%|███▏      | 638/2000 [00:07<00:16, 82.81it/s]Sampling step:  32%|███▏      | 647/2000 [00:07<00:16, 82.89it/s]Sampling step:  33%|███▎      | 656/2000 [00:07<00:16, 82.88it/s]Sampling step:  33%|███▎      | 665/2000 [00:08<00:16, 82.96it/s]Sampling step:  34%|███▎      | 674/2000 [00:08<00:15, 83.02it/s]Sampling step:  34%|███▍      | 683/2000 [00:08<00:15, 83.08it/s]Sampling step:  35%|███▍      | 692/2000 [00:08<00:15, 83.07it/s]Sampling step:  35%|███▌      | 701/2000 [00:08<00:15, 82.94it/s]Sampling step:  36%|███▌      | 710/2000 [00:08<00:15, 82.65it/s]Sampling step:  36%|███▌      | 719/2000 [00:08<00:15, 82.59it/s]Sampling step:  36%|███▋      | 728/2000 [00:08<00:15, 82.68it/s]Sampling step:  37%|███▋      | 737/2000 [00:08<00:15, 82.62it/s]Sampling step:  37%|███▋      | 746/2000 [00:09<00:15, 82.72it/s]Sampling step:  38%|███▊      | 755/2000 [00:09<00:15, 82.72it/s]Sampling step:  38%|███▊      | 764/2000 [00:09<00:14, 82.74it/s]Sampling step:  39%|███▊      | 773/2000 [00:09<00:14, 82.72it/s]Sampling step:  39%|███▉      | 782/2000 [00:09<00:14, 82.74it/s]Sampling step:  40%|███▉      | 791/2000 [00:09<00:14, 82.84it/s]Sampling step:  40%|████      | 800/2000 [00:09<00:14, 82.66it/s]Sampling step:  40%|████      | 809/2000 [00:09<00:14, 82.76it/s]Sampling step:  41%|████      | 818/2000 [00:09<00:14, 82.91it/s]Sampling step:  41%|████▏     | 827/2000 [00:09<00:14, 82.98it/s]Sampling step:  42%|████▏     | 836/2000 [00:10<00:14, 82.93it/s]Sampling step:  42%|████▏     | 845/2000 [00:10<00:13, 82.95it/s]Sampling step:  43%|████▎     | 854/2000 [00:10<00:13, 83.03it/s]Sampling step:  43%|████▎     | 863/2000 [00:10<00:13, 83.08it/s]Sampling step:  44%|████▎     | 872/2000 [00:10<00:13, 83.07it/s]Sampling step:  44%|████▍     | 881/2000 [00:10<00:13, 83.00it/s]Sampling step:  44%|████▍     | 890/2000 [00:10<00:13, 82.57it/s]Sampling step:  45%|████▍     | 899/2000 [00:10<00:13, 82.53it/s]Sampling step:  45%|████▌     | 908/2000 [00:10<00:13, 82.62it/s]Sampling step:  46%|████▌     | 917/2000 [00:11<00:13, 82.73it/s]Sampling step:  46%|████▋     | 926/2000 [00:11<00:12, 82.64it/s]Sampling step:  47%|████▋     | 935/2000 [00:11<00:12, 82.73it/s]Sampling step:  47%|████▋     | 944/2000 [00:11<00:12, 82.81it/s]Sampling step:  48%|████▊     | 953/2000 [00:11<00:12, 82.72it/s]Sampling step:  48%|████▊     | 962/2000 [00:11<00:12, 82.76it/s]Sampling step:  49%|████▊     | 971/2000 [00:11<00:12, 82.72it/s]Sampling step:  49%|████▉     | 980/2000 [00:11<00:12, 82.84it/s]Sampling step:  49%|████▉     | 989/2000 [00:11<00:12, 82.92it/s]Sampling step:  50%|████▉     | 998/2000 [00:12<00:12, 83.01it/s]Sampling step:  50%|█████     | 1007/2000 [00:12<00:11, 82.99it/s]Sampling step:  51%|█████     | 1016/2000 [00:12<00:11, 83.03it/s]Sampling step:  51%|█████▏    | 1025/2000 [00:12<00:11, 83.08it/s]Sampling step:  52%|█████▏    | 1034/2000 [00:12<00:11, 83.08it/s]Sampling step:  52%|█████▏    | 1043/2000 [00:12<00:11, 82.98it/s]Sampling step:  53%|█████▎    | 1052/2000 [00:12<00:11, 82.96it/s]Sampling step:  53%|█████▎    | 1061/2000 [00:12<00:11, 83.08it/s]Sampling step:  54%|█████▎    | 1070/2000 [00:12<00:11, 82.85it/s]Sampling step:  54%|█████▍    | 1079/2000 [00:13<00:11, 82.95it/s]Sampling step:  54%|█████▍    | 1088/2000 [00:13<00:10, 82.94it/s]Sampling step:  55%|█████▍    | 1097/2000 [00:13<00:10, 82.86it/s]Sampling step:  55%|█████▌    | 1106/2000 [00:13<00:10, 82.88it/s]Sampling step:  56%|█████▌    | 1115/2000 [00:13<00:10, 82.96it/s]Sampling step:  56%|█████▌    | 1124/2000 [00:13<00:10, 82.85it/s]Sampling step:  57%|█████▋    | 1133/2000 [00:13<00:10, 82.68it/s]Sampling step:  57%|█████▋    | 1142/2000 [00:13<00:10, 82.89it/s]Sampling step:  58%|█████▊    | 1151/2000 [00:13<00:10, 82.84it/s]Sampling step:  58%|█████▊    | 1160/2000 [00:14<00:10, 82.93it/s]Sampling step:  58%|█████▊    | 1169/2000 [00:14<00:10, 82.88it/s]Sampling step:  59%|█████▉    | 1178/2000 [00:14<00:09, 82.94it/s]Sampling step:  59%|█████▉    | 1187/2000 [00:14<00:09, 83.07it/s]Sampling step:  60%|█████▉    | 1196/2000 [00:14<00:09, 83.05it/s]Sampling step:  60%|██████    | 1205/2000 [00:14<00:09, 83.18it/s]Sampling step:  61%|██████    | 1214/2000 [00:14<00:09, 82.95it/s]Sampling step:  61%|██████    | 1223/2000 [00:14<00:09, 82.93it/s]Sampling step:  62%|██████▏   | 1232/2000 [00:14<00:09, 82.99it/s]Sampling step:  62%|██████▏   | 1241/2000 [00:14<00:09, 82.73it/s]Sampling step:  62%|██████▎   | 1250/2000 [00:15<00:09, 82.68it/s]Sampling step:  63%|██████▎   | 1259/2000 [00:15<00:08, 82.85it/s]Sampling step:  63%|██████▎   | 1268/2000 [00:15<00:08, 83.02it/s]Sampling step:  64%|██████▍   | 1277/2000 [00:15<00:08, 82.98it/s]Sampling step:  64%|██████▍   | 1286/2000 [00:15<00:08, 83.07it/s]Sampling step:  65%|██████▍   | 1295/2000 [00:15<00:08, 83.01it/s]Sampling step:  65%|██████▌   | 1304/2000 [00:15<00:08, 82.96it/s]Sampling step:  66%|██████▌   | 1313/2000 [00:15<00:08, 83.01it/s]Sampling step:  66%|██████▌   | 1322/2000 [00:15<00:08, 82.99it/s]Sampling step:  67%|██████▋   | 1331/2000 [00:16<00:08, 82.96it/s]Sampling step:  67%|██████▋   | 1340/2000 [00:16<00:07, 82.97it/s]Sampling step:  67%|██████▋   | 1349/2000 [00:16<00:07, 82.99it/s]Sampling step:  68%|██████▊   | 1358/2000 [00:16<00:07, 83.00it/s]Sampling step:  68%|██████▊   | 1367/2000 [00:16<00:07, 83.03it/s]Sampling step:  69%|██████▉   | 1376/2000 [00:16<00:07, 82.94it/s]Sampling step:  69%|██████▉   | 1385/2000 [00:16<00:07, 83.03it/s]Sampling step:  70%|██████▉   | 1394/2000 [00:16<00:07, 83.14it/s]Sampling step:  70%|███████   | 1403/2000 [00:16<00:07, 83.22it/s]Sampling step:  71%|███████   | 1412/2000 [00:17<00:07, 83.27it/s]Sampling step:  71%|███████   | 1421/2000 [00:17<00:06, 83.04it/s]Sampling step:  72%|███████▏  | 1430/2000 [00:17<00:06, 82.89it/s]Sampling step:  72%|███████▏  | 1439/2000 [00:17<00:06, 82.99it/s]Sampling step:  72%|███████▏  | 1448/2000 [00:17<00:06, 83.01it/s]Sampling step:  73%|███████▎  | 1457/2000 [00:17<00:06, 82.94it/s]Sampling step:  73%|███████▎  | 1466/2000 [00:17<00:06, 83.06it/s]Sampling step:  74%|███████▍  | 1475/2000 [00:17<00:06, 82.95it/s]Sampling step:  74%|███████▍  | 1484/2000 [00:17<00:06, 83.05it/s]Sampling step:  75%|███████▍  | 1493/2000 [00:18<00:06, 83.00it/s]Sampling step:  75%|███████▌  | 1502/2000 [00:18<00:06, 83.00it/s]Sampling step:  76%|███████▌  | 1511/2000 [00:18<00:05, 83.09it/s]Sampling step:  76%|███████▌  | 1520/2000 [00:18<00:05, 82.99it/s]Sampling step:  76%|███████▋  | 1529/2000 [00:18<00:05, 82.98it/s]Sampling step:  77%|███████▋  | 1538/2000 [00:18<00:05, 83.07it/s]Sampling step:  77%|███████▋  | 1547/2000 [00:18<00:05, 83.00it/s]Sampling step:  78%|███████▊  | 1556/2000 [00:18<00:05, 83.00it/s]Sampling step:  78%|███████▊  | 1565/2000 [00:18<00:05, 83.12it/s]Sampling step:  79%|███████▊  | 1574/2000 [00:18<00:05, 82.99it/s]Sampling step:  79%|███████▉  | 1583/2000 [00:19<00:05, 82.84it/s]Sampling step:  80%|███████▉  | 1592/2000 [00:19<00:04, 82.75it/s]Sampling step:  80%|████████  | 1601/2000 [00:19<00:04, 82.79it/s]Sampling step:  80%|████████  | 1610/2000 [00:19<00:04, 82.79it/s]Sampling step:  81%|████████  | 1619/2000 [00:19<00:04, 82.90it/s]Sampling step:  81%|████████▏ | 1628/2000 [00:19<00:04, 82.82it/s]Sampling step:  82%|████████▏ | 1637/2000 [00:19<00:04, 82.91it/s]Sampling step:  82%|████████▏ | 1646/2000 [00:19<00:04, 83.03it/s]Sampling step:  83%|████████▎ | 1655/2000 [00:19<00:04, 83.03it/s]Sampling step:  83%|████████▎ | 1664/2000 [00:20<00:04, 83.03it/s]Sampling step:  84%|████████▎ | 1673/2000 [00:20<00:03, 82.99it/s]Sampling step:  84%|████████▍ | 1682/2000 [00:20<00:03, 83.17it/s]Sampling step:  85%|████████▍ | 1691/2000 [00:20<00:03, 83.18it/s]Sampling step:  85%|████████▌ | 1700/2000 [00:20<00:03, 83.15it/s]Sampling step:  85%|████████▌ | 1709/2000 [00:20<00:03, 83.03it/s]Sampling step:  86%|████████▌ | 1718/2000 [00:20<00:03, 83.10it/s]Sampling step:  86%|████████▋ | 1727/2000 [00:20<00:03, 83.16it/s]Sampling step:  87%|████████▋ | 1736/2000 [00:20<00:03, 83.09it/s]Sampling step:  87%|████████▋ | 1745/2000 [00:21<00:03, 83.10it/s]Sampling step:  88%|████████▊ | 1754/2000 [00:21<00:02, 83.06it/s]Sampling step:  88%|████████▊ | 1763/2000 [00:21<00:02, 83.05it/s]Sampling step:  89%|████████▊ | 1772/2000 [00:21<00:02, 82.60it/s]Sampling step:  89%|████████▉ | 1781/2000 [00:21<00:02, 82.66it/s]Sampling step:  90%|████████▉ | 1790/2000 [00:21<00:02, 82.57it/s]Sampling step:  90%|████████▉ | 1799/2000 [00:21<00:02, 82.46it/s]Sampling step:  90%|█████████ | 1808/2000 [00:21<00:02, 82.55it/s]Sampling step:  91%|█████████ | 1817/2000 [00:21<00:02, 82.67it/s]Sampling step:  91%|█████████▏| 1826/2000 [00:22<00:02, 82.73it/s]Sampling step:  92%|█████████▏| 1835/2000 [00:22<00:01, 82.69it/s]Sampling step:  92%|█████████▏| 1844/2000 [00:22<00:01, 82.74it/s]Sampling step:  93%|█████████▎| 1853/2000 [00:22<00:01, 82.82it/s]Sampling step:  93%|█████████▎| 1862/2000 [00:22<00:01, 82.84it/s]Sampling step:  94%|█████████▎| 1871/2000 [00:22<00:01, 82.84it/s]Sampling step:  94%|█████████▍| 1880/2000 [00:22<00:01, 82.77it/s]Sampling step:  94%|█████████▍| 1889/2000 [00:22<00:01, 82.85it/s]Sampling step:  95%|█████████▍| 1898/2000 [00:22<00:01, 82.87it/s]Sampling step:  95%|█████████▌| 1907/2000 [00:23<00:01, 82.87it/s]Sampling step:  96%|█████████▌| 1916/2000 [00:23<00:01, 82.79it/s]Sampling step:  96%|█████████▋| 1925/2000 [00:23<00:00, 82.78it/s]Sampling step:  97%|█████████▋| 1934/2000 [00:23<00:00, 82.86it/s]Sampling step:  97%|█████████▋| 1943/2000 [00:23<00:00, 83.01it/s]Sampling step:  98%|█████████▊| 1952/2000 [00:23<00:00, 82.72it/s]Sampling step:  98%|█████████▊| 1961/2000 [00:23<00:00, 82.64it/s]Sampling step:  98%|█████████▊| 1970/2000 [00:23<00:00, 82.58it/s]Sampling step:  99%|█████████▉| 1979/2000 [00:23<00:00, 82.71it/s]Sampling step:  99%|█████████▉| 1988/2000 [00:23<00:00, 82.77it/s]Sampling step: 100%|█████████▉| 1997/2000 [00:24<00:00, 82.75it/s]Sampling step: 100%|██████████| 2000/2000 [00:24<00:00, 82.86it/s]
  [31/40] 0100: diffusion error  3.52 mm | non-rigid residual  0.65 mm
Sampling step:   0%|          | 0/2000 [00:00<?, ?it/s]Sampling step:   0%|          | 8/2000 [00:00<00:26, 74.51it/s]Sampling step:   1%|          | 17/2000 [00:00<00:24, 79.41it/s]Sampling step:   1%|▏         | 26/2000 [00:00<00:24, 80.71it/s]Sampling step:   2%|▏         | 35/2000 [00:00<00:24, 81.37it/s]Sampling step:   2%|▏         | 44/2000 [00:00<00:23, 82.00it/s]Sampling step:   3%|▎         | 53/2000 [00:00<00:23, 82.27it/s]Sampling step:   3%|▎         | 62/2000 [00:00<00:23, 82.46it/s]Sampling step:   4%|▎         | 71/2000 [00:00<00:23, 82.56it/s]Sampling step:   4%|▍         | 80/2000 [00:00<00:23, 82.46it/s]Sampling step:   4%|▍         | 89/2000 [00:01<00:23, 82.46it/s]Sampling step:   5%|▍         | 98/2000 [00:01<00:23, 82.53it/s]Sampling step:   5%|▌         | 107/2000 [00:01<00:22, 82.71it/s]Sampling step:   6%|▌         | 116/2000 [00:01<00:22, 82.70it/s]Sampling step:   6%|▋         | 125/2000 [00:01<00:22, 82.66it/s]Sampling step:   7%|▋         | 134/2000 [00:01<00:22, 82.64it/s]Sampling step:   7%|▋         | 143/2000 [00:01<00:22, 82.68it/s]Sampling step:   8%|▊         | 152/2000 [00:01<00:22, 82.35it/s]Sampling step:   8%|▊         | 161/2000 [00:01<00:22, 82.25it/s]Sampling step:   8%|▊         | 170/2000 [00:02<00:22, 82.34it/s]Sampling step:   9%|▉         | 179/2000 [00:02<00:22, 82.55it/s]Sampling step:   9%|▉         | 188/2000 [00:02<00:21, 82.59it/s]Sampling step:  10%|▉         | 197/2000 [00:02<00:21, 82.59it/s]Sampling step:  10%|█         | 206/2000 [00:02<00:21, 82.80it/s]Sampling step:  11%|█         | 215/2000 [00:02<00:21, 82.99it/s]Sampling step:  11%|█         | 224/2000 [00:02<00:21, 83.12it/s]Sampling step:  12%|█▏        | 233/2000 [00:02<00:21, 83.09it/s]Sampling step:  12%|█▏        | 242/2000 [00:02<00:21, 82.93it/s]Sampling step:  13%|█▎        | 251/2000 [00:03<00:21, 82.86it/s]Sampling step:  13%|█▎        | 260/2000 [00:03<00:21, 82.78it/s]Sampling step:  13%|█▎        | 269/2000 [00:03<00:20, 82.85it/s]Sampling step:  14%|█▍        | 278/2000 [00:03<00:20, 82.92it/s]Sampling step:  14%|█▍        | 287/2000 [00:03<00:20, 82.77it/s]Sampling step:  15%|█▍        | 296/2000 [00:03<00:20, 82.66it/s]Sampling step:  15%|█▌        | 305/2000 [00:03<00:20, 82.61it/s]Sampling step:  16%|█▌        | 314/2000 [00:03<00:20, 82.67it/s]Sampling step:  16%|█▌        | 323/2000 [00:03<00:20, 82.52it/s]Sampling step:  17%|█▋        | 332/2000 [00:04<00:20, 82.28it/s]Sampling step:  17%|█▋        | 341/2000 [00:04<00:20, 82.44it/s]Sampling step:  18%|█▊        | 350/2000 [00:04<00:20, 82.46it/s]Sampling step:  18%|█▊        | 359/2000 [00:04<00:19, 82.62it/s]Sampling step:  18%|█▊        | 368/2000 [00:04<00:19, 82.72it/s]Sampling step:  19%|█▉        | 377/2000 [00:04<00:19, 82.70it/s]Sampling step:  19%|█▉        | 386/2000 [00:04<00:19, 82.68it/s]Sampling step:  20%|█▉        | 395/2000 [00:04<00:19, 82.59it/s]Sampling step:  20%|██        | 404/2000 [00:04<00:19, 82.58it/s]Sampling step:  21%|██        | 413/2000 [00:05<00:19, 82.43it/s]Sampling step:  21%|██        | 422/2000 [00:05<00:19, 82.53it/s]Sampling step:  22%|██▏       | 431/2000 [00:05<00:18, 82.59it/s]Sampling step:  22%|██▏       | 440/2000 [00:05<00:18, 82.68it/s]Sampling step:  22%|██▏       | 449/2000 [00:05<00:18, 82.65it/s]Sampling step:  23%|██▎       | 458/2000 [00:05<00:18, 82.68it/s]Sampling step:  23%|██▎       | 467/2000 [00:05<00:18, 82.78it/s]Sampling step:  24%|██▍       | 476/2000 [00:05<00:18, 82.77it/s]Sampling step:  24%|██▍       | 485/2000 [00:05<00:18, 82.83it/s]Sampling step:  25%|██▍       | 494/2000 [00:05<00:18, 82.79it/s]Sampling step:  25%|██▌       | 503/2000 [00:06<00:18, 82.37it/s]Sampling step:  26%|██▌       | 512/2000 [00:06<00:18, 82.54it/s]Sampling step:  26%|██▌       | 521/2000 [00:06<00:17, 82.53it/s]Sampling step:  26%|██▋       | 530/2000 [00:06<00:17, 82.52it/s]Sampling step:  27%|██▋       | 539/2000 [00:06<00:17, 82.64it/s]Sampling step:  27%|██▋       | 548/2000 [00:06<00:17, 82.80it/s]Sampling step:  28%|██▊       | 557/2000 [00:06<00:17, 82.88it/s]Sampling step:  28%|██▊       | 566/2000 [00:06<00:17, 82.90it/s]Sampling step:  29%|██▉       | 575/2000 [00:06<00:17, 82.79it/s]Sampling step:  29%|██▉       | 584/2000 [00:07<00:17, 82.79it/s]Sampling step:  30%|██▉       | 593/2000 [00:07<00:16, 82.89it/s]Sampling step:  30%|███       | 602/2000 [00:07<00:16, 82.85it/s]Sampling step:  31%|███       | 611/2000 [00:07<00:16, 82.75it/s]Sampling step:  31%|███       | 620/2000 [00:07<00:16, 82.83it/s]Sampling step:  31%|███▏      | 629/2000 [00:07<00:16, 82.83it/s]Sampling step:  32%|███▏      | 638/2000 [00:07<00:16, 82.81it/s]Sampling step:  32%|███▏      | 647/2000 [00:07<00:16, 82.82it/s]Sampling step:  33%|███▎      | 656/2000 [00:07<00:16, 82.74it/s]Sampling step:  33%|███▎      | 665/2000 [00:08<00:16, 82.77it/s]Sampling step:  34%|███▎      | 674/2000 [00:08<00:15, 82.89it/s]Sampling step:  34%|███▍      | 683/2000 [00:08<00:15, 82.56it/s]Sampling step:  35%|███▍      | 692/2000 [00:08<00:15, 82.56it/s]Sampling step:  35%|███▌      | 701/2000 [00:08<00:15, 82.65it/s]Sampling step:  36%|███▌      | 710/2000 [00:08<00:15, 82.74it/s]Sampling step:  36%|███▌      | 719/2000 [00:08<00:15, 82.85it/s]Sampling step:  36%|███▋      | 728/2000 [00:08<00:15, 82.85it/s]Sampling step:  37%|███▋      | 737/2000 [00:08<00:15, 82.86it/s]Sampling step:  37%|███▋      | 746/2000 [00:09<00:15, 82.91it/s]Sampling step:  38%|███▊      | 755/2000 [00:09<00:15, 82.96it/s]Sampling step:  38%|███▊      | 764/2000 [00:09<00:14, 82.82it/s]Sampling step:  39%|███▊      | 773/2000 [00:09<00:14, 82.92it/s]Sampling step:  39%|███▉      | 782/2000 [00:09<00:14, 82.84it/s]Sampling step:  40%|███▉      | 791/2000 [00:09<00:14, 82.88it/s]Sampling step:  40%|████      | 800/2000 [00:09<00:14, 82.92it/s]Sampling step:  40%|████      | 809/2000 [00:09<00:14, 82.88it/s]Sampling step:  41%|████      | 818/2000 [00:09<00:14, 82.81it/s]Sampling step:  41%|████▏     | 827/2000 [00:10<00:14, 82.88it/s]Sampling step:  42%|████▏     | 836/2000 [00:10<00:14, 82.82it/s]Sampling step:  42%|████▏     | 845/2000 [00:10<00:13, 82.78it/s]Sampling step:  43%|████▎     | 854/2000 [00:10<00:13, 82.62it/s]Sampling step:  43%|████▎     | 863/2000 [00:10<00:13, 82.61it/s]Sampling step:  44%|████▎     | 872/2000 [00:10<00:13, 82.82it/s]Sampling step:  44%|████▍     | 881/2000 [00:10<00:13, 82.83it/s]Sampling step:  44%|████▍     | 890/2000 [00:10<00:13, 82.77it/s]Sampling step:  45%|████▍     | 899/2000 [00:10<00:13, 82.90it/s]Sampling step:  45%|████▌     | 908/2000 [00:10<00:13, 82.89it/s]Sampling step:  46%|████▌     | 917/2000 [00:11<00:13, 82.84it/s]Sampling step:  46%|████▋     | 926/2000 [00:11<00:13, 82.51it/s]Sampling step:  47%|████▋     | 935/2000 [00:11<00:12, 82.50it/s]Sampling step:  47%|████▋     | 944/2000 [00:11<00:12, 82.39it/s]Sampling step:  48%|████▊     | 953/2000 [00:11<00:12, 82.45it/s]Sampling step:  48%|████▊     | 962/2000 [00:11<00:12, 82.63it/s]Sampling step:  49%|████▊     | 971/2000 [00:11<00:12, 82.69it/s]Sampling step:  49%|████▉     | 980/2000 [00:11<00:12, 82.67it/s]Sampling step:  49%|████▉     | 989/2000 [00:11<00:12, 82.69it/s]Sampling step:  50%|████▉     | 998/2000 [00:12<00:12, 82.70it/s]Sampling step:  50%|█████     | 1007/2000 [00:12<00:12, 82.72it/s]Sampling step:  51%|█████     | 1016/2000 [00:12<00:11, 82.71it/s]Sampling step:  51%|█████▏    | 1025/2000 [00:12<00:11, 82.66it/s]Sampling step:  52%|█████▏    | 1034/2000 [00:12<00:11, 82.47it/s]Sampling step:  52%|█████▏    | 1043/2000 [00:12<00:11, 82.50it/s]Sampling step:  53%|█████▎    | 1052/2000 [00:12<00:11, 82.48it/s]Sampling step:  53%|█████▎    | 1061/2000 [00:12<00:11, 82.42it/s]Sampling step:  54%|█████▎    | 1070/2000 [00:12<00:11, 82.50it/s]Sampling step:  54%|█████▍    | 1079/2000 [00:13<00:11, 82.62it/s]Sampling step:  54%|█████▍    | 1088/2000 [00:13<00:11, 82.69it/s]Sampling step:  55%|█████▍    | 1097/2000 [00:13<00:10, 82.72it/s]Sampling step:  55%|█████▌    | 1106/2000 [00:13<00:10, 82.64it/s]Sampling step:  56%|█████▌    | 1115/2000 [00:13<00:10, 82.82it/s]Sampling step:  56%|█████▌    | 1124/2000 [00:13<00:10, 82.81it/s]Sampling step:  57%|█████▋    | 1133/2000 [00:13<00:10, 82.78it/s]Sampling step:  57%|█████▋    | 1142/2000 [00:13<00:10, 82.75it/s]Sampling step:  58%|█████▊    | 1151/2000 [00:13<00:10, 82.68it/s]Sampling step:  58%|█████▊    | 1160/2000 [00:14<00:10, 82.66it/s]Sampling step:  58%|█████▊    | 1169/2000 [00:14<00:10, 82.73it/s]Sampling step:  59%|█████▉    | 1178/2000 [00:14<00:09, 82.59it/s]Sampling step:  59%|█████▉    | 1187/2000 [00:14<00:09, 82.74it/s]Sampling step:  60%|█████▉    | 1196/2000 [00:14<00:09, 82.71it/s]Sampling step:  60%|██████    | 1205/2000 [00:14<00:09, 82.35it/s]Sampling step:  61%|██████    | 1214/2000 [00:14<00:09, 82.45it/s]Sampling step:  61%|██████    | 1223/2000 [00:14<00:09, 82.65it/s]Sampling step:  62%|██████▏   | 1232/2000 [00:14<00:09, 82.63it/s]Sampling step:  62%|██████▏   | 1241/2000 [00:15<00:09, 82.68it/s]Sampling step:  62%|██████▎   | 1250/2000 [00:15<00:09, 82.64it/s]Sampling step:  63%|██████▎   | 1259/2000 [00:15<00:08, 82.66it/s]Sampling step:  63%|██████▎   | 1268/2000 [00:15<00:08, 82.80it/s]Sampling step:  64%|██████▍   | 1277/2000 [00:15<00:08, 82.71it/s]Sampling step:  64%|██████▍   | 1286/2000 [00:15<00:08, 82.78it/s]Sampling step:  65%|██████▍   | 1295/2000 [00:15<00:08, 82.79it/s]Sampling step:  65%|██████▌   | 1304/2000 [00:15<00:08, 82.77it/s]Sampling step:  66%|██████▌   | 1313/2000 [00:15<00:08, 82.70it/s]Sampling step:  66%|██████▌   | 1322/2000 [00:15<00:08, 82.73it/s]Sampling step:  67%|██████▋   | 1331/2000 [00:16<00:08, 82.66it/s]Sampling step:  67%|██████▋   | 1340/2000 [00:16<00:07, 82.64it/s]Sampling step:  67%|██████▋   | 1349/2000 [00:16<00:07, 82.61it/s]Sampling step:  68%|██████▊   | 1358/2000 [00:16<00:07, 82.47it/s]Sampling step:  68%|██████▊   | 1367/2000 [00:16<00:07, 82.56it/s]Sampling step:  69%|██████▉   | 1376/2000 [00:16<00:07, 82.63it/s]Sampling step:  69%|██████▉   | 1385/2000 [00:16<00:07, 82.47it/s]Sampling step:  70%|██████▉   | 1394/2000 [00:16<00:07, 82.61it/s]Sampling step:  70%|███████   | 1403/2000 [00:16<00:07, 82.72it/s]Sampling step:  71%|███████   | 1412/2000 [00:17<00:07, 82.70it/s]Sampling step:  71%|███████   | 1421/2000 [00:17<00:07, 82.71it/s]Sampling step:  72%|███████▏  | 1430/2000 [00:17<00:06, 82.72it/s]Sampling step:  72%|███████▏  | 1439/2000 [00:17<00:06, 82.66it/s]Sampling step:  72%|███████▏  | 1448/2000 [00:17<00:06, 82.67it/s]Sampling step:  73%|███████▎  | 1457/2000 [00:17<00:06, 82.70it/s]Sampling step:  73%|███████▎  | 1466/2000 [00:17<00:06, 82.66it/s]Sampling step:  74%|███████▍  | 1475/2000 [00:17<00:06, 82.63it/s]Sampling step:  74%|███████▍  | 1484/2000 [00:17<00:06, 82.47it/s]Sampling step:  75%|███████▍  | 1493/2000 [00:18<00:06, 82.50it/s]Sampling step:  75%|███████▌  | 1502/2000 [00:18<00:06, 82.56it/s]Sampling step:  76%|███████▌  | 1511/2000 [00:18<00:05, 82.60it/s]Sampling step:  76%|███████▌  | 1520/2000 [00:18<00:05, 82.67it/s]Sampling step:  76%|███████▋  | 1529/2000 [00:18<00:05, 82.61it/s]Sampling step:  77%|███████▋  | 1538/2000 [00:18<00:05, 82.76it/s]Sampling step:  77%|███████▋  | 1547/2000 [00:18<00:05, 82.69it/s]Sampling step:  78%|███████▊  | 1556/2000 [00:18<00:05, 82.51it/s]Sampling step:  78%|███████▊  | 1565/2000 [00:18<00:05, 82.53it/s]Sampling step:  79%|███████▊  | 1574/2000 [00:19<00:05, 82.51it/s]Sampling step:  79%|███████▉  | 1583/2000 [00:19<00:05, 82.54it/s]Sampling step:  80%|███████▉  | 1592/2000 [00:19<00:04, 82.60it/s]Sampling step:  80%|████████  | 1601/2000 [00:19<00:04, 82.65it/s]Sampling step:  80%|████████  | 1610/2000 [00:19<00:04, 82.55it/s]Sampling step:  81%|████████  | 1619/2000 [00:19<00:04, 82.59it/s]Sampling step:  81%|████████▏ | 1628/2000 [00:19<00:04, 82.69it/s]Sampling step:  82%|████████▏ | 1637/2000 [00:19<00:04, 82.63it/s]Sampling step:  82%|████████▏ | 1646/2000 [00:19<00:04, 82.54it/s]Sampling step:  83%|████████▎ | 1655/2000 [00:20<00:04, 82.60it/s]Sampling step:  83%|████████▎ | 1664/2000 [00:20<00:04, 82.64it/s]Sampling step:  84%|████████▎ | 1673/2000 [00:20<00:03, 82.63it/s]Sampling step:  84%|████████▍ | 1682/2000 [00:20<00:03, 82.64it/s]Sampling step:  85%|████████▍ | 1691/2000 [00:20<00:03, 82.74it/s]Sampling step:  85%|████████▌ | 1700/2000 [00:20<00:03, 82.88it/s]Sampling step:  85%|████████▌ | 1709/2000 [00:20<00:03, 82.85it/s]Sampling step:  86%|████████▌ | 1718/2000 [00:20<00:03, 82.81it/s]Sampling step:  86%|████████▋ | 1727/2000 [00:20<00:03, 82.71it/s]Sampling step:  87%|████████▋ | 1736/2000 [00:21<00:03, 82.61it/s]Sampling step:  87%|████████▋ | 1745/2000 [00:21<00:03, 82.67it/s]Sampling step:  88%|████████▊ | 1754/2000 [00:21<00:02, 82.69it/s]Sampling step:  88%|████████▊ | 1763/2000 [00:21<00:02, 82.69it/s]Sampling step:  89%|████████▊ | 1772/2000 [00:21<00:02, 82.55it/s]Sampling step:  89%|████████▉ | 1781/2000 [00:21<00:02, 82.59it/s]Sampling step:  90%|████████▉ | 1790/2000 [00:21<00:02, 82.62it/s]Sampling step:  90%|████████▉ | 1799/2000 [00:21<00:02, 82.75it/s]Sampling step:  90%|█████████ | 1808/2000 [00:21<00:02, 82.94it/s]Sampling step:  91%|█████████ | 1817/2000 [00:21<00:02, 82.92it/s]Sampling step:  91%|█████████▏| 1826/2000 [00:22<00:02, 82.95it/s]Sampling step:  92%|█████████▏| 1835/2000 [00:22<00:01, 82.85it/s]Sampling step:  92%|█████████▏| 1844/2000 [00:22<00:01, 82.70it/s]Sampling step:  93%|█████████▎| 1853/2000 [00:22<00:01, 82.69it/s]Sampling step:  93%|█████████▎| 1862/2000 [00:22<00:01, 82.58it/s]Sampling step:  94%|█████████▎| 1871/2000 [00:22<00:01, 82.78it/s]Sampling step:  94%|█████████▍| 1880/2000 [00:22<00:01, 82.90it/s]Sampling step:  94%|█████████▍| 1889/2000 [00:22<00:01, 82.93it/s]Sampling step:  95%|█████████▍| 1898/2000 [00:22<00:01, 82.97it/s]Sampling step:  95%|█████████▌| 1907/2000 [00:23<00:01, 82.67it/s]Sampling step:  96%|█████████▌| 1916/2000 [00:23<00:01, 82.49it/s]Sampling step:  96%|█████████▋| 1925/2000 [00:23<00:00, 82.66it/s]Sampling step:  97%|█████████▋| 1934/2000 [00:23<00:00, 82.61it/s]Sampling step:  97%|█████████▋| 1943/2000 [00:23<00:00, 82.61it/s]Sampling step:  98%|█████████▊| 1952/2000 [00:23<00:00, 82.70it/s]Sampling step:  98%|█████████▊| 1961/2000 [00:23<00:00, 82.72it/s]Sampling step:  98%|█████████▊| 1970/2000 [00:23<00:00, 82.86it/s]Sampling step:  99%|█████████▉| 1979/2000 [00:23<00:00, 82.75it/s]Sampling step:  99%|█████████▉| 1988/2000 [00:24<00:00, 82.74it/s]Sampling step: 100%|█████████▉| 1997/2000 [00:24<00:00, 82.69it/s]Sampling step: 100%|██████████| 2000/2000 [00:24<00:00, 82.65it/s]
  [32/40] 0105: diffusion error  5.63 mm | non-rigid residual  0.97 mm
Sampling step:   0%|          | 0/2000 [00:00<?, ?it/s]Sampling step:   0%|          | 8/2000 [00:00<00:26, 74.87it/s]Sampling step:   1%|          | 17/2000 [00:00<00:24, 79.41it/s]Sampling step:   1%|▏         | 26/2000 [00:00<00:24, 80.92it/s]Sampling step:   2%|▏         | 35/2000 [00:00<00:24, 81.64it/s]Sampling step:   2%|▏         | 44/2000 [00:00<00:23, 82.19it/s]Sampling step:   3%|▎         | 53/2000 [00:00<00:23, 82.31it/s]Sampling step:   3%|▎         | 62/2000 [00:00<00:23, 82.51it/s]Sampling step:   4%|▎         | 71/2000 [00:00<00:23, 82.30it/s]Sampling step:   4%|▍         | 80/2000 [00:00<00:23, 82.44it/s]Sampling step:   4%|▍         | 89/2000 [00:01<00:23, 82.50it/s]Sampling step:   5%|▍         | 98/2000 [00:01<00:23, 81.58it/s]Sampling step:   5%|▌         | 107/2000 [00:01<00:23, 81.39it/s]Sampling step:   6%|▌         | 116/2000 [00:01<00:23, 81.86it/s]Sampling step:   6%|▋         | 125/2000 [00:01<00:22, 82.11it/s]Sampling step:   7%|▋         | 134/2000 [00:01<00:22, 82.02it/s]Sampling step:   7%|▋         | 143/2000 [00:01<00:22, 82.18it/s]Sampling step:   8%|▊         | 152/2000 [00:01<00:22, 82.58it/s]Sampling step:   8%|▊         | 161/2000 [00:01<00:22, 82.71it/s]Sampling step:   8%|▊         | 170/2000 [00:02<00:22, 82.75it/s]Sampling step:   9%|▉         | 179/2000 [00:02<00:22, 82.75it/s]Sampling step:   9%|▉         | 188/2000 [00:02<00:21, 82.84it/s]Sampling step:  10%|▉         | 197/2000 [00:02<00:21, 82.88it/s]Sampling step:  10%|█         | 206/2000 [00:02<00:21, 82.99it/s]Sampling step:  11%|█         | 215/2000 [00:02<00:21, 82.89it/s]Sampling step:  11%|█         | 224/2000 [00:02<00:21, 82.76it/s]Sampling step:  12%|█▏        | 233/2000 [00:02<00:21, 82.67it/s]Sampling step:  12%|█▏        | 242/2000 [00:02<00:21, 82.69it/s]Sampling step:  13%|█▎        | 251/2000 [00:03<00:21, 82.64it/s]Sampling step:  13%|█▎        | 260/2000 [00:03<00:21, 82.59it/s]Sampling step:  13%|█▎        | 269/2000 [00:03<00:20, 82.75it/s]Sampling step:  14%|█▍        | 278/2000 [00:03<00:20, 82.83it/s]Sampling step:  14%|█▍        | 287/2000 [00:03<00:20, 82.73it/s]Sampling step:  15%|█▍        | 296/2000 [00:03<00:20, 82.64it/s]Sampling step:  15%|█▌        | 305/2000 [00:03<00:20, 82.48it/s]Sampling step:  16%|█▌        | 314/2000 [00:03<00:20, 82.46it/s]Sampling step:  16%|█▌        | 323/2000 [00:03<00:20, 82.56it/s]Sampling step:  17%|█▋        | 332/2000 [00:04<00:20, 82.61it/s]Sampling step:  17%|█▋        | 341/2000 [00:04<00:20, 82.68it/s]Sampling step:  18%|█▊        | 350/2000 [00:04<00:19, 82.62it/s]Sampling step:  18%|█▊        | 359/2000 [00:04<00:19, 82.69it/s]Sampling step:  18%|█▊        | 368/2000 [00:04<00:19, 82.72it/s]Sampling step:  19%|█▉        | 377/2000 [00:04<00:19, 82.64it/s]Sampling step:  19%|█▉        | 386/2000 [00:04<00:19, 82.42it/s]Sampling step:  20%|█▉        | 395/2000 [00:04<00:19, 82.47it/s]Sampling step:  20%|██        | 404/2000 [00:04<00:19, 82.63it/s]Sampling step:  21%|██        | 413/2000 [00:05<00:19, 82.68it/s]Sampling step:  21%|██        | 422/2000 [00:05<00:19, 82.49it/s]Sampling step:  22%|██▏       | 431/2000 [00:05<00:19, 82.51it/s]Sampling step:  22%|██▏       | 440/2000 [00:05<00:18, 82.74it/s]Sampling step:  22%|██▏       | 449/2000 [00:05<00:18, 82.80it/s]Sampling step:  23%|██▎       | 458/2000 [00:05<00:18, 82.82it/s]Sampling step:  23%|██▎       | 467/2000 [00:05<00:18, 82.67it/s]Sampling step:  24%|██▍       | 476/2000 [00:05<00:18, 82.71it/s]Sampling step:  24%|██▍       | 485/2000 [00:05<00:18, 82.71it/s]Sampling step:  25%|██▍       | 494/2000 [00:05<00:18, 82.81it/s]Sampling step:  25%|██▌       | 503/2000 [00:06<00:18, 82.85it/s]Sampling step:  26%|██▌       | 512/2000 [00:06<00:17, 82.68it/s]Sampling step:  26%|██▌       | 521/2000 [00:06<00:17, 82.82it/s]Sampling step:  26%|██▋       | 530/2000 [00:06<00:17, 82.90it/s]Sampling step:  27%|██▋       | 539/2000 [00:06<00:17, 82.80it/s]Sampling step:  27%|██▋       | 548/2000 [00:06<00:17, 82.70it/s]Sampling step:  28%|██▊       | 557/2000 [00:06<00:17, 82.77it/s]Sampling step:  28%|██▊       | 566/2000 [00:06<00:17, 82.73it/s]Sampling step:  29%|██▉       | 575/2000 [00:06<00:17, 82.68it/s]Sampling step:  29%|██▉       | 584/2000 [00:07<00:17, 82.75it/s]Sampling step:  30%|██▉       | 593/2000 [00:07<00:17, 82.68it/s]Sampling step:  30%|███       | 602/2000 [00:07<00:16, 82.35it/s]Sampling step:  31%|███       | 611/2000 [00:07<00:16, 82.46it/s]Sampling step:  31%|███       | 620/2000 [00:07<00:16, 82.52it/s]Sampling step:  31%|███▏      | 629/2000 [00:07<00:16, 82.58it/s]Sampling step:  32%|███▏      | 638/2000 [00:07<00:16, 82.56it/s]Sampling step:  32%|███▏      | 647/2000 [00:07<00:16, 82.61it/s]Sampling step:  33%|███▎      | 656/2000 [00:07<00:16, 82.61it/s]Sampling step:  33%|███▎      | 665/2000 [00:08<00:16, 82.69it/s]Sampling step:  34%|███▎      | 674/2000 [00:08<00:16, 82.72it/s]Sampling step:  34%|███▍      | 683/2000 [00:08<00:15, 82.79it/s]Sampling step:  35%|███▍      | 692/2000 [00:08<00:15, 82.76it/s]Sampling step:  35%|███▌      | 701/2000 [00:08<00:15, 82.76it/s]Sampling step:  36%|███▌      | 710/2000 [00:08<00:15, 82.79it/s]Sampling step:  36%|███▌      | 719/2000 [00:08<00:15, 82.76it/s]Sampling step:  36%|███▋      | 728/2000 [00:08<00:15, 82.76it/s]Sampling step:  37%|███▋      | 737/2000 [00:08<00:15, 82.88it/s]Sampling step:  37%|███▋      | 746/2000 [00:09<00:15, 82.83it/s]Sampling step:  38%|███▊      | 755/2000 [00:09<00:15, 82.70it/s]Sampling step:  38%|███▊      | 764/2000 [00:09<00:14, 82.74it/s]Sampling step:  39%|███▊      | 773/2000 [00:09<00:14, 82.37it/s]Sampling step:  39%|███▉      | 782/2000 [00:09<00:14, 82.43it/s]Sampling step:  40%|███▉      | 791/2000 [00:09<00:14, 82.51it/s]Sampling step:  40%|████      | 800/2000 [00:09<00:14, 82.47it/s]Sampling step:  40%|████      | 809/2000 [00:09<00:14, 82.48it/s]Sampling step:  41%|████      | 818/2000 [00:09<00:14, 82.58it/s]Sampling step:  41%|████▏     | 827/2000 [00:10<00:14, 82.63it/s]Sampling step:  42%|████▏     | 836/2000 [00:10<00:14, 82.55it/s]Sampling step:  42%|████▏     | 845/2000 [00:10<00:13, 82.58it/s]Sampling step:  43%|████▎     | 854/2000 [00:10<00:13, 82.63it/s]Sampling step:  43%|████▎     | 863/2000 [00:10<00:13, 82.73it/s]Sampling step:  44%|████▎     | 872/2000 [00:10<00:13, 82.76it/s]Sampling step:  44%|████▍     | 881/2000 [00:10<00:13, 82.62it/s]Sampling step:  44%|████▍     | 890/2000 [00:10<00:13, 82.79it/s]Sampling step:  45%|████▍     | 899/2000 [00:10<00:13, 82.86it/s]Sampling step:  45%|████▌     | 908/2000 [00:10<00:13, 82.89it/s]Sampling step:  46%|████▌     | 917/2000 [00:11<00:13, 82.86it/s]Sampling step:  46%|████▋     | 926/2000 [00:11<00:12, 82.69it/s]Sampling step:  47%|████▋     | 935/2000 [00:11<00:12, 82.70it/s]Sampling step:  47%|████▋     | 944/2000 [00:11<00:12, 82.80it/s]Sampling step:  48%|████▊     | 953/2000 [00:11<00:12, 82.45it/s]Sampling step:  48%|████▊     | 962/2000 [00:11<00:12, 82.31it/s]Sampling step:  49%|████▊     | 971/2000 [00:11<00:12, 82.46it/s]Sampling step:  49%|████▉     | 980/2000 [00:11<00:12, 82.51it/s]Sampling step:  49%|████▉     | 989/2000 [00:11<00:12, 82.53it/s]Sampling step:  50%|████▉     | 998/2000 [00:12<00:12, 82.60it/s]Sampling step:  50%|█████     | 1007/2000 [00:12<00:12, 82.56it/s]Sampling step:  51%|█████     | 1016/2000 [00:12<00:11, 82.64it/s]Sampling step:  51%|█████▏    | 1025/2000 [00:12<00:11, 82.68it/s]Sampling step:  52%|█████▏    | 1034/2000 [00:12<00:11, 82.65it/s]Sampling step:  52%|█████▏    | 1043/2000 [00:12<00:11, 82.67it/s]Sampling step:  53%|█████▎    | 1052/2000 [00:12<00:11, 82.60it/s]Sampling step:  53%|█████▎    | 1061/2000 [00:12<00:11, 82.65it/s]Sampling step:  54%|█████▎    | 1070/2000 [00:12<00:11, 82.74it/s]Sampling step:  54%|█████▍    | 1079/2000 [00:13<00:11, 82.83it/s]Sampling step:  54%|█████▍    | 1088/2000 [00:13<00:11, 82.77it/s]Sampling step:  55%|█████▍    | 1097/2000 [00:13<00:10, 82.78it/s]Sampling step:  55%|█████▌    | 1106/2000 [00:13<00:10, 82.90it/s]Sampling step:  56%|█████▌    | 1115/2000 [00:13<00:10, 82.78it/s]Sampling step:  56%|█████▌    | 1124/2000 [00:13<00:10, 82.49it/s]Sampling step:  57%|█████▋    | 1133/2000 [00:13<00:10, 82.41it/s]Sampling step:  57%|█████▋    | 1142/2000 [00:13<00:10, 82.49it/s]Sampling step:  58%|█████▊    | 1151/2000 [00:13<00:10, 82.61it/s]Sampling step:  58%|█████▊    | 1160/2000 [00:14<00:10, 82.63it/s]Sampling step:  58%|█████▊    | 1169/2000 [00:14<00:10, 82.65it/s]Sampling step:  59%|█████▉    | 1178/2000 [00:14<00:09, 82.33it/s]Sampling step:  59%|█████▉    | 1187/2000 [00:14<00:09, 82.35it/s]Sampling step:  60%|█████▉    | 1196/2000 [00:14<00:09, 82.49it/s]Sampling step:  60%|██████    | 1205/2000 [00:14<00:09, 82.42it/s]Sampling step:  61%|██████    | 1214/2000 [00:14<00:09, 82.30it/s]Sampling step:  61%|██████    | 1223/2000 [00:14<00:09, 82.42it/s]Sampling step:  62%|██████▏   | 1232/2000 [00:14<00:09, 82.57it/s]Sampling step:  62%|██████▏   | 1241/2000 [00:15<00:09, 82.62it/s]Sampling step:  62%|██████▎   | 1250/2000 [00:15<00:09, 82.58it/s]Sampling step:  63%|██████▎   | 1259/2000 [00:15<00:08, 82.73it/s]Sampling step:  63%|██████▎   | 1268/2000 [00:15<00:08, 82.68it/s]Sampling step:  64%|██████▍   | 1277/2000 [00:15<00:08, 82.75it/s]Sampling step:  64%|██████▍   | 1286/2000 [00:15<00:08, 82.82it/s]Sampling step:  65%|██████▍   | 1295/2000 [00:15<00:08, 82.59it/s]Sampling step:  65%|██████▌   | 1304/2000 [00:15<00:08, 82.44it/s]Sampling step:  66%|██████▌   | 1313/2000 [00:15<00:08, 82.58it/s]Sampling step:  66%|██████▌   | 1322/2000 [00:16<00:08, 82.65it/s]Sampling step:  67%|██████▋   | 1331/2000 [00:16<00:08, 82.68it/s]Sampling step:  67%|██████▋   | 1340/2000 [00:16<00:07, 82.69it/s]Sampling step:  67%|██████▋   | 1349/2000 [00:16<00:07, 82.90it/s]Sampling step:  68%|██████▊   | 1358/2000 [00:16<00:07, 82.85it/s]Sampling step:  68%|██████▊   | 1367/2000 [00:16<00:07, 82.82it/s]Sampling step:  69%|██████▉   | 1376/2000 [00:16<00:07, 82.78it/s]Sampling step:  69%|██████▉   | 1385/2000 [00:16<00:07, 82.86it/s]Sampling step:  70%|██████▉   | 1394/2000 [00:16<00:07, 82.95it/s]Sampling step:  70%|███████   | 1403/2000 [00:16<00:07, 82.92it/s]Sampling step:  71%|███████   | 1412/2000 [00:17<00:07, 82.80it/s]Sampling step:  71%|███████   | 1421/2000 [00:17<00:07, 82.68it/s]Sampling step:  72%|███████▏  | 1430/2000 [00:17<00:06, 82.84it/s]Sampling step:  72%|███████▏  | 1439/2000 [00:17<00:06, 82.85it/s]Sampling step:  72%|███████▏  | 1448/2000 [00:17<00:06, 82.89it/s]Sampling step:  73%|███████▎  | 1457/2000 [00:17<00:06, 82.80it/s]Sampling step:  73%|███████▎  | 1466/2000 [00:17<00:06, 82.74it/s]Sampling step:  74%|███████▍  | 1475/2000 [00:17<00:06, 82.52it/s]Sampling step:  74%|███████▍  | 1484/2000 [00:17<00:06, 82.47it/s]Sampling step:  75%|███████▍  | 1493/2000 [00:18<00:06, 82.49it/s]Sampling step:  75%|███████▌  | 1502/2000 [00:18<00:06, 82.54it/s]Sampling step:  76%|███████▌  | 1511/2000 [00:18<00:05, 82.54it/s]Sampling step:  76%|███████▌  | 1520/2000 [00:18<00:05, 82.60it/s]Sampling step:  76%|███████▋  | 1529/2000 [00:18<00:05, 82.63it/s]Sampling step:  77%|███████▋  | 1538/2000 [00:18<00:05, 82.72it/s]Sampling step:  77%|███████▋  | 1547/2000 [00:18<00:05, 82.76it/s]Sampling step:  78%|███████▊  | 1556/2000 [00:18<00:05, 82.72it/s]Sampling step:  78%|███████▊  | 1565/2000 [00:18<00:05, 82.81it/s]Sampling step:  79%|███████▊  | 1574/2000 [00:19<00:05, 82.93it/s]Sampling step:  79%|███████▉  | 1583/2000 [00:19<00:05, 82.93it/s]Sampling step:  80%|███████▉  | 1592/2000 [00:19<00:04, 82.96it/s]Sampling step:  80%|████████  | 1601/2000 [00:19<00:04, 83.00it/s]Sampling step:  80%|████████  | 1610/2000 [00:19<00:04, 83.07it/s]Sampling step:  81%|████████  | 1619/2000 [00:19<00:04, 83.01it/s]Sampling step:  81%|████████▏ | 1628/2000 [00:19<00:04, 82.80it/s]Sampling step:  82%|████████▏ | 1637/2000 [00:19<00:04, 82.86it/s]Sampling step:  82%|████████▏ | 1646/2000 [00:19<00:04, 82.91it/s]Sampling step:  83%|████████▎ | 1655/2000 [00:20<00:04, 82.61it/s]Sampling step:  83%|████████▎ | 1664/2000 [00:20<00:04, 82.51it/s]Sampling step:  84%|████████▎ | 1673/2000 [00:20<00:03, 82.53it/s]Sampling step:  84%|████████▍ | 1682/2000 [00:20<00:03, 82.69it/s]Sampling step:  85%|████████▍ | 1691/2000 [00:20<00:03, 82.62it/s]Sampling step:  85%|████████▌ | 1700/2000 [00:20<00:03, 82.62it/s]Sampling step:  85%|████████▌ | 1709/2000 [00:20<00:03, 82.51it/s]Sampling step:  86%|████████▌ | 1718/2000 [00:20<00:03, 82.74it/s]Sampling step:  86%|████████▋ | 1727/2000 [00:20<00:03, 82.72it/s]Sampling step:  87%|████████▋ | 1736/2000 [00:21<00:03, 82.73it/s]Sampling step:  87%|████████▋ | 1745/2000 [00:21<00:03, 82.70it/s]Sampling step:  88%|████████▊ | 1754/2000 [00:21<00:02, 82.79it/s]Sampling step:  88%|████████▊ | 1763/2000 [00:21<00:02, 82.89it/s]Sampling step:  89%|████████▊ | 1772/2000 [00:21<00:02, 82.77it/s]Sampling step:  89%|████████▉ | 1781/2000 [00:21<00:02, 82.78it/s]Sampling step:  90%|████████▉ | 1790/2000 [00:21<00:02, 82.65it/s]Sampling step:  90%|████████▉ | 1799/2000 [00:21<00:02, 82.72it/s]Sampling step:  90%|█████████ | 1808/2000 [00:21<00:02, 82.72it/s]Sampling step:  91%|█████████ | 1817/2000 [00:21<00:02, 82.75it/s]Sampling step:  91%|█████████▏| 1826/2000 [00:22<00:02, 82.75it/s]Sampling step:  92%|█████████▏| 1835/2000 [00:22<00:02, 82.39it/s]Sampling step:  92%|█████████▏| 1844/2000 [00:22<00:01, 82.36it/s]Sampling step:  93%|█████████▎| 1853/2000 [00:22<00:01, 82.45it/s]Sampling step:  93%|█████████▎| 1862/2000 [00:22<00:01, 82.56it/s]Sampling step:  94%|█████████▎| 1871/2000 [00:22<00:01, 82.47it/s]Sampling step:  94%|█████████▍| 1880/2000 [00:22<00:01, 82.62it/s]Sampling step:  94%|█████████▍| 1889/2000 [00:22<00:01, 82.70it/s]Sampling step:  95%|█████████▍| 1898/2000 [00:22<00:01, 82.74it/s]Sampling step:  95%|█████████▌| 1907/2000 [00:23<00:01, 82.78it/s]Sampling step:  96%|█████████▌| 1916/2000 [00:23<00:01, 82.81it/s]Sampling step:  96%|█████████▋| 1925/2000 [00:23<00:00, 82.74it/s]Sampling step:  97%|█████████▋| 1934/2000 [00:23<00:00, 82.66it/s]Sampling step:  97%|█████████▋| 1943/2000 [00:23<00:00, 82.59it/s]Sampling step:  98%|█████████▊| 1952/2000 [00:23<00:00, 82.60it/s]Sampling step:  98%|█████████▊| 1961/2000 [00:23<00:00, 82.62it/s]Sampling step:  98%|█████████▊| 1970/2000 [00:23<00:00, 82.77it/s]Sampling step:  99%|█████████▉| 1979/2000 [00:23<00:00, 82.98it/s]Sampling step:  99%|█████████▉| 1988/2000 [00:24<00:00, 82.92it/s]Sampling step: 100%|█████████▉| 1997/2000 [00:24<00:00, 82.73it/s]Sampling step: 100%|██████████| 2000/2000 [00:24<00:00, 82.62it/s]
  [33/40] 0114: diffusion error  2.89 mm | non-rigid residual  0.64 mm
Sampling step:   0%|          | 0/2000 [00:00<?, ?it/s]Sampling step:   0%|          | 8/2000 [00:00<00:26, 74.31it/s]Sampling step:   1%|          | 17/2000 [00:00<00:25, 78.58it/s]Sampling step:   1%|▏         | 26/2000 [00:00<00:24, 80.57it/s]Sampling step:   2%|▏         | 35/2000 [00:00<00:24, 81.26it/s]Sampling step:   2%|▏         | 44/2000 [00:00<00:23, 81.81it/s]Sampling step:   3%|▎         | 53/2000 [00:00<00:23, 82.06it/s]Sampling step:   3%|▎         | 62/2000 [00:00<00:23, 82.13it/s]Sampling step:   4%|▎         | 71/2000 [00:00<00:23, 82.22it/s]Sampling step:   4%|▍         | 80/2000 [00:00<00:23, 82.49it/s]Sampling step:   4%|▍         | 89/2000 [00:01<00:23, 82.44it/s]Sampling step:   5%|▍         | 98/2000 [00:01<00:23, 82.44it/s]Sampling step:   5%|▌         | 107/2000 [00:01<00:22, 82.48it/s]Sampling step:   6%|▌         | 116/2000 [00:01<00:22, 82.51it/s]Sampling step:   6%|▋         | 125/2000 [00:01<00:22, 82.72it/s]Sampling step:   7%|▋         | 134/2000 [00:01<00:22, 82.75it/s]Sampling step:   7%|▋         | 143/2000 [00:01<00:22, 82.62it/s]Sampling step:   8%|▊         | 152/2000 [00:01<00:22, 82.61it/s]Sampling step:   8%|▊         | 161/2000 [00:01<00:22, 82.71it/s]Sampling step:   8%|▊         | 170/2000 [00:02<00:22, 82.64it/s]Sampling step:   9%|▉         | 179/2000 [00:02<00:22, 82.66it/s]Sampling step:   9%|▉         | 188/2000 [00:02<00:21, 82.60it/s]Sampling step:  10%|▉         | 197/2000 [00:02<00:21, 82.40it/s]Sampling step:  10%|█         | 206/2000 [00:02<00:21, 82.56it/s]Sampling step:  11%|█         | 215/2000 [00:02<00:21, 82.55it/s]Sampling step:  11%|█         | 224/2000 [00:02<00:21, 82.51it/s]Sampling step:  12%|█▏        | 233/2000 [00:02<00:21, 82.52it/s]Sampling step:  12%|█▏        | 242/2000 [00:02<00:21, 82.59it/s]Sampling step:  13%|█▎        | 251/2000 [00:03<00:21, 82.72it/s]Sampling step:  13%|█▎        | 260/2000 [00:03<00:21, 82.73it/s]Sampling step:  13%|█▎        | 269/2000 [00:03<00:20, 82.77it/s]Sampling step:  14%|█▍        | 278/2000 [00:03<00:20, 82.97it/s]Sampling step:  14%|█▍        | 287/2000 [00:03<00:20, 82.82it/s]Sampling step:  15%|█▍        | 296/2000 [00:03<00:20, 82.95it/s]Sampling step:  15%|█▌        | 305/2000 [00:03<00:20, 82.95it/s]Sampling step:  16%|█▌        | 314/2000 [00:03<00:20, 82.83it/s]Sampling step:  16%|█▌        | 323/2000 [00:03<00:20, 82.90it/s]Sampling step:  17%|█▋        | 332/2000 [00:04<00:20, 82.81it/s]Sampling step:  17%|█▋        | 341/2000 [00:04<00:20, 82.80it/s]Sampling step:  18%|█▊        | 350/2000 [00:04<00:19, 82.67it/s]Sampling step:  18%|█▊        | 359/2000 [00:04<00:19, 82.89it/s]Sampling step:  18%|█▊        | 368/2000 [00:04<00:19, 82.84it/s]Sampling step:  19%|█▉        | 377/2000 [00:04<00:19, 82.83it/s]Sampling step:  19%|█▉        | 386/2000 [00:04<00:19, 82.86it/s]Sampling step:  20%|█▉        | 395/2000 [00:04<00:19, 82.92it/s]Sampling step:  20%|██        | 404/2000 [00:04<00:19, 82.76it/s]Sampling step:  21%|██        | 413/2000 [00:05<00:19, 82.68it/s]Sampling step:  21%|██        | 422/2000 [00:05<00:19, 82.75it/s]Sampling step:  22%|██▏       | 431/2000 [00:05<00:18, 82.66it/s]Sampling step:  22%|██▏       | 440/2000 [00:05<00:18, 82.79it/s]Sampling step:  22%|██▏       | 449/2000 [00:05<00:18, 82.89it/s]Sampling step:  23%|██▎       | 458/2000 [00:05<00:18, 82.99it/s]Sampling step:  23%|██▎       | 467/2000 [00:05<00:18, 83.09it/s]Sampling step:  24%|██▍       | 476/2000 [00:05<00:18, 82.91it/s]Sampling step:  24%|██▍       | 485/2000 [00:05<00:18, 82.83it/s]Sampling step:  25%|██▍       | 494/2000 [00:05<00:18, 82.78it/s]Sampling step:  25%|██▌       | 503/2000 [00:06<00:18, 82.75it/s]Sampling step:  26%|██▌       | 512/2000 [00:06<00:17, 82.82it/s]Sampling step:  26%|██▌       | 521/2000 [00:06<00:17, 82.96it/s]Sampling step:  26%|██▋       | 530/2000 [00:06<00:17, 82.92it/s]Sampling step:  27%|██▋       | 539/2000 [00:06<00:17, 83.02it/s]Sampling step:  27%|██▋       | 548/2000 [00:06<00:17, 82.86it/s]Sampling step:  28%|██▊       | 557/2000 [00:06<00:17, 82.83it/s]Sampling step:  28%|██▊       | 566/2000 [00:06<00:17, 82.80it/s]Sampling step:  29%|██▉       | 575/2000 [00:06<00:17, 82.68it/s]Sampling step:  29%|██▉       | 584/2000 [00:07<00:17, 82.64it/s]Sampling step:  30%|██▉       | 593/2000 [00:07<00:16, 82.81it/s]Sampling step:  30%|███       | 602/2000 [00:07<00:16, 82.99it/s]Sampling step:  31%|███       | 611/2000 [00:07<00:16, 83.03it/s]Sampling step:  31%|███       | 620/2000 [00:07<00:16, 83.02it/s]Sampling step:  31%|███▏      | 629/2000 [00:07<00:16, 82.89it/s]Sampling step:  32%|███▏      | 638/2000 [00:07<00:16, 82.92it/s]Sampling step:  32%|███▏      | 647/2000 [00:07<00:16, 82.95it/s]Sampling step:  33%|███▎      | 656/2000 [00:07<00:16, 83.02it/s]Sampling step:  33%|███▎      | 665/2000 [00:08<00:16, 82.99it/s]Sampling step:  34%|███▎      | 674/2000 [00:08<00:15, 83.02it/s]Sampling step:  34%|███▍      | 683/2000 [00:08<00:15, 82.94it/s]Sampling step:  35%|███▍      | 692/2000 [00:08<00:15, 83.03it/s]Sampling step:  35%|███▌      | 701/2000 [00:08<00:15, 83.00it/s]Sampling step:  36%|███▌      | 710/2000 [00:08<00:15, 83.00it/s]Sampling step:  36%|███▌      | 719/2000 [00:08<00:15, 82.84it/s]Sampling step:  36%|███▋      | 728/2000 [00:08<00:15, 82.78it/s]Sampling step:  37%|███▋      | 737/2000 [00:08<00:15, 82.76it/s]Sampling step:  37%|███▋      | 746/2000 [00:09<00:15, 82.83it/s]Sampling step:  38%|███▊      | 755/2000 [00:09<00:15, 82.82it/s]Sampling step:  38%|███▊      | 764/2000 [00:09<00:14, 82.66it/s]Sampling step:  39%|███▊      | 773/2000 [00:09<00:14, 82.75it/s]Sampling step:  39%|███▉      | 782/2000 [00:09<00:14, 82.84it/s]Sampling step:  40%|███▉      | 791/2000 [00:09<00:14, 82.85it/s]Sampling step:  40%|████      | 800/2000 [00:09<00:14, 82.87it/s]Sampling step:  40%|████      | 809/2000 [00:09<00:14, 82.83it/s]Sampling step:  41%|████      | 818/2000 [00:09<00:14, 82.93it/s]Sampling step:  41%|████▏     | 827/2000 [00:10<00:14, 82.43it/s]Sampling step:  42%|████▏     | 836/2000 [00:10<00:14, 82.54it/s]Sampling step:  42%|████▏     | 845/2000 [00:10<00:14, 82.48it/s]Sampling step:  43%|████▎     | 854/2000 [00:10<00:13, 82.63it/s]Sampling step:  43%|████▎     | 863/2000 [00:10<00:13, 82.66it/s]Sampling step:  44%|████▎     | 872/2000 [00:10<00:13, 82.62it/s]Sampling step:  44%|████▍     | 881/2000 [00:10<00:13, 82.71it/s]Sampling step:  44%|████▍     | 890/2000 [00:10<00:13, 82.71it/s]Sampling step:  45%|████▍     | 899/2000 [00:10<00:13, 82.42it/s]Sampling step:  45%|████▌     | 908/2000 [00:10<00:13, 82.45it/s]Sampling step:  46%|████▌     | 917/2000 [00:11<00:13, 82.48it/s]Sampling step:  46%|████▋     | 926/2000 [00:11<00:13, 82.59it/s]Sampling step:  47%|████▋     | 935/2000 [00:11<00:12, 82.65it/s]Sampling step:  47%|████▋     | 944/2000 [00:11<00:12, 82.69it/s]Sampling step:  48%|████▊     | 953/2000 [00:11<00:12, 82.75it/s]Sampling step:  48%|████▊     | 962/2000 [00:11<00:12, 82.76it/s]Sampling step:  49%|████▊     | 971/2000 [00:11<00:12, 82.68it/s]Sampling step:  49%|████▉     | 980/2000 [00:11<00:12, 82.69it/s]Sampling step:  49%|████▉     | 989/2000 [00:11<00:12, 82.84it/s]Sampling step:  50%|████▉     | 998/2000 [00:12<00:12, 82.84it/s]Sampling step:  50%|█████     | 1007/2000 [00:12<00:11, 82.79it/s]Sampling step:  51%|█████     | 1016/2000 [00:12<00:11, 82.86it/s]Sampling step:  51%|█████▏    | 1025/2000 [00:12<00:11, 82.77it/s]Sampling step:  52%|█████▏    | 1034/2000 [00:12<00:11, 82.82it/s]Sampling step:  52%|█████▏    | 1043/2000 [00:12<00:11, 82.91it/s]Sampling step:  53%|█████▎    | 1052/2000 [00:12<00:11, 82.80it/s]Sampling step:  53%|█████▎    | 1061/2000 [00:12<00:11, 82.73it/s]Sampling step:  54%|█████▎    | 1070/2000 [00:12<00:11, 82.71it/s]Sampling step:  54%|█████▍    | 1079/2000 [00:13<00:11, 82.37it/s]Sampling step:  54%|█████▍    | 1088/2000 [00:13<00:11, 82.49it/s]Sampling step:  55%|█████▍    | 1097/2000 [00:13<00:10, 82.41it/s]Sampling step:  55%|█████▌    | 1106/2000 [00:13<00:10, 82.60it/s]Sampling step:  56%|█████▌    | 1115/2000 [00:13<00:10, 82.64it/s]Sampling step:  56%|█████▌    | 1124/2000 [00:13<00:10, 82.67it/s]Sampling step:  57%|█████▋    | 1133/2000 [00:13<00:10, 82.68it/s]Sampling step:  57%|█████▋    | 1142/2000 [00:13<00:10, 82.75it/s]Sampling step:  58%|█████▊    | 1151/2000 [00:13<00:10, 82.63it/s]Sampling step:  58%|█████▊    | 1160/2000 [00:14<00:10, 82.69it/s]Sampling step:  58%|█████▊    | 1169/2000 [00:14<00:10, 82.70it/s]Sampling step:  59%|█████▉    | 1178/2000 [00:14<00:09, 82.59it/s]Sampling step:  59%|█████▉    | 1187/2000 [00:14<00:09, 82.65it/s]Sampling step:  60%|█████▉    | 1196/2000 [00:14<00:09, 82.71it/s]Sampling step:  60%|██████    | 1205/2000 [00:14<00:09, 82.69it/s]Sampling step:  61%|██████    | 1214/2000 [00:14<00:09, 82.69it/s]Sampling step:  61%|██████    | 1223/2000 [00:14<00:09, 82.65it/s]Sampling step:  62%|██████▏   | 1232/2000 [00:14<00:09, 82.64it/s]Sampling step:  62%|██████▏   | 1241/2000 [00:15<00:09, 82.66it/s]Sampling step:  62%|██████▎   | 1250/2000 [00:15<00:09, 82.39it/s]Sampling step:  63%|██████▎   | 1259/2000 [00:15<00:08, 82.35it/s]Sampling step:  63%|██████▎   | 1268/2000 [00:15<00:08, 82.49it/s]Sampling step:  64%|██████▍   | 1277/2000 [00:15<00:08, 82.61it/s]Sampling step:  64%|██████▍   | 1286/2000 [00:15<00:08, 82.61it/s]Sampling step:  65%|██████▍   | 1295/2000 [00:15<00:08, 82.66it/s]Sampling step:  65%|██████▌   | 1304/2000 [00:15<00:08, 82.65it/s]Sampling step:  66%|██████▌   | 1313/2000 [00:15<00:08, 82.62it/s]Sampling step:  66%|██████▌   | 1322/2000 [00:15<00:08, 82.72it/s]Sampling step:  67%|██████▋   | 1331/2000 [00:16<00:08, 82.65it/s]Sampling step:  67%|██████▋   | 1340/2000 [00:16<00:07, 82.53it/s]Sampling step:  67%|██████▋   | 1349/2000 [00:16<00:07, 82.53it/s]Sampling step:  68%|██████▊   | 1358/2000 [00:16<00:07, 82.62it/s]Sampling step:  68%|██████▊   | 1367/2000 [00:16<00:07, 82.63it/s]Sampling step:  69%|██████▉   | 1376/2000 [00:16<00:07, 82.67it/s]Sampling step:  69%|██████▉   | 1385/2000 [00:16<00:07, 82.58it/s]Sampling step:  70%|██████▉   | 1394/2000 [00:16<00:07, 82.71it/s]Sampling step:  70%|███████   | 1403/2000 [00:16<00:07, 82.77it/s]Sampling step:  71%|███████   | 1412/2000 [00:17<00:07, 82.71it/s]Sampling step:  71%|███████   | 1421/2000 [00:17<00:07, 82.66it/s]Sampling step:  72%|███████▏  | 1430/2000 [00:17<00:06, 82.54it/s]Sampling step:  72%|███████▏  | 1439/2000 [00:17<00:06, 82.62it/s]Sampling step:  72%|███████▏  | 1448/2000 [00:17<00:06, 82.60it/s]Sampling step:  73%|███████▎  | 1457/2000 [00:17<00:06, 82.62it/s]Sampling step:  73%|███████▎  | 1466/2000 [00:17<00:06, 82.53it/s]Sampling step:  74%|███████▍  | 1475/2000 [00:17<00:06, 82.62it/s]Sampling step:  74%|███████▍  | 1484/2000 [00:17<00:06, 82.76it/s]Sampling step:  75%|███████▍  | 1493/2000 [00:18<00:06, 82.77it/s]Sampling step:  75%|███████▌  | 1502/2000 [00:18<00:06, 82.80it/s]Sampling step:  76%|███████▌  | 1511/2000 [00:18<00:05, 82.69it/s]Sampling step:  76%|███████▌  | 1520/2000 [00:18<00:05, 82.76it/s]Sampling step:  76%|███████▋  | 1529/2000 [00:18<00:05, 82.77it/s]Sampling step:  77%|███████▋  | 1538/2000 [00:18<00:05, 82.78it/s]Sampling step:  77%|███████▋  | 1547/2000 [00:18<00:05, 82.67it/s]Sampling step:  78%|███████▊  | 1556/2000 [00:18<00:05, 82.71it/s]Sampling step:  78%|███████▊  | 1565/2000 [00:18<00:05, 82.66it/s]Sampling step:  79%|███████▊  | 1574/2000 [00:19<00:05, 82.77it/s]Sampling step:  79%|███████▉  | 1583/2000 [00:19<00:05, 82.82it/s]Sampling step:  80%|███████▉  | 1592/2000 [00:19<00:04, 82.68it/s]Sampling step:  80%|████████  | 1601/2000 [00:19<00:04, 82.38it/s]Sampling step:  80%|████████  | 1610/2000 [00:19<00:04, 82.51it/s]Sampling step:  81%|████████  | 1619/2000 [00:19<00:04, 82.54it/s]Sampling step:  81%|████████▏ | 1628/2000 [00:19<00:04, 82.67it/s]Sampling step:  82%|████████▏ | 1637/2000 [00:19<00:04, 82.75it/s]Sampling step:  82%|████████▏ | 1646/2000 [00:19<00:04, 82.78it/s]Sampling step:  83%|████████▎ | 1655/2000 [00:20<00:04, 82.83it/s]Sampling step:  83%|████████▎ | 1664/2000 [00:20<00:04, 82.88it/s]Sampling step:  84%|████████▎ | 1673/2000 [00:20<00:03, 82.72it/s]Sampling step:  84%|████████▍ | 1682/2000 [00:20<00:03, 82.85it/s]Sampling step:  85%|████████▍ | 1691/2000 [00:20<00:03, 82.87it/s]Sampling step:  85%|████████▌ | 1700/2000 [00:20<00:03, 82.85it/s]Sampling step:  85%|████████▌ | 1709/2000 [00:20<00:03, 82.88it/s]Sampling step:  86%|████████▌ | 1718/2000 [00:20<00:03, 82.85it/s]Sampling step:  86%|████████▋ | 1727/2000 [00:20<00:03, 82.96it/s]Sampling step:  87%|████████▋ | 1736/2000 [00:20<00:03, 82.97it/s]Sampling step:  87%|████████▋ | 1745/2000 [00:21<00:03, 82.91it/s]Sampling step:  88%|████████▊ | 1754/2000 [00:21<00:02, 82.70it/s]Sampling step:  88%|████████▊ | 1763/2000 [00:21<00:02, 82.74it/s]Sampling step:  89%|████████▊ | 1772/2000 [00:21<00:02, 82.73it/s]Sampling step:  89%|████████▉ | 1781/2000 [00:21<00:02, 82.45it/s]Sampling step:  90%|████████▉ | 1790/2000 [00:21<00:02, 82.65it/s]Sampling step:  90%|████████▉ | 1799/2000 [00:21<00:02, 82.75it/s]Sampling step:  90%|█████████ | 1808/2000 [00:21<00:02, 82.83it/s]Sampling step:  91%|█████████ | 1817/2000 [00:21<00:02, 82.81it/s]Sampling step:  91%|█████████▏| 1826/2000 [00:22<00:02, 82.85it/s]Sampling step:  92%|█████████▏| 1835/2000 [00:22<00:01, 82.76it/s]Sampling step:  92%|█████████▏| 1844/2000 [00:22<00:01, 82.80it/s]Sampling step:  93%|█████████▎| 1853/2000 [00:22<00:01, 82.92it/s]Sampling step:  93%|█████████▎| 1862/2000 [00:22<00:01, 82.89it/s]Sampling step:  94%|█████████▎| 1871/2000 [00:22<00:01, 82.91it/s]Sampling step:  94%|█████████▍| 1880/2000 [00:22<00:01, 82.73it/s]Sampling step:  94%|█████████▍| 1889/2000 [00:22<00:01, 82.84it/s]Sampling step:  95%|█████████▍| 1898/2000 [00:22<00:01, 82.93it/s]Sampling step:  95%|█████████▌| 1907/2000 [00:23<00:01, 82.96it/s]Sampling step:  96%|█████████▌| 1916/2000 [00:23<00:01, 82.83it/s]Sampling step:  96%|█████████▋| 1925/2000 [00:23<00:00, 82.78it/s]Sampling step:  97%|█████████▋| 1934/2000 [00:23<00:00, 82.88it/s]Sampling step:  97%|█████████▋| 1943/2000 [00:23<00:00, 82.91it/s]Sampling step:  98%|█████████▊| 1952/2000 [00:23<00:00, 82.98it/s]Sampling step:  98%|█████████▊| 1961/2000 [00:23<00:00, 82.73it/s]Sampling step:  98%|█████████▊| 1970/2000 [00:23<00:00, 82.79it/s]Sampling step:  99%|█████████▉| 1979/2000 [00:23<00:00, 82.70it/s]Sampling step:  99%|█████████▉| 1988/2000 [00:24<00:00, 82.76it/s]Sampling step: 100%|█████████▉| 1997/2000 [00:24<00:00, 82.78it/s]Sampling step: 100%|██████████| 2000/2000 [00:24<00:00, 82.69it/s]
  [34/40] 0115: diffusion error  4.89 mm | non-rigid residual  0.77 mm
Sampling step:   0%|          | 0/2000 [00:00<?, ?it/s]Sampling step:   0%|          | 8/2000 [00:00<00:26, 74.22it/s]Sampling step:   1%|          | 17/2000 [00:00<00:25, 79.13it/s]Sampling step:   1%|▏         | 26/2000 [00:00<00:24, 79.88it/s]Sampling step:   2%|▏         | 35/2000 [00:00<00:24, 81.10it/s]Sampling step:   2%|▏         | 44/2000 [00:00<00:23, 81.70it/s]Sampling step:   3%|▎         | 53/2000 [00:00<00:23, 82.06it/s]Sampling step:   3%|▎         | 62/2000 [00:00<00:23, 82.29it/s]Sampling step:   4%|▎         | 71/2000 [00:00<00:23, 82.37it/s]Sampling step:   4%|▍         | 80/2000 [00:00<00:23, 82.49it/s]Sampling step:   4%|▍         | 89/2000 [00:01<00:23, 82.62it/s]Sampling step:   5%|▍         | 98/2000 [00:01<00:23, 82.52it/s]Sampling step:   5%|▌         | 107/2000 [00:01<00:22, 82.62it/s]Sampling step:   6%|▌         | 116/2000 [00:01<00:22, 82.66it/s]Sampling step:   6%|▋         | 125/2000 [00:01<00:22, 82.65it/s]Sampling step:   7%|▋         | 134/2000 [00:01<00:22, 82.73it/s]Sampling step:   7%|▋         | 143/2000 [00:01<00:22, 82.76it/s]Sampling step:   8%|▊         | 152/2000 [00:01<00:22, 82.54it/s]Sampling step:   8%|▊         | 161/2000 [00:01<00:22, 82.55it/s]Sampling step:   8%|▊         | 170/2000 [00:02<00:22, 82.68it/s]Sampling step:   9%|▉         | 179/2000 [00:02<00:21, 82.83it/s]Sampling step:   9%|▉         | 188/2000 [00:02<00:21, 82.82it/s]Sampling step:  10%|▉         | 197/2000 [00:02<00:21, 82.44it/s]Sampling step:  10%|█         | 206/2000 [00:02<00:21, 82.59it/s]Sampling step:  11%|█         | 215/2000 [00:02<00:21, 82.63it/s]Sampling step:  11%|█         | 224/2000 [00:02<00:21, 82.68it/s]Sampling step:  12%|█▏        | 233/2000 [00:02<00:21, 82.73it/s]Sampling step:  12%|█▏        | 242/2000 [00:02<00:21, 82.70it/s]Sampling step:  13%|█▎        | 251/2000 [00:03<00:21, 82.64it/s]Sampling step:  13%|█▎        | 260/2000 [00:03<00:21, 82.71it/s]Sampling step:  13%|█▎        | 269/2000 [00:03<00:20, 82.86it/s]Sampling step:  14%|█▍        | 278/2000 [00:03<00:20, 82.73it/s]Sampling step:  14%|█▍        | 287/2000 [00:03<00:20, 82.71it/s]Sampling step:  15%|█▍        | 296/2000 [00:03<00:20, 82.80it/s]Sampling step:  15%|█▌        | 305/2000 [00:03<00:20, 82.85it/s]Sampling step:  16%|█▌        | 314/2000 [00:03<00:20, 82.82it/s]Sampling step:  16%|█▌        | 323/2000 [00:03<00:20, 82.79it/s]Sampling step:  17%|█▋        | 332/2000 [00:04<00:20, 82.82it/s]Sampling step:  17%|█▋        | 341/2000 [00:04<00:20, 82.74it/s]Sampling step:  18%|█▊        | 350/2000 [00:04<00:19, 82.74it/s]Sampling step:  18%|█▊        | 359/2000 [00:04<00:19, 82.62it/s]Sampling step:  18%|█▊        | 368/2000 [00:04<00:19, 82.74it/s]Sampling step:  19%|█▉        | 377/2000 [00:04<00:19, 82.57it/s]Sampling step:  19%|█▉        | 386/2000 [00:04<00:19, 82.61it/s]Sampling step:  20%|█▉        | 395/2000 [00:04<00:19, 82.62it/s]Sampling step:  20%|██        | 404/2000 [00:04<00:19, 82.68it/s]Sampling step:  21%|██        | 413/2000 [00:05<00:19, 82.69it/s]Sampling step:  21%|██        | 422/2000 [00:05<00:19, 82.71it/s]Sampling step:  22%|██▏       | 431/2000 [00:05<00:18, 82.77it/s]Sampling step:  22%|██▏       | 440/2000 [00:05<00:18, 82.70it/s]Sampling step:  22%|██▏       | 449/2000 [00:05<00:18, 82.78it/s]Sampling step:  23%|██▎       | 458/2000 [00:05<00:18, 82.86it/s]Sampling step:  23%|██▎       | 467/2000 [00:05<00:18, 82.76it/s]Sampling step:  24%|██▍       | 476/2000 [00:05<00:18, 82.82it/s]Sampling step:  24%|██▍       | 485/2000 [00:05<00:18, 82.73it/s]Sampling step:  25%|██▍       | 494/2000 [00:05<00:18, 82.79it/s]Sampling step:  25%|██▌       | 503/2000 [00:06<00:18, 82.80it/s]Sampling step:  26%|██▌       | 512/2000 [00:06<00:17, 82.87it/s]Sampling step:  26%|██▌       | 521/2000 [00:06<00:17, 82.89it/s]Sampling step:  26%|██▋       | 530/2000 [00:06<00:17, 82.97it/s]Sampling step:  27%|██▋       | 539/2000 [00:06<00:17, 83.10it/s]Sampling step:  27%|██▋       | 548/2000 [00:06<00:17, 83.06it/s]Sampling step:  28%|██▊       | 557/2000 [00:06<00:17, 82.98it/s]Sampling step:  28%|██▊       | 566/2000 [00:06<00:17, 82.82it/s]Sampling step:  29%|██▉       | 575/2000 [00:06<00:17, 82.77it/s]Sampling step:  29%|██▉       | 584/2000 [00:07<00:17, 82.82it/s]Sampling step:  30%|██▉       | 593/2000 [00:07<00:17, 82.72it/s]Sampling step:  30%|███       | 602/2000 [00:07<00:16, 82.62it/s]Sampling step:  31%|███       | 611/2000 [00:07<00:16, 82.62it/s]Sampling step:  31%|███       | 620/2000 [00:07<00:16, 82.65it/s]Sampling step:  31%|███▏      | 629/2000 [00:07<00:16, 82.68it/s]Sampling step:  32%|███▏      | 638/2000 [00:07<00:16, 82.66it/s]Sampling step:  32%|███▏      | 647/2000 [00:07<00:16, 82.59it/s]Sampling step:  33%|███▎      | 656/2000 [00:07<00:16, 82.71it/s]Sampling step:  33%|███▎      | 665/2000 [00:08<00:16, 82.74it/s]Sampling step:  34%|███▎      | 674/2000 [00:08<00:16, 82.78it/s]Sampling step:  34%|███▍      | 683/2000 [00:08<00:15, 82.80it/s]Sampling step:  35%|███▍      | 692/2000 [00:08<00:15, 82.72it/s]Sampling step:  35%|███▌      | 701/2000 [00:08<00:15, 82.88it/s]Sampling step:  36%|███▌      | 710/2000 [00:08<00:15, 83.02it/s]Sampling step:  36%|███▌      | 719/2000 [00:08<00:15, 82.96it/s]Sampling step:  36%|███▋      | 728/2000 [00:08<00:15, 82.56it/s]Sampling step:  37%|███▋      | 737/2000 [00:08<00:15, 82.74it/s]Sampling step:  37%|███▋      | 746/2000 [00:09<00:15, 82.80it/s]Sampling step:  38%|███▊      | 755/2000 [00:09<00:15, 82.97it/s]Sampling step:  38%|███▊      | 764/2000 [00:09<00:14, 82.87it/s]Sampling step:  39%|███▊      | 773/2000 [00:09<00:14, 82.65it/s]Sampling step:  39%|███▉      | 782/2000 [00:09<00:14, 82.73it/s]Sampling step:  40%|███▉      | 791/2000 [00:09<00:14, 82.85it/s]Sampling step:  40%|████      | 800/2000 [00:09<00:14, 82.86it/s]Sampling step:  40%|████      | 809/2000 [00:09<00:14, 82.79it/s]Sampling step:  41%|████      | 818/2000 [00:09<00:14, 82.83it/s]Sampling step:  41%|████▏     | 827/2000 [00:10<00:14, 82.83it/s]Sampling step:  42%|████▏     | 836/2000 [00:10<00:14, 82.96it/s]Sampling step:  42%|████▏     | 845/2000 [00:10<00:13, 83.07it/s]Sampling step:  43%|████▎     | 854/2000 [00:10<00:13, 83.00it/s]Sampling step:  43%|████▎     | 863/2000 [00:10<00:13, 82.95it/s]Sampling step:  44%|████▎     | 872/2000 [00:10<00:13, 83.11it/s]Sampling step:  44%|████▍     | 881/2000 [00:10<00:13, 83.09it/s]Sampling step:  44%|████▍     | 890/2000 [00:10<00:13, 83.09it/s]Sampling step:  45%|████▍     | 899/2000 [00:10<00:13, 82.86it/s]Sampling step:  45%|████▌     | 908/2000 [00:10<00:13, 82.88it/s]Sampling step:  46%|████▌     | 917/2000 [00:11<00:13, 82.89it/s]Sampling step:  46%|████▋     | 926/2000 [00:11<00:12, 82.79it/s]Sampling step:  47%|████▋     | 935/2000 [00:11<00:12, 82.75it/s]Sampling step:  47%|████▋     | 944/2000 [00:11<00:12, 82.90it/s]Sampling step:  48%|████▊     | 953/2000 [00:11<00:12, 82.91it/s]Sampling step:  48%|████▊     | 962/2000 [00:11<00:12, 82.93it/s]Sampling step:  49%|████▊     | 971/2000 [00:11<00:12, 83.03it/s]Sampling step:  49%|████▉     | 980/2000 [00:11<00:12, 82.95it/s]Sampling step:  49%|████▉     | 989/2000 [00:11<00:12, 82.94it/s]Sampling step:  50%|████▉     | 998/2000 [00:12<00:12, 83.03it/s]Sampling step:  50%|█████     | 1007/2000 [00:12<00:11, 82.95it/s]Sampling step:  51%|█████     | 1016/2000 [00:12<00:11, 83.04it/s]Sampling step:  51%|█████▏    | 1025/2000 [00:12<00:11, 82.97it/s]Sampling step:  52%|█████▏    | 1034/2000 [00:12<00:11, 83.01it/s]Sampling step:  52%|█████▏    | 1043/2000 [00:12<00:11, 82.99it/s]Sampling step:  53%|█████▎    | 1052/2000 [00:12<00:11, 83.07it/s]Sampling step:  53%|█████▎    | 1061/2000 [00:12<00:11, 82.92it/s]Sampling step:  54%|█████▎    | 1070/2000 [00:12<00:11, 82.99it/s]Sampling step:  54%|█████▍    | 1079/2000 [00:13<00:11, 82.87it/s]Sampling step:  54%|█████▍    | 1088/2000 [00:13<00:10, 82.99it/s]Sampling step:  55%|█████▍    | 1097/2000 [00:13<00:10, 82.82it/s]Sampling step:  55%|█████▌    | 1106/2000 [00:13<00:10, 82.73it/s]Sampling step:  56%|█████▌    | 1115/2000 [00:13<00:10, 82.89it/s]Sampling step:  56%|█████▌    | 1124/2000 [00:13<00:10, 82.85it/s]Sampling step:  57%|█████▋    | 1133/2000 [00:13<00:10, 82.90it/s]Sampling step:  57%|█████▋    | 1142/2000 [00:13<00:10, 82.88it/s]Sampling step:  58%|█████▊    | 1151/2000 [00:13<00:10, 82.86it/s]Sampling step:  58%|█████▊    | 1160/2000 [00:14<00:10, 82.94it/s]Sampling step:  58%|█████▊    | 1169/2000 [00:14<00:10, 82.92it/s]Sampling step:  59%|█████▉    | 1178/2000 [00:14<00:09, 82.95it/s]Sampling step:  59%|█████▉    | 1187/2000 [00:14<00:09, 82.86it/s]Sampling step:  60%|█████▉    | 1196/2000 [00:14<00:09, 82.98it/s]Sampling step:  60%|██████    | 1205/2000 [00:14<00:09, 83.06it/s]Sampling step:  61%|██████    | 1214/2000 [00:14<00:09, 83.13it/s]Sampling step:  61%|██████    | 1223/2000 [00:14<00:09, 83.02it/s]Sampling step:  62%|██████▏   | 1232/2000 [00:14<00:09, 82.96it/s]Sampling step:  62%|██████▏   | 1241/2000 [00:14<00:09, 82.95it/s]Sampling step:  62%|██████▎   | 1250/2000 [00:15<00:09, 83.08it/s]Sampling step:  63%|██████▎   | 1259/2000 [00:15<00:08, 82.89it/s]Sampling step:  63%|██████▎   | 1268/2000 [00:15<00:08, 82.70it/s]Sampling step:  64%|██████▍   | 1277/2000 [00:15<00:08, 82.80it/s]Sampling step:  64%|██████▍   | 1286/2000 [00:15<00:08, 82.86it/s]Sampling step:  65%|██████▍   | 1295/2000 [00:15<00:08, 82.87it/s]Sampling step:  65%|██████▌   | 1304/2000 [00:15<00:08, 82.85it/s]Sampling step:  66%|██████▌   | 1313/2000 [00:15<00:08, 82.81it/s]Sampling step:  66%|██████▌   | 1322/2000 [00:15<00:08, 82.94it/s]Sampling step:  67%|██████▋   | 1331/2000 [00:16<00:08, 83.01it/s]Sampling step:  67%|██████▋   | 1340/2000 [00:16<00:07, 82.97it/s]Sampling step:  67%|██████▋   | 1349/2000 [00:16<00:07, 82.89it/s]Sampling step:  68%|██████▊   | 1358/2000 [00:16<00:07, 82.88it/s]Sampling step:  68%|██████▊   | 1367/2000 [00:16<00:07, 82.94it/s]Sampling step:  69%|██████▉   | 1376/2000 [00:16<00:07, 82.93it/s]Sampling step:  69%|██████▉   | 1385/2000 [00:16<00:07, 82.97it/s]Sampling step:  70%|██████▉   | 1394/2000 [00:16<00:07, 82.83it/s]Sampling step:  70%|███████   | 1403/2000 [00:16<00:07, 82.85it/s]Sampling step:  71%|███████   | 1412/2000 [00:17<00:07, 83.01it/s]Sampling step:  71%|███████   | 1421/2000 [00:17<00:06, 83.06it/s]Sampling step:  72%|███████▏  | 1430/2000 [00:17<00:06, 82.79it/s]Sampling step:  72%|███████▏  | 1439/2000 [00:17<00:06, 82.74it/s]Sampling step:  72%|███████▏  | 1448/2000 [00:17<00:06, 82.87it/s]Sampling step:  73%|███████▎  | 1457/2000 [00:17<00:06, 82.88it/s]Sampling step:  73%|███████▎  | 1466/2000 [00:17<00:06, 82.77it/s]Sampling step:  74%|███████▍  | 1475/2000 [00:17<00:06, 82.67it/s]Sampling step:  74%|███████▍  | 1484/2000 [00:17<00:06, 82.69it/s]Sampling step:  75%|███████▍  | 1493/2000 [00:18<00:06, 82.77it/s]Sampling step:  75%|███████▌  | 1502/2000 [00:18<00:06, 82.89it/s]Sampling step:  76%|███████▌  | 1511/2000 [00:18<00:05, 82.93it/s]Sampling step:  76%|███████▌  | 1520/2000 [00:18<00:05, 82.85it/s]Sampling step:  76%|███████▋  | 1529/2000 [00:18<00:05, 82.86it/s]Sampling step:  77%|███████▋  | 1538/2000 [00:18<00:05, 82.91it/s]Sampling step:  77%|███████▋  | 1547/2000 [00:18<00:05, 82.83it/s]Sampling step:  78%|███████▊  | 1556/2000 [00:18<00:05, 82.80it/s]Sampling step:  78%|███████▊  | 1565/2000 [00:18<00:05, 82.63it/s]Sampling step:  79%|███████▊  | 1574/2000 [00:19<00:05, 82.82it/s]Sampling step:  79%|███████▉  | 1583/2000 [00:19<00:05, 82.82it/s]Sampling step:  80%|███████▉  | 1592/2000 [00:19<00:04, 82.69it/s]Sampling step:  80%|████████  | 1601/2000 [00:19<00:04, 82.74it/s]Sampling step:  80%|████████  | 1610/2000 [00:19<00:04, 82.52it/s]Sampling step:  81%|████████  | 1619/2000 [00:19<00:04, 82.61it/s]Sampling step:  81%|████████▏ | 1628/2000 [00:19<00:04, 82.75it/s]Sampling step:  82%|████████▏ | 1637/2000 [00:19<00:04, 82.77it/s]Sampling step:  82%|████████▏ | 1646/2000 [00:19<00:04, 82.74it/s]Sampling step:  83%|████████▎ | 1655/2000 [00:19<00:04, 82.92it/s]Sampling step:  83%|████████▎ | 1664/2000 [00:20<00:04, 82.79it/s]Sampling step:  84%|████████▎ | 1673/2000 [00:20<00:03, 82.95it/s]Sampling step:  84%|████████▍ | 1682/2000 [00:20<00:03, 82.84it/s]Sampling step:  85%|████████▍ | 1691/2000 [00:20<00:03, 82.90it/s]Sampling step:  85%|████████▌ | 1700/2000 [00:20<00:03, 83.13it/s]Sampling step:  85%|████████▌ | 1709/2000 [00:20<00:03, 83.07it/s]Sampling step:  86%|████████▌ | 1718/2000 [00:20<00:03, 83.14it/s]Sampling step:  86%|████████▋ | 1727/2000 [00:20<00:03, 82.97it/s]Sampling step:  87%|████████▋ | 1736/2000 [00:20<00:03, 82.98it/s]Sampling step:  87%|████████▋ | 1745/2000 [00:21<00:03, 83.02it/s]Sampling step:  88%|████████▊ | 1754/2000 [00:21<00:02, 82.09it/s]Sampling step:  88%|████████▊ | 1763/2000 [00:21<00:02, 82.17it/s]Sampling step:  89%|████████▊ | 1772/2000 [00:21<00:02, 82.48it/s]Sampling step:  89%|████████▉ | 1781/2000 [00:21<00:02, 82.49it/s]Sampling step:  90%|████████▉ | 1790/2000 [00:21<00:02, 82.71it/s]Sampling step:  90%|████████▉ | 1799/2000 [00:21<00:02, 82.86it/s]Sampling step:  90%|█████████ | 1808/2000 [00:21<00:02, 82.87it/s]Sampling step:  91%|█████████ | 1817/2000 [00:21<00:02, 82.84it/s]Sampling step:  91%|█████████▏| 1826/2000 [00:22<00:02, 82.86it/s]Sampling step:  92%|█████████▏| 1835/2000 [00:22<00:01, 82.96it/s]Sampling step:  92%|█████████▏| 1844/2000 [00:22<00:01, 83.04it/s]Sampling step:  93%|█████████▎| 1853/2000 [00:22<00:01, 82.85it/s]Sampling step:  93%|█████████▎| 1862/2000 [00:22<00:01, 82.89it/s]Sampling step:  94%|█████████▎| 1871/2000 [00:22<00:01, 82.90it/s]Sampling step:  94%|█████████▍| 1880/2000 [00:22<00:01, 83.01it/s]Sampling step:  94%|█████████▍| 1889/2000 [00:22<00:01, 82.82it/s]Sampling step:  95%|█████████▍| 1898/2000 [00:22<00:01, 82.82it/s]Sampling step:  95%|█████████▌| 1907/2000 [00:23<00:01, 82.93it/s]Sampling step:  96%|█████████▌| 1916/2000 [00:23<00:01, 83.05it/s]Sampling step:  96%|█████████▋| 1925/2000 [00:23<00:00, 82.99it/s]Sampling step:  97%|█████████▋| 1934/2000 [00:23<00:00, 82.79it/s]Sampling step:  97%|█████████▋| 1943/2000 [00:23<00:00, 82.75it/s]Sampling step:  98%|█████████▊| 1952/2000 [00:23<00:00, 82.75it/s]Sampling step:  98%|█████████▊| 1961/2000 [00:23<00:00, 82.45it/s]Sampling step:  98%|█████████▊| 1970/2000 [00:23<00:00, 82.65it/s]Sampling step:  99%|█████████▉| 1979/2000 [00:23<00:00, 82.65it/s]Sampling step:  99%|█████████▉| 1988/2000 [00:24<00:00, 82.76it/s]Sampling step: 100%|█████████▉| 1997/2000 [00:24<00:00, 82.77it/s]Sampling step: 100%|██████████| 2000/2000 [00:24<00:00, 82.77it/s]
  [35/40] 0125: diffusion error  6.07 mm | non-rigid residual  0.80 mm
Sampling step:   0%|          | 0/2000 [00:00<?, ?it/s]Sampling step:   0%|          | 8/2000 [00:00<00:26, 74.37it/s]Sampling step:   1%|          | 17/2000 [00:00<00:25, 79.09it/s]Sampling step:   1%|▏         | 26/2000 [00:00<00:24, 80.79it/s]Sampling step:   2%|▏         | 35/2000 [00:00<00:24, 81.26it/s]Sampling step:   2%|▏         | 44/2000 [00:00<00:23, 81.72it/s]Sampling step:   3%|▎         | 53/2000 [00:00<00:23, 81.97it/s]Sampling step:   3%|▎         | 62/2000 [00:00<00:23, 82.30it/s]Sampling step:   4%|▎         | 71/2000 [00:00<00:23, 82.49it/s]Sampling step:   4%|▍         | 80/2000 [00:00<00:23, 82.52it/s]Sampling step:   4%|▍         | 89/2000 [00:01<00:23, 82.43it/s]Sampling step:   5%|▍         | 98/2000 [00:01<00:23, 82.64it/s]Sampling step:   5%|▌         | 107/2000 [00:01<00:22, 82.46it/s]Sampling step:   6%|▌         | 116/2000 [00:01<00:22, 82.31it/s]Sampling step:   6%|▋         | 125/2000 [00:01<00:22, 82.40it/s]Sampling step:   7%|▋         | 134/2000 [00:01<00:22, 82.51it/s]Sampling step:   7%|▋         | 143/2000 [00:01<00:22, 82.63it/s]Sampling step:   8%|▊         | 152/2000 [00:01<00:22, 82.71it/s]Sampling step:   8%|▊         | 161/2000 [00:01<00:22, 82.63it/s]Sampling step:   8%|▊         | 170/2000 [00:02<00:22, 82.64it/s]Sampling step:   9%|▉         | 179/2000 [00:02<00:22, 82.62it/s]Sampling step:   9%|▉         | 188/2000 [00:02<00:21, 82.74it/s]Sampling step:  10%|▉         | 197/2000 [00:02<00:21, 82.77it/s]Sampling step:  10%|█         | 206/2000 [00:02<00:21, 82.85it/s]Sampling step:  11%|█         | 215/2000 [00:02<00:21, 82.80it/s]Sampling step:  11%|█         | 224/2000 [00:02<00:21, 82.79it/s]Sampling step:  12%|█▏        | 233/2000 [00:02<00:21, 82.82it/s]Sampling step:  12%|█▏        | 242/2000 [00:02<00:21, 82.69it/s]Sampling step:  13%|█▎        | 251/2000 [00:03<00:21, 82.71it/s]Sampling step:  13%|█▎        | 260/2000 [00:03<00:21, 82.64it/s]Sampling step:  13%|█▎        | 269/2000 [00:03<00:20, 82.72it/s]Sampling step:  14%|█▍        | 278/2000 [00:03<00:20, 82.66it/s]Sampling step:  14%|█▍        | 287/2000 [00:03<00:20, 82.43it/s]Sampling step:  15%|█▍        | 296/2000 [00:03<00:20, 82.62it/s]Sampling step:  15%|█▌        | 305/2000 [00:03<00:20, 82.69it/s]Sampling step:  16%|█▌        | 314/2000 [00:03<00:20, 82.72it/s]Sampling step:  16%|█▌        | 323/2000 [00:03<00:20, 82.71it/s]Sampling step:  17%|█▋        | 332/2000 [00:04<00:20, 82.65it/s]Sampling step:  17%|█▋        | 341/2000 [00:04<00:20, 82.68it/s]Sampling step:  18%|█▊        | 350/2000 [00:04<00:19, 82.59it/s]Sampling step:  18%|█▊        | 359/2000 [00:04<00:19, 82.61it/s]Sampling step:  18%|█▊        | 368/2000 [00:04<00:19, 82.63it/s]Sampling step:  19%|█▉        | 377/2000 [00:04<00:19, 82.60it/s]Sampling step:  19%|█▉        | 386/2000 [00:04<00:19, 82.66it/s]Sampling step:  20%|█▉        | 395/2000 [00:04<00:19, 82.76it/s]Sampling step:  20%|██        | 404/2000 [00:04<00:19, 82.80it/s]Sampling step:  21%|██        | 413/2000 [00:05<00:19, 82.83it/s]Sampling step:  21%|██        | 422/2000 [00:05<00:19, 82.88it/s]Sampling step:  22%|██▏       | 431/2000 [00:05<00:18, 82.93it/s]Sampling step:  22%|██▏       | 440/2000 [00:05<00:18, 82.89it/s]Sampling step:  22%|██▏       | 449/2000 [00:05<00:18, 82.97it/s]Sampling step:  23%|██▎       | 458/2000 [00:05<00:18, 82.50it/s]Sampling step:  23%|██▎       | 467/2000 [00:05<00:18, 82.58it/s]Sampling step:  24%|██▍       | 476/2000 [00:05<00:18, 82.73it/s]Sampling step:  24%|██▍       | 485/2000 [00:05<00:18, 82.85it/s]Sampling step:  25%|██▍       | 494/2000 [00:05<00:18, 82.81it/s]Sampling step:  25%|██▌       | 503/2000 [00:06<00:18, 82.88it/s]Sampling step:  26%|██▌       | 512/2000 [00:06<00:17, 82.94it/s]Sampling step:  26%|██▌       | 521/2000 [00:06<00:17, 83.04it/s]Sampling step:  26%|██▋       | 530/2000 [00:06<00:17, 82.92it/s]Sampling step:  27%|██▋       | 539/2000 [00:06<00:17, 83.03it/s]Sampling step:  27%|██▋       | 548/2000 [00:06<00:17, 83.10it/s]Sampling step:  28%|██▊       | 557/2000 [00:06<00:17, 83.11it/s]Sampling step:  28%|██▊       | 566/2000 [00:06<00:17, 83.08it/s]Sampling step:  29%|██▉       | 575/2000 [00:06<00:17, 82.87it/s]Sampling step:  29%|██▉       | 584/2000 [00:07<00:17, 82.81it/s]Sampling step:  30%|██▉       | 593/2000 [00:07<00:16, 82.91it/s]Sampling step:  30%|███       | 602/2000 [00:07<00:16, 82.82it/s]Sampling step:  31%|███       | 611/2000 [00:07<00:16, 82.63it/s]Sampling step:  31%|███       | 620/2000 [00:07<00:16, 82.58it/s]Sampling step:  31%|███▏      | 629/2000 [00:07<00:16, 82.90it/s]Sampling step:  32%|███▏      | 638/2000 [00:07<00:16, 82.60it/s]Sampling step:  32%|███▏      | 647/2000 [00:07<00:16, 82.65it/s]Sampling step:  33%|███▎      | 656/2000 [00:07<00:16, 82.62it/s]Sampling step:  33%|███▎      | 665/2000 [00:08<00:16, 82.70it/s]Sampling step:  34%|███▎      | 674/2000 [00:08<00:16, 82.65it/s]Sampling step:  34%|███▍      | 683/2000 [00:08<00:15, 82.67it/s]Sampling step:  35%|███▍      | 692/2000 [00:08<00:15, 82.61it/s]Sampling step:  35%|███▌      | 701/2000 [00:08<00:15, 82.49it/s]Sampling step:  36%|███▌      | 710/2000 [00:08<00:15, 82.69it/s]Sampling step:  36%|███▌      | 719/2000 [00:08<00:15, 82.68it/s]Sampling step:  36%|███▋      | 728/2000 [00:08<00:15, 82.74it/s]Sampling step:  37%|███▋      | 737/2000 [00:08<00:15, 82.74it/s]Sampling step:  37%|███▋      | 746/2000 [00:09<00:15, 82.79it/s]Sampling step:  38%|███▊      | 755/2000 [00:09<00:15, 82.75it/s]Sampling step:  38%|███▊      | 764/2000 [00:09<00:14, 82.77it/s]Sampling step:  39%|███▊      | 773/2000 [00:09<00:14, 82.80it/s]Sampling step:  39%|███▉      | 782/2000 [00:09<00:14, 82.70it/s]Sampling step:  40%|███▉      | 791/2000 [00:09<00:14, 82.75it/s]Sampling step:  40%|████      | 800/2000 [00:09<00:14, 82.89it/s]Sampling step:  40%|████      | 809/2000 [00:09<00:14, 82.56it/s]Sampling step:  41%|████      | 818/2000 [00:09<00:14, 82.60it/s]Sampling step:  41%|████▏     | 827/2000 [00:10<00:14, 82.62it/s]Sampling step:  42%|████▏     | 836/2000 [00:10<00:14, 82.64it/s]Sampling step:  42%|████▏     | 845/2000 [00:10<00:13, 82.66it/s]Sampling step:  43%|████▎     | 854/2000 [00:10<00:13, 82.72it/s]Sampling step:  43%|████▎     | 863/2000 [00:10<00:13, 82.74it/s]Sampling step:  44%|████▎     | 872/2000 [00:10<00:13, 82.88it/s]Sampling step:  44%|████▍     | 881/2000 [00:10<00:13, 82.98it/s]Sampling step:  44%|████▍     | 890/2000 [00:10<00:13, 82.88it/s]Sampling step:  45%|████▍     | 899/2000 [00:10<00:13, 82.83it/s]Sampling step:  45%|████▌     | 908/2000 [00:10<00:13, 82.93it/s]Sampling step:  46%|████▌     | 917/2000 [00:11<00:13, 83.03it/s]Sampling step:  46%|████▋     | 926/2000 [00:11<00:12, 83.02it/s]Sampling step:  47%|████▋     | 935/2000 [00:11<00:12, 82.95it/s]Sampling step:  47%|████▋     | 944/2000 [00:11<00:12, 82.94it/s]Sampling step:  48%|████▊     | 953/2000 [00:11<00:12, 82.77it/s]Sampling step:  48%|████▊     | 962/2000 [00:11<00:12, 82.66it/s]Sampling step:  49%|████▊     | 971/2000 [00:11<00:12, 82.69it/s]Sampling step:  49%|████▉     | 980/2000 [00:11<00:12, 82.69it/s]Sampling step:  49%|████▉     | 989/2000 [00:11<00:12, 82.64it/s]Sampling step:  50%|████▉     | 998/2000 [00:12<00:12, 82.68it/s]Sampling step:  50%|█████     | 1007/2000 [00:12<00:11, 82.84it/s]Sampling step:  51%|█████     | 1016/2000 [00:12<00:11, 82.76it/s]Sampling step:  51%|█████▏    | 1025/2000 [00:12<00:11, 82.81it/s]Sampling step:  52%|█████▏    | 1034/2000 [00:12<00:11, 82.70it/s]Sampling step:  52%|█████▏    | 1043/2000 [00:12<00:11, 82.80it/s]Sampling step:  53%|█████▎    | 1052/2000 [00:12<00:11, 82.86it/s]Sampling step:  53%|█████▎    | 1061/2000 [00:12<00:11, 82.84it/s]Sampling step:  54%|█████▎    | 1070/2000 [00:12<00:11, 82.79it/s]Sampling step:  54%|█████▍    | 1079/2000 [00:13<00:11, 82.78it/s]Sampling step:  54%|█████▍    | 1088/2000 [00:13<00:11, 82.73it/s]Sampling step:  55%|█████▍    | 1097/2000 [00:13<00:10, 82.73it/s]Sampling step:  55%|█████▌    | 1106/2000 [00:13<00:10, 82.85it/s]Sampling step:  56%|█████▌    | 1115/2000 [00:13<00:10, 82.81it/s]Sampling step:  56%|█████▌    | 1124/2000 [00:13<00:10, 82.87it/s]Sampling step:  57%|█████▋    | 1133/2000 [00:13<00:10, 82.83it/s]Sampling step:  57%|█████▋    | 1142/2000 [00:13<00:10, 82.76it/s]Sampling step:  58%|█████▊    | 1151/2000 [00:13<00:10, 82.80it/s]Sampling step:  58%|█████▊    | 1160/2000 [00:14<00:10, 82.47it/s]Sampling step:  58%|█████▊    | 1169/2000 [00:14<00:10, 82.63it/s]Sampling step:  59%|█████▉    | 1178/2000 [00:14<00:09, 82.78it/s]Sampling step:  59%|█████▉    | 1187/2000 [00:14<00:09, 82.80it/s]Sampling step:  60%|█████▉    | 1196/2000 [00:14<00:09, 82.67it/s]Sampling step:  60%|██████    | 1205/2000 [00:14<00:09, 82.64it/s]Sampling step:  61%|██████    | 1214/2000 [00:14<00:09, 82.70it/s]Sampling step:  61%|██████    | 1223/2000 [00:14<00:09, 82.75it/s]Sampling step:  62%|██████▏   | 1232/2000 [00:14<00:09, 82.65it/s]Sampling step:  62%|██████▏   | 1241/2000 [00:15<00:09, 82.58it/s]Sampling step:  62%|██████▎   | 1250/2000 [00:15<00:09, 82.65it/s]Sampling step:  63%|██████▎   | 1259/2000 [00:15<00:08, 82.65it/s]Sampling step:  63%|██████▎   | 1268/2000 [00:15<00:08, 82.73it/s]Sampling step:  64%|██████▍   | 1277/2000 [00:15<00:08, 82.68it/s]Sampling step:  64%|██████▍   | 1286/2000 [00:15<00:08, 82.59it/s]Sampling step:  65%|██████▍   | 1295/2000 [00:15<00:08, 82.69it/s]Sampling step:  65%|██████▌   | 1304/2000 [00:15<00:08, 82.77it/s]Sampling step:  66%|██████▌   | 1313/2000 [00:15<00:08, 82.84it/s]Sampling step:  66%|██████▌   | 1322/2000 [00:15<00:08, 82.76it/s]Sampling step:  67%|██████▋   | 1331/2000 [00:16<00:08, 82.80it/s]Sampling step:  67%|██████▋   | 1340/2000 [00:16<00:08, 82.25it/s]Sampling step:  67%|██████▋   | 1349/2000 [00:16<00:07, 82.28it/s]Sampling step:  68%|██████▊   | 1358/2000 [00:16<00:07, 82.33it/s]Sampling step:  68%|██████▊   | 1367/2000 [00:16<00:07, 82.35it/s]Sampling step:  69%|██████▉   | 1376/2000 [00:16<00:07, 82.58it/s]Sampling step:  69%|██████▉   | 1385/2000 [00:16<00:07, 82.63it/s]Sampling step:  70%|██████▉   | 1394/2000 [00:16<00:07, 82.60it/s]Sampling step:  70%|███████   | 1403/2000 [00:16<00:07, 82.54it/s]Sampling step:  71%|███████   | 1412/2000 [00:17<00:07, 82.57it/s]Sampling step:  71%|███████   | 1421/2000 [00:17<00:07, 82.71it/s]Sampling step:  72%|███████▏  | 1430/2000 [00:17<00:06, 82.68it/s]Sampling step:  72%|███████▏  | 1439/2000 [00:17<00:06, 82.60it/s]Sampling step:  72%|███████▏  | 1448/2000 [00:17<00:06, 82.56it/s]Sampling step:  73%|███████▎  | 1457/2000 [00:17<00:06, 82.53it/s]Sampling step:  73%|███████▎  | 1466/2000 [00:17<00:06, 82.58it/s]Sampling step:  74%|███████▍  | 1475/2000 [00:17<00:06, 82.68it/s]Sampling step:  74%|███████▍  | 1484/2000 [00:17<00:06, 82.66it/s]Sampling step:  75%|███████▍  | 1493/2000 [00:18<00:06, 82.76it/s]Sampling step:  75%|███████▌  | 1502/2000 [00:18<00:06, 82.72it/s]Sampling step:  76%|███████▌  | 1511/2000 [00:18<00:05, 82.64it/s]Sampling step:  76%|███████▌  | 1520/2000 [00:18<00:05, 82.59it/s]Sampling step:  76%|███████▋  | 1529/2000 [00:18<00:05, 82.47it/s]Sampling step:  77%|███████▋  | 1538/2000 [00:18<00:05, 82.60it/s]Sampling step:  77%|███████▋  | 1547/2000 [00:18<00:05, 82.77it/s]Sampling step:  78%|███████▊  | 1556/2000 [00:18<00:05, 82.92it/s]Sampling step:  78%|███████▊  | 1565/2000 [00:18<00:05, 82.84it/s]Sampling step:  79%|███████▊  | 1574/2000 [00:19<00:05, 82.98it/s]Sampling step:  79%|███████▉  | 1583/2000 [00:19<00:05, 82.94it/s]Sampling step:  80%|███████▉  | 1592/2000 [00:19<00:04, 82.85it/s]Sampling step:  80%|████████  | 1601/2000 [00:19<00:04, 82.91it/s]Sampling step:  80%|████████  | 1610/2000 [00:19<00:04, 82.78it/s]Sampling step:  81%|████████  | 1619/2000 [00:19<00:04, 82.85it/s]Sampling step:  81%|████████▏ | 1628/2000 [00:19<00:04, 82.94it/s]Sampling step:  82%|████████▏ | 1637/2000 [00:19<00:04, 82.92it/s]Sampling step:  82%|████████▏ | 1646/2000 [00:19<00:04, 82.88it/s]Sampling step:  83%|████████▎ | 1655/2000 [00:20<00:04, 82.83it/s]Sampling step:  83%|████████▎ | 1664/2000 [00:20<00:04, 82.81it/s]Sampling step:  84%|████████▎ | 1673/2000 [00:20<00:03, 83.03it/s]Sampling step:  84%|████████▍ | 1682/2000 [00:20<00:03, 83.08it/s]Sampling step:  85%|████████▍ | 1691/2000 [00:20<00:03, 82.91it/s]Sampling step:  85%|████████▌ | 1700/2000 [00:20<00:03, 82.91it/s]Sampling step:  85%|████████▌ | 1709/2000 [00:20<00:03, 82.98it/s]Sampling step:  86%|████████▌ | 1718/2000 [00:20<00:03, 82.96it/s]Sampling step:  86%|████████▋ | 1727/2000 [00:20<00:03, 83.04it/s]Sampling step:  87%|████████▋ | 1736/2000 [00:20<00:03, 82.80it/s]Sampling step:  87%|████████▋ | 1745/2000 [00:21<00:03, 82.92it/s]Sampling step:  88%|████████▊ | 1754/2000 [00:21<00:02, 82.96it/s]Sampling step:  88%|████████▊ | 1763/2000 [00:21<00:02, 82.92it/s]Sampling step:  89%|████████▊ | 1772/2000 [00:21<00:02, 82.89it/s]Sampling step:  89%|████████▉ | 1781/2000 [00:21<00:02, 82.73it/s]Sampling step:  90%|████████▉ | 1790/2000 [00:21<00:02, 82.72it/s]Sampling step:  90%|████████▉ | 1799/2000 [00:21<00:02, 82.77it/s]Sampling step:  90%|█████████ | 1808/2000 [00:21<00:02, 83.00it/s]Sampling step:  91%|█████████ | 1817/2000 [00:21<00:02, 83.01it/s]Sampling step:  91%|█████████▏| 1826/2000 [00:22<00:02, 83.08it/s]Sampling step:  92%|█████████▏| 1835/2000 [00:22<00:01, 82.95it/s]Sampling step:  92%|█████████▏| 1844/2000 [00:22<00:01, 82.94it/s]Sampling step:  93%|█████████▎| 1853/2000 [00:22<00:01, 82.88it/s]Sampling step:  93%|█████████▎| 1862/2000 [00:22<00:01, 82.57it/s]Sampling step:  94%|█████████▎| 1871/2000 [00:22<00:01, 82.46it/s]Sampling step:  94%|█████████▍| 1880/2000 [00:22<00:01, 82.63it/s]Sampling step:  94%|█████████▍| 1889/2000 [00:22<00:01, 82.79it/s]Sampling step:  95%|█████████▍| 1898/2000 [00:22<00:01, 82.65it/s]Sampling step:  95%|█████████▌| 1907/2000 [00:23<00:01, 82.70it/s]Sampling step:  96%|█████████▌| 1916/2000 [00:23<00:01, 82.73it/s]Sampling step:  96%|█████████▋| 1925/2000 [00:23<00:00, 82.78it/s]Sampling step:  97%|█████████▋| 1934/2000 [00:23<00:00, 82.89it/s]Sampling step:  97%|█████████▋| 1943/2000 [00:23<00:00, 82.84it/s]Sampling step:  98%|█████████▊| 1952/2000 [00:23<00:00, 82.84it/s]Sampling step:  98%|█████████▊| 1961/2000 [00:23<00:00, 82.92it/s]Sampling step:  98%|█████████▊| 1970/2000 [00:23<00:00, 82.93it/s]Sampling step:  99%|█████████▉| 1979/2000 [00:23<00:00, 82.90it/s]Sampling step:  99%|█████████▉| 1988/2000 [00:24<00:00, 83.08it/s]Sampling step: 100%|█████████▉| 1997/2000 [00:24<00:00, 83.12it/s]Sampling step: 100%|██████████| 2000/2000 [00:24<00:00, 82.71it/s]
  [36/40] 0127: diffusion error  3.39 mm | non-rigid residual  0.71 mm
Sampling step:   0%|          | 0/2000 [00:00<?, ?it/s]Sampling step:   0%|          | 8/2000 [00:00<00:26, 74.49it/s]Sampling step:   1%|          | 17/2000 [00:00<00:24, 79.48it/s]Sampling step:   1%|▏         | 26/2000 [00:00<00:24, 80.84it/s]Sampling step:   2%|▏         | 35/2000 [00:00<00:24, 81.56it/s]Sampling step:   2%|▏         | 44/2000 [00:00<00:23, 82.11it/s]Sampling step:   3%|▎         | 53/2000 [00:00<00:23, 82.34it/s]Sampling step:   3%|▎         | 62/2000 [00:00<00:23, 82.55it/s]Sampling step:   4%|▎         | 71/2000 [00:00<00:23, 82.45it/s]Sampling step:   4%|▍         | 80/2000 [00:00<00:23, 82.51it/s]Sampling step:   4%|▍         | 89/2000 [00:01<00:23, 82.74it/s]Sampling step:   5%|▍         | 98/2000 [00:01<00:22, 82.71it/s]Sampling step:   5%|▌         | 107/2000 [00:01<00:22, 82.71it/s]Sampling step:   6%|▌         | 116/2000 [00:01<00:22, 82.84it/s]Sampling step:   6%|▋         | 125/2000 [00:01<00:22, 82.87it/s]Sampling step:   7%|▋         | 134/2000 [00:01<00:22, 82.83it/s]Sampling step:   7%|▋         | 143/2000 [00:01<00:22, 82.76it/s]Sampling step:   8%|▊         | 152/2000 [00:01<00:22, 82.60it/s]Sampling step:   8%|▊         | 161/2000 [00:01<00:22, 82.75it/s]Sampling step:   8%|▊         | 170/2000 [00:02<00:22, 82.61it/s]Sampling step:   9%|▉         | 179/2000 [00:02<00:22, 82.57it/s]Sampling step:   9%|▉         | 188/2000 [00:02<00:21, 82.60it/s]Sampling step:  10%|▉         | 197/2000 [00:02<00:21, 82.63it/s]Sampling step:  10%|█         | 206/2000 [00:02<00:21, 82.78it/s]Sampling step:  11%|█         | 215/2000 [00:02<00:21, 82.82it/s]Sampling step:  11%|█         | 224/2000 [00:02<00:21, 82.79it/s]Sampling step:  12%|█▏        | 233/2000 [00:02<00:21, 82.73it/s]Sampling step:  12%|█▏        | 242/2000 [00:02<00:21, 82.73it/s]Sampling step:  13%|█▎        | 251/2000 [00:03<00:21, 82.70it/s]Sampling step:  13%|█▎        | 260/2000 [00:03<00:21, 82.77it/s]Sampling step:  13%|█▎        | 269/2000 [00:03<00:20, 82.66it/s]Sampling step:  14%|█▍        | 278/2000 [00:03<00:20, 82.70it/s]Sampling step:  14%|█▍        | 287/2000 [00:03<00:20, 82.61it/s]Sampling step:  15%|█▍        | 296/2000 [00:03<00:20, 82.60it/s]Sampling step:  15%|█▌        | 305/2000 [00:03<00:20, 82.67it/s]Sampling step:  16%|█▌        | 314/2000 [00:03<00:20, 82.61it/s]Sampling step:  16%|█▌        | 323/2000 [00:03<00:20, 82.69it/s]Sampling step:  17%|█▋        | 332/2000 [00:04<00:20, 82.81it/s]Sampling step:  17%|█▋        | 341/2000 [00:04<00:20, 82.79it/s]Sampling step:  18%|█▊        | 350/2000 [00:04<00:20, 82.33it/s]Sampling step:  18%|█▊        | 359/2000 [00:04<00:19, 82.27it/s]Sampling step:  18%|█▊        | 368/2000 [00:04<00:19, 82.37it/s]Sampling step:  19%|█▉        | 377/2000 [00:04<00:19, 82.59it/s]Sampling step:  19%|█▉        | 386/2000 [00:04<00:19, 82.73it/s]Sampling step:  20%|█▉        | 395/2000 [00:04<00:19, 82.72it/s]Sampling step:  20%|██        | 404/2000 [00:04<00:19, 82.80it/s]Sampling step:  21%|██        | 413/2000 [00:05<00:19, 82.91it/s]Sampling step:  21%|██        | 422/2000 [00:05<00:19, 82.98it/s]Sampling step:  22%|██▏       | 431/2000 [00:05<00:18, 83.03it/s]Sampling step:  22%|██▏       | 440/2000 [00:05<00:18, 82.95it/s]Sampling step:  22%|██▏       | 449/2000 [00:05<00:18, 82.92it/s]Sampling step:  23%|██▎       | 458/2000 [00:05<00:18, 82.84it/s]Sampling step:  23%|██▎       | 467/2000 [00:05<00:18, 82.79it/s]Sampling step:  24%|██▍       | 476/2000 [00:05<00:18, 82.78it/s]Sampling step:  24%|██▍       | 485/2000 [00:05<00:18, 82.81it/s]Sampling step:  25%|██▍       | 494/2000 [00:05<00:18, 82.75it/s]Sampling step:  25%|██▌       | 503/2000 [00:06<00:18, 82.79it/s]Sampling step:  26%|██▌       | 512/2000 [00:06<00:17, 82.89it/s]Sampling step:  26%|██▌       | 521/2000 [00:06<00:17, 82.87it/s]Sampling step:  26%|██▋       | 530/2000 [00:06<00:17, 82.66it/s]Sampling step:  27%|██▋       | 539/2000 [00:06<00:17, 82.59it/s]Sampling step:  27%|██▋       | 548/2000 [00:06<00:17, 82.65it/s]Sampling step:  28%|██▊       | 557/2000 [00:06<00:17, 82.66it/s]Sampling step:  28%|██▊       | 566/2000 [00:06<00:17, 82.57it/s]Sampling step:  29%|██▉       | 575/2000 [00:06<00:17, 82.84it/s]Sampling step:  29%|██▉       | 584/2000 [00:07<00:17, 82.91it/s]Sampling step:  30%|██▉       | 593/2000 [00:07<00:16, 82.87it/s]Sampling step:  30%|███       | 602/2000 [00:07<00:16, 82.70it/s]Sampling step:  31%|███       | 611/2000 [00:07<00:16, 82.73it/s]Sampling step:  31%|███       | 620/2000 [00:07<00:16, 82.83it/s]Sampling step:  31%|███▏      | 629/2000 [00:07<00:16, 82.85it/s]Sampling step:  32%|███▏      | 638/2000 [00:07<00:16, 82.95it/s]Sampling step:  32%|███▏      | 647/2000 [00:07<00:16, 82.86it/s]Sampling step:  33%|███▎      | 656/2000 [00:07<00:16, 82.90it/s]Sampling step:  33%|███▎      | 665/2000 [00:08<00:16, 83.00it/s]Sampling step:  34%|███▎      | 674/2000 [00:08<00:15, 82.89it/s]Sampling step:  34%|███▍      | 683/2000 [00:08<00:15, 82.88it/s]Sampling step:  35%|███▍      | 692/2000 [00:08<00:15, 82.85it/s]Sampling step:  35%|███▌      | 701/2000 [00:08<00:15, 82.84it/s]Sampling step:  36%|███▌      | 710/2000 [00:08<00:15, 82.90it/s]Sampling step:  36%|███▌      | 719/2000 [00:08<00:15, 83.01it/s]Sampling step:  36%|███▋      | 728/2000 [00:08<00:15, 82.80it/s]Sampling step:  37%|███▋      | 737/2000 [00:08<00:15, 82.78it/s]Sampling step:  37%|███▋      | 746/2000 [00:09<00:15, 82.88it/s]Sampling step:  38%|███▊      | 755/2000 [00:09<00:15, 82.88it/s]Sampling step:  38%|███▊      | 764/2000 [00:09<00:14, 82.81it/s]Sampling step:  39%|███▊      | 773/2000 [00:09<00:14, 82.60it/s]Sampling step:  39%|███▉      | 782/2000 [00:09<00:14, 82.70it/s]Sampling step:  40%|███▉      | 791/2000 [00:09<00:14, 82.71it/s]Sampling step:  40%|████      | 800/2000 [00:09<00:14, 82.76it/s]Sampling step:  40%|████      | 809/2000 [00:09<00:14, 82.74it/s]Sampling step:  41%|████      | 818/2000 [00:09<00:14, 82.75it/s]Sampling step:  41%|████▏     | 827/2000 [00:10<00:14, 82.75it/s]Sampling step:  42%|████▏     | 836/2000 [00:10<00:14, 82.84it/s]Sampling step:  42%|████▏     | 845/2000 [00:10<00:13, 82.95it/s]Sampling step:  43%|████▎     | 854/2000 [00:10<00:13, 82.80it/s]Sampling step:  43%|████▎     | 863/2000 [00:10<00:13, 82.84it/s]Sampling step:  44%|████▎     | 872/2000 [00:10<00:13, 82.86it/s]Sampling step:  44%|████▍     | 881/2000 [00:10<00:13, 82.74it/s]Sampling step:  44%|████▍     | 890/2000 [00:10<00:13, 82.70it/s]Sampling step:  45%|████▍     | 899/2000 [00:10<00:13, 82.77it/s]Sampling step:  45%|████▌     | 908/2000 [00:10<00:13, 82.93it/s]Sampling step:  46%|████▌     | 917/2000 [00:11<00:13, 82.98it/s]Sampling step:  46%|████▋     | 926/2000 [00:11<00:12, 82.86it/s]Sampling step:  47%|████▋     | 935/2000 [00:11<00:12, 82.78it/s]Sampling step:  47%|████▋     | 944/2000 [00:11<00:12, 82.61it/s]Sampling step:  48%|████▊     | 953/2000 [00:11<00:12, 82.71it/s]Sampling step:  48%|████▊     | 962/2000 [00:11<00:12, 82.77it/s]Sampling step:  49%|████▊     | 971/2000 [00:11<00:12, 82.79it/s]Sampling step:  49%|████▉     | 980/2000 [00:11<00:12, 82.71it/s]Sampling step:  49%|████▉     | 989/2000 [00:11<00:12, 82.97it/s]Sampling step:  50%|████▉     | 998/2000 [00:12<00:12, 83.16it/s]Sampling step:  50%|█████     | 1007/2000 [00:12<00:11, 83.28it/s]Sampling step:  51%|█████     | 1016/2000 [00:12<00:11, 83.04it/s]Sampling step:  51%|█████▏    | 1025/2000 [00:12<00:11, 83.04it/s]Sampling step:  52%|█████▏    | 1034/2000 [00:12<00:11, 83.09it/s]Sampling step:  52%|█████▏    | 1043/2000 [00:12<00:11, 82.98it/s]Sampling step:  53%|█████▎    | 1052/2000 [00:12<00:11, 82.55it/s]Sampling step:  53%|█████▎    | 1061/2000 [00:12<00:11, 82.54it/s]Sampling step:  54%|█████▎    | 1070/2000 [00:12<00:11, 82.60it/s]Sampling step:  54%|█████▍    | 1079/2000 [00:13<00:11, 82.68it/s]Sampling step:  54%|█████▍    | 1088/2000 [00:13<00:11, 82.81it/s]Sampling step:  55%|█████▍    | 1097/2000 [00:13<00:10, 82.76it/s]Sampling step:  55%|█████▌    | 1106/2000 [00:13<00:10, 82.77it/s]Sampling step:  56%|█████▌    | 1115/2000 [00:13<00:10, 82.87it/s]Sampling step:  56%|█████▌    | 1124/2000 [00:13<00:10, 82.92it/s]Sampling step:  57%|█████▋    | 1133/2000 [00:13<00:10, 82.95it/s]Sampling step:  57%|█████▋    | 1142/2000 [00:13<00:10, 82.83it/s]Sampling step:  58%|█████▊    | 1151/2000 [00:13<00:10, 82.93it/s]Sampling step:  58%|█████▊    | 1160/2000 [00:14<00:10, 82.89it/s]Sampling step:  58%|█████▊    | 1169/2000 [00:14<00:10, 82.96it/s]Sampling step:  59%|█████▉    | 1178/2000 [00:14<00:09, 83.01it/s]Sampling step:  59%|█████▉    | 1187/2000 [00:14<00:09, 82.95it/s]Sampling step:  60%|█████▉    | 1196/2000 [00:14<00:09, 82.87it/s]Sampling step:  60%|██████    | 1205/2000 [00:14<00:09, 82.95it/s]Sampling step:  61%|██████    | 1214/2000 [00:14<00:09, 83.05it/s]Sampling step:  61%|██████    | 1223/2000 [00:14<00:09, 83.01it/s]Sampling step:  62%|██████▏   | 1232/2000 [00:14<00:09, 82.62it/s]Sampling step:  62%|██████▏   | 1241/2000 [00:15<00:09, 82.71it/s]Sampling step:  62%|██████▎   | 1250/2000 [00:15<00:09, 82.79it/s]Sampling step:  63%|██████▎   | 1259/2000 [00:15<00:08, 82.81it/s]Sampling step:  63%|██████▎   | 1268/2000 [00:15<00:08, 82.78it/s]Sampling step:  64%|██████▍   | 1277/2000 [00:15<00:08, 82.81it/s]Sampling step:  64%|██████▍   | 1286/2000 [00:15<00:08, 82.83it/s]Sampling step:  65%|██████▍   | 1295/2000 [00:15<00:08, 82.98it/s]Sampling step:  65%|██████▌   | 1304/2000 [00:15<00:08, 82.93it/s]Sampling step:  66%|██████▌   | 1313/2000 [00:15<00:08, 82.79it/s]Sampling step:  66%|██████▌   | 1322/2000 [00:15<00:08, 82.84it/s]Sampling step:  67%|██████▋   | 1331/2000 [00:16<00:08, 82.95it/s]Sampling step:  67%|██████▋   | 1340/2000 [00:16<00:07, 83.01it/s]Sampling step:  67%|██████▋   | 1349/2000 [00:16<00:07, 82.84it/s]Sampling step:  68%|██████▊   | 1358/2000 [00:16<00:07, 82.94it/s]Sampling step:  68%|██████▊   | 1367/2000 [00:16<00:07, 83.04it/s]Sampling step:  69%|██████▉   | 1376/2000 [00:16<00:07, 83.06it/s]Sampling step:  69%|██████▉   | 1385/2000 [00:16<00:07, 83.13it/s]Sampling step:  70%|██████▉   | 1394/2000 [00:16<00:07, 82.91it/s]Sampling step:  70%|███████   | 1403/2000 [00:16<00:07, 82.86it/s]Sampling step:  71%|███████   | 1412/2000 [00:17<00:07, 82.75it/s]Sampling step:  71%|███████   | 1421/2000 [00:17<00:06, 82.85it/s]Sampling step:  72%|███████▏  | 1430/2000 [00:17<00:06, 82.77it/s]Sampling step:  72%|███████▏  | 1439/2000 [00:17<00:06, 82.76it/s]Sampling step:  72%|███████▏  | 1448/2000 [00:17<00:06, 82.80it/s]Sampling step:  73%|███████▎  | 1457/2000 [00:17<00:06, 82.74it/s]Sampling step:  73%|███████▎  | 1466/2000 [00:17<00:06, 82.74it/s]Sampling step:  74%|███████▍  | 1475/2000 [00:17<00:06, 82.77it/s]Sampling step:  74%|███████▍  | 1484/2000 [00:17<00:06, 82.80it/s]Sampling step:  75%|███████▍  | 1493/2000 [00:18<00:06, 82.71it/s]Sampling step:  75%|███████▌  | 1502/2000 [00:18<00:06, 82.77it/s]Sampling step:  76%|███████▌  | 1511/2000 [00:18<00:05, 82.98it/s]Sampling step:  76%|███████▌  | 1520/2000 [00:18<00:05, 82.98it/s]Sampling step:  76%|███████▋  | 1529/2000 [00:18<00:05, 82.99it/s]Sampling step:  77%|███████▋  | 1538/2000 [00:18<00:05, 82.98it/s]Sampling step:  77%|███████▋  | 1547/2000 [00:18<00:05, 82.92it/s]Sampling step:  78%|███████▊  | 1556/2000 [00:18<00:05, 82.77it/s]Sampling step:  78%|███████▊  | 1565/2000 [00:18<00:05, 82.86it/s]Sampling step:  79%|███████▊  | 1574/2000 [00:19<00:05, 82.84it/s]Sampling step:  79%|███████▉  | 1583/2000 [00:19<00:05, 82.72it/s]Sampling step:  80%|███████▉  | 1592/2000 [00:19<00:04, 82.87it/s]Sampling step:  80%|████████  | 1601/2000 [00:19<00:04, 82.76it/s]Sampling step:  80%|████████  | 1610/2000 [00:19<00:04, 82.78it/s]Sampling step:  81%|████████  | 1619/2000 [00:19<00:04, 82.74it/s]Sampling step:  81%|████████▏ | 1628/2000 [00:19<00:04, 82.90it/s]Sampling step:  82%|████████▏ | 1637/2000 [00:19<00:04, 82.78it/s]Sampling step:  82%|████████▏ | 1646/2000 [00:19<00:04, 82.75it/s]Sampling step:  83%|████████▎ | 1655/2000 [00:19<00:04, 82.77it/s]Sampling step:  83%|████████▎ | 1664/2000 [00:20<00:04, 82.80it/s]Sampling step:  84%|████████▎ | 1673/2000 [00:20<00:03, 82.90it/s]Sampling step:  84%|████████▍ | 1682/2000 [00:20<00:03, 82.80it/s]Sampling step:  85%|████████▍ | 1691/2000 [00:20<00:03, 82.82it/s]Sampling step:  85%|████████▌ | 1700/2000 [00:20<00:03, 82.78it/s]Sampling step:  85%|████████▌ | 1709/2000 [00:20<00:03, 82.98it/s]Sampling step:  86%|████████▌ | 1718/2000 [00:20<00:03, 83.05it/s]Sampling step:  86%|████████▋ | 1727/2000 [00:20<00:03, 82.94it/s]Sampling step:  87%|████████▋ | 1736/2000 [00:20<00:03, 82.95it/s]Sampling step:  87%|████████▋ | 1745/2000 [00:21<00:03, 83.04it/s]Sampling step:  88%|████████▊ | 1754/2000 [00:21<00:02, 82.89it/s]Sampling step:  88%|████████▊ | 1763/2000 [00:21<00:02, 82.66it/s]Sampling step:  89%|████████▊ | 1772/2000 [00:21<00:02, 82.62it/s]Sampling step:  89%|████████▉ | 1781/2000 [00:21<00:02, 82.86it/s]Sampling step:  90%|████████▉ | 1790/2000 [00:21<00:02, 82.96it/s]Sampling step:  90%|████████▉ | 1799/2000 [00:21<00:02, 82.91it/s]Sampling step:  90%|█████████ | 1808/2000 [00:21<00:02, 82.71it/s]Sampling step:  91%|█████████ | 1817/2000 [00:21<00:02, 82.73it/s]Sampling step:  91%|█████████▏| 1826/2000 [00:22<00:02, 82.89it/s]Sampling step:  92%|█████████▏| 1835/2000 [00:22<00:01, 82.92it/s]Sampling step:  92%|█████████▏| 1844/2000 [00:22<00:01, 82.85it/s]Sampling step:  93%|█████████▎| 1853/2000 [00:22<00:01, 82.69it/s]Sampling step:  93%|█████████▎| 1862/2000 [00:22<00:01, 82.76it/s]Sampling step:  94%|█████████▎| 1871/2000 [00:22<00:01, 82.86it/s]Sampling step:  94%|█████████▍| 1880/2000 [00:22<00:01, 82.84it/s]Sampling step:  94%|█████████▍| 1889/2000 [00:22<00:01, 82.69it/s]Sampling step:  95%|█████████▍| 1898/2000 [00:22<00:01, 82.76it/s]Sampling step:  95%|█████████▌| 1907/2000 [00:23<00:01, 82.83it/s]Sampling step:  96%|█████████▌| 1916/2000 [00:23<00:01, 82.79it/s]Sampling step:  96%|█████████▋| 1925/2000 [00:23<00:00, 82.92it/s]Sampling step:  97%|█████████▋| 1934/2000 [00:23<00:00, 82.55it/s]Sampling step:  97%|█████████▋| 1943/2000 [00:23<00:00, 82.52it/s]Sampling step:  98%|█████████▊| 1952/2000 [00:23<00:00, 82.65it/s]Sampling step:  98%|█████████▊| 1961/2000 [00:23<00:00, 82.69it/s]Sampling step:  98%|█████████▊| 1970/2000 [00:23<00:00, 82.70it/s]Sampling step:  99%|█████████▉| 1979/2000 [00:23<00:00, 82.74it/s]Sampling step:  99%|█████████▉| 1988/2000 [00:24<00:00, 82.60it/s]Sampling step: 100%|█████████▉| 1997/2000 [00:24<00:00, 82.62it/s]Sampling step: 100%|██████████| 2000/2000 [00:24<00:00, 82.77it/s]
  [37/40] 0132: diffusion error  2.81 mm | non-rigid residual  0.79 mm
Sampling step:   0%|          | 0/2000 [00:00<?, ?it/s]Sampling step:   0%|          | 8/2000 [00:00<00:26, 74.69it/s]Sampling step:   1%|          | 17/2000 [00:00<00:24, 79.55it/s]Sampling step:   1%|▏         | 26/2000 [00:00<00:24, 80.90it/s]Sampling step:   2%|▏         | 35/2000 [00:00<00:24, 81.63it/s]Sampling step:   2%|▏         | 44/2000 [00:00<00:23, 82.03it/s]Sampling step:   3%|▎         | 53/2000 [00:00<00:23, 82.32it/s]Sampling step:   3%|▎         | 62/2000 [00:00<00:23, 82.52it/s]Sampling step:   4%|▎         | 71/2000 [00:00<00:23, 82.59it/s]Sampling step:   4%|▍         | 80/2000 [00:00<00:23, 82.30it/s]Sampling step:   4%|▍         | 89/2000 [00:01<00:23, 82.51it/s]Sampling step:   5%|▍         | 98/2000 [00:01<00:23, 82.54it/s]Sampling step:   5%|▌         | 107/2000 [00:01<00:22, 82.67it/s]Sampling step:   6%|▌         | 116/2000 [00:01<00:22, 82.82it/s]Sampling step:   6%|▋         | 125/2000 [00:01<00:22, 82.80it/s]Sampling step:   7%|▋         | 134/2000 [00:01<00:22, 82.74it/s]Sampling step:   7%|▋         | 143/2000 [00:01<00:22, 82.83it/s]Sampling step:   8%|▊         | 152/2000 [00:01<00:22, 82.72it/s]Sampling step:   8%|▊         | 161/2000 [00:01<00:22, 82.73it/s]Sampling step:   8%|▊         | 170/2000 [00:02<00:22, 82.73it/s]Sampling step:   9%|▉         | 179/2000 [00:02<00:22, 82.76it/s]Sampling step:   9%|▉         | 188/2000 [00:02<00:21, 82.91it/s]Sampling step:  10%|▉         | 197/2000 [00:02<00:21, 82.81it/s]Sampling step:  10%|█         | 206/2000 [00:02<00:21, 82.80it/s]Sampling step:  11%|█         | 215/2000 [00:02<00:21, 82.87it/s]Sampling step:  11%|█         | 224/2000 [00:02<00:21, 83.09it/s]Sampling step:  12%|█▏        | 233/2000 [00:02<00:21, 83.01it/s]Sampling step:  12%|█▏        | 242/2000 [00:02<00:21, 82.89it/s]Sampling step:  13%|█▎        | 251/2000 [00:03<00:21, 82.55it/s]Sampling step:  13%|█▎        | 260/2000 [00:03<00:21, 82.65it/s]Sampling step:  13%|█▎        | 269/2000 [00:03<00:20, 82.74it/s]Sampling step:  14%|█▍        | 278/2000 [00:03<00:20, 82.72it/s]Sampling step:  14%|█▍        | 287/2000 [00:03<00:20, 82.72it/s]Sampling step:  15%|█▍        | 296/2000 [00:03<00:20, 82.75it/s]Sampling step:  15%|█▌        | 305/2000 [00:03<00:20, 82.83it/s]Sampling step:  16%|█▌        | 314/2000 [00:03<00:20, 82.83it/s]Sampling step:  16%|█▌        | 323/2000 [00:03<00:20, 82.74it/s]Sampling step:  17%|█▋        | 332/2000 [00:04<00:20, 82.86it/s]Sampling step:  17%|█▋        | 341/2000 [00:04<00:20, 82.75it/s]Sampling step:  18%|█▊        | 350/2000 [00:04<00:19, 82.83it/s]Sampling step:  18%|█▊        | 359/2000 [00:04<00:19, 82.79it/s]Sampling step:  18%|█▊        | 368/2000 [00:04<00:19, 82.88it/s]Sampling step:  19%|█▉        | 377/2000 [00:04<00:19, 82.87it/s]Sampling step:  19%|█▉        | 386/2000 [00:04<00:19, 82.76it/s]Sampling step:  20%|█▉        | 395/2000 [00:04<00:19, 82.79it/s]Sampling step:  20%|██        | 404/2000 [00:04<00:19, 82.69it/s]Sampling step:  21%|██        | 413/2000 [00:05<00:19, 82.69it/s]Sampling step:  21%|██        | 422/2000 [00:05<00:19, 82.70it/s]Sampling step:  22%|██▏       | 431/2000 [00:05<00:19, 82.53it/s]Sampling step:  22%|██▏       | 440/2000 [00:05<00:19, 81.88it/s]Sampling step:  22%|██▏       | 449/2000 [00:05<00:18, 82.25it/s]Sampling step:  23%|██▎       | 458/2000 [00:05<00:18, 82.53it/s]Sampling step:  23%|██▎       | 467/2000 [00:05<00:18, 82.61it/s]Sampling step:  24%|██▍       | 476/2000 [00:05<00:18, 82.69it/s]Sampling step:  24%|██▍       | 485/2000 [00:05<00:18, 82.62it/s]Sampling step:  25%|██▍       | 494/2000 [00:05<00:18, 82.72it/s]Sampling step:  25%|██▌       | 503/2000 [00:06<00:18, 82.71it/s]Sampling step:  26%|██▌       | 512/2000 [00:06<00:17, 82.72it/s]Sampling step:  26%|██▌       | 521/2000 [00:06<00:17, 82.84it/s]Sampling step:  26%|██▋       | 530/2000 [00:06<00:17, 82.85it/s]Sampling step:  27%|██▋       | 539/2000 [00:06<00:17, 82.91it/s]Sampling step:  27%|██▋       | 548/2000 [00:06<00:17, 82.95it/s]Sampling step:  28%|██▊       | 557/2000 [00:06<00:17, 82.92it/s]Sampling step:  28%|██▊       | 566/2000 [00:06<00:17, 82.81it/s]Sampling step:  29%|██▉       | 575/2000 [00:06<00:17, 82.82it/s]Sampling step:  29%|██▉       | 584/2000 [00:07<00:17, 82.66it/s]Sampling step:  30%|██▉       | 593/2000 [00:07<00:17, 82.67it/s]Sampling step:  30%|███       | 602/2000 [00:07<00:16, 82.64it/s]Sampling step:  31%|███       | 611/2000 [00:07<00:16, 82.61it/s]Sampling step:  31%|███       | 620/2000 [00:07<00:16, 82.58it/s]Sampling step:  31%|███▏      | 629/2000 [00:07<00:16, 82.62it/s]Sampling step:  32%|███▏      | 638/2000 [00:07<00:16, 82.63it/s]Sampling step:  32%|███▏      | 647/2000 [00:07<00:16, 82.69it/s]Sampling step:  33%|███▎      | 656/2000 [00:07<00:16, 82.92it/s]Sampling step:  33%|███▎      | 665/2000 [00:08<00:16, 82.91it/s]Sampling step:  34%|███▎      | 674/2000 [00:08<00:15, 82.92it/s]Sampling step:  34%|███▍      | 683/2000 [00:08<00:15, 82.90it/s]Sampling step:  35%|███▍      | 692/2000 [00:08<00:15, 82.77it/s]Sampling step:  35%|███▌      | 701/2000 [00:08<00:15, 82.77it/s]Sampling step:  36%|███▌      | 710/2000 [00:08<00:15, 82.87it/s]Sampling step:  36%|███▌      | 719/2000 [00:08<00:15, 82.99it/s]Sampling step:  36%|███▋      | 728/2000 [00:08<00:15, 83.09it/s]Sampling step:  37%|███▋      | 737/2000 [00:08<00:15, 83.13it/s]Sampling step:  37%|███▋      | 746/2000 [00:09<00:15, 82.94it/s]Sampling step:  38%|███▊      | 755/2000 [00:09<00:15, 82.97it/s]Sampling step:  38%|███▊      | 764/2000 [00:09<00:14, 82.92it/s]Sampling step:  39%|███▊      | 773/2000 [00:09<00:14, 82.89it/s]Sampling step:  39%|███▉      | 782/2000 [00:09<00:14, 82.88it/s]Sampling step:  40%|███▉      | 791/2000 [00:09<00:14, 82.80it/s]Sampling step:  40%|████      | 800/2000 [00:09<00:14, 82.93it/s]Sampling step:  40%|████      | 809/2000 [00:09<00:14, 83.02it/s]Sampling step:  41%|████      | 818/2000 [00:09<00:14, 82.81it/s]Sampling step:  41%|████▏     | 827/2000 [00:10<00:14, 82.77it/s]Sampling step:  42%|████▏     | 836/2000 [00:10<00:14, 82.72it/s]Sampling step:  42%|████▏     | 845/2000 [00:10<00:13, 82.70it/s]Sampling step:  43%|████▎     | 854/2000 [00:10<00:13, 82.76it/s]Sampling step:  43%|████▎     | 863/2000 [00:10<00:13, 82.78it/s]Sampling step:  44%|████▎     | 872/2000 [00:10<00:13, 82.80it/s]Sampling step:  44%|████▍     | 881/2000 [00:10<00:13, 82.84it/s]Sampling step:  44%|████▍     | 890/2000 [00:10<00:13, 82.77it/s]Sampling step:  45%|████▍     | 899/2000 [00:10<00:13, 82.70it/s]Sampling step:  45%|████▌     | 908/2000 [00:10<00:13, 82.66it/s]Sampling step:  46%|████▌     | 917/2000 [00:11<00:13, 82.68it/s]Sampling step:  46%|████▋     | 926/2000 [00:11<00:12, 82.80it/s]Sampling step:  47%|████▋     | 935/2000 [00:11<00:12, 82.95it/s]Sampling step:  47%|████▋     | 944/2000 [00:11<00:12, 82.91it/s]Sampling step:  48%|████▊     | 953/2000 [00:11<00:12, 82.89it/s]Sampling step:  48%|████▊     | 962/2000 [00:11<00:12, 82.75it/s]Sampling step:  49%|████▊     | 971/2000 [00:11<00:12, 82.77it/s]Sampling step:  49%|████▉     | 980/2000 [00:11<00:12, 82.68it/s]Sampling step:  49%|████▉     | 989/2000 [00:11<00:12, 82.74it/s]Sampling step:  50%|████▉     | 998/2000 [00:12<00:12, 82.77it/s]Sampling step:  50%|█████     | 1007/2000 [00:12<00:11, 82.79it/s]Sampling step:  51%|█████     | 1016/2000 [00:12<00:11, 82.71it/s]Sampling step:  51%|█████▏    | 1025/2000 [00:12<00:11, 82.69it/s]Sampling step:  52%|█████▏    | 1034/2000 [00:12<00:11, 82.70it/s]Sampling step:  52%|█████▏    | 1043/2000 [00:12<00:11, 82.61it/s]Sampling step:  53%|█████▎    | 1052/2000 [00:12<00:11, 82.70it/s]Sampling step:  53%|█████▎    | 1061/2000 [00:12<00:11, 82.48it/s]Sampling step:  54%|█████▎    | 1070/2000 [00:12<00:11, 82.54it/s]Sampling step:  54%|█████▍    | 1079/2000 [00:13<00:11, 82.58it/s]Sampling step:  54%|█████▍    | 1088/2000 [00:13<00:11, 82.49it/s]Sampling step:  55%|█████▍    | 1097/2000 [00:13<00:10, 82.48it/s]Sampling step:  55%|█████▌    | 1106/2000 [00:13<00:10, 82.41it/s]Sampling step:  56%|█████▌    | 1115/2000 [00:13<00:10, 82.50it/s]Sampling step:  56%|█████▌    | 1124/2000 [00:13<00:10, 82.52it/s]Sampling step:  57%|█████▋    | 1133/2000 [00:13<00:10, 82.23it/s]Sampling step:  57%|█████▋    | 1142/2000 [00:13<00:10, 82.48it/s]Sampling step:  58%|█████▊    | 1151/2000 [00:13<00:10, 82.63it/s]Sampling step:  58%|█████▊    | 1160/2000 [00:14<00:10, 82.59it/s]Sampling step:  58%|█████▊    | 1169/2000 [00:14<00:10, 82.70it/s]Sampling step:  59%|█████▉    | 1178/2000 [00:14<00:09, 82.71it/s]Sampling step:  59%|█████▉    | 1187/2000 [00:14<00:09, 82.57it/s]Sampling step:  60%|█████▉    | 1196/2000 [00:14<00:09, 82.64it/s]Sampling step:  60%|██████    | 1205/2000 [00:14<00:09, 82.64it/s]Sampling step:  61%|██████    | 1214/2000 [00:14<00:09, 82.63it/s]Sampling step:  61%|██████    | 1223/2000 [00:14<00:09, 82.76it/s]Sampling step:  62%|██████▏   | 1232/2000 [00:14<00:09, 82.67it/s]Sampling step:  62%|██████▏   | 1241/2000 [00:15<00:09, 82.73it/s]Sampling step:  62%|██████▎   | 1250/2000 [00:15<00:09, 82.78it/s]Sampling step:  63%|██████▎   | 1259/2000 [00:15<00:08, 82.76it/s]Sampling step:  63%|██████▎   | 1268/2000 [00:15<00:08, 82.61it/s]Sampling step:  64%|██████▍   | 1277/2000 [00:15<00:08, 82.63it/s]Sampling step:  64%|██████▍   | 1286/2000 [00:15<00:08, 82.61it/s]Sampling step:  65%|██████▍   | 1295/2000 [00:15<00:08, 82.63it/s]Sampling step:  65%|██████▌   | 1304/2000 [00:15<00:08, 82.56it/s]Sampling step:  66%|██████▌   | 1313/2000 [00:15<00:08, 82.29it/s]Sampling step:  66%|██████▌   | 1322/2000 [00:15<00:08, 82.40it/s]Sampling step:  67%|██████▋   | 1331/2000 [00:16<00:08, 82.59it/s]Sampling step:  67%|██████▋   | 1340/2000 [00:16<00:07, 82.69it/s]Sampling step:  67%|██████▋   | 1349/2000 [00:16<00:07, 82.60it/s]Sampling step:  68%|██████▊   | 1358/2000 [00:16<00:07, 82.62it/s]Sampling step:  68%|██████▊   | 1367/2000 [00:16<00:07, 82.77it/s]Sampling step:  69%|██████▉   | 1376/2000 [00:16<00:07, 82.69it/s]Sampling step:  69%|██████▉   | 1385/2000 [00:16<00:07, 82.74it/s]Sampling step:  70%|██████▉   | 1394/2000 [00:16<00:07, 82.75it/s]Sampling step:  70%|███████   | 1403/2000 [00:16<00:07, 82.73it/s]Sampling step:  71%|███████   | 1412/2000 [00:17<00:07, 82.73it/s]Sampling step:  71%|███████   | 1421/2000 [00:17<00:07, 82.68it/s]Sampling step:  72%|███████▏  | 1430/2000 [00:17<00:06, 82.69it/s]Sampling step:  72%|███████▏  | 1439/2000 [00:17<00:06, 82.63it/s]Sampling step:  72%|███████▏  | 1448/2000 [00:17<00:06, 82.66it/s]Sampling step:  73%|███████▎  | 1457/2000 [00:17<00:06, 82.71it/s]Sampling step:  73%|███████▎  | 1466/2000 [00:17<00:06, 82.73it/s]Sampling step:  74%|███████▍  | 1475/2000 [00:17<00:06, 82.74it/s]Sampling step:  74%|███████▍  | 1484/2000 [00:17<00:06, 82.24it/s]Sampling step:  75%|███████▍  | 1493/2000 [00:18<00:06, 82.34it/s]Sampling step:  75%|███████▌  | 1502/2000 [00:18<00:06, 82.52it/s]Sampling step:  76%|███████▌  | 1511/2000 [00:18<00:05, 82.50it/s]Sampling step:  76%|███████▌  | 1520/2000 [00:18<00:05, 82.39it/s]Sampling step:  76%|███████▋  | 1529/2000 [00:18<00:05, 82.52it/s]Sampling step:  77%|███████▋  | 1538/2000 [00:18<00:05, 82.58it/s]Sampling step:  77%|███████▋  | 1547/2000 [00:18<00:05, 82.62it/s]Sampling step:  78%|███████▊  | 1556/2000 [00:18<00:05, 82.69it/s]Sampling step:  78%|███████▊  | 1565/2000 [00:18<00:05, 82.75it/s]Sampling step:  79%|███████▊  | 1574/2000 [00:19<00:05, 82.72it/s]Sampling step:  79%|███████▉  | 1583/2000 [00:19<00:05, 82.72it/s]Sampling step:  80%|███████▉  | 1592/2000 [00:19<00:04, 82.72it/s]Sampling step:  80%|████████  | 1601/2000 [00:19<00:04, 82.69it/s]Sampling step:  80%|████████  | 1610/2000 [00:19<00:04, 82.89it/s]Sampling step:  81%|████████  | 1619/2000 [00:19<00:04, 82.85it/s]Sampling step:  81%|████████▏ | 1628/2000 [00:19<00:04, 82.93it/s]Sampling step:  82%|████████▏ | 1637/2000 [00:19<00:04, 82.84it/s]Sampling step:  82%|████████▏ | 1646/2000 [00:19<00:04, 82.74it/s]Sampling step:  83%|████████▎ | 1655/2000 [00:20<00:04, 82.75it/s]Sampling step:  83%|████████▎ | 1664/2000 [00:20<00:04, 82.54it/s]Sampling step:  84%|████████▎ | 1673/2000 [00:20<00:03, 82.61it/s]Sampling step:  84%|████████▍ | 1682/2000 [00:20<00:03, 82.36it/s]Sampling step:  85%|████████▍ | 1691/2000 [00:20<00:03, 82.53it/s]Sampling step:  85%|████████▌ | 1700/2000 [00:20<00:03, 82.62it/s]Sampling step:  85%|████████▌ | 1709/2000 [00:20<00:03, 82.64it/s]Sampling step:  86%|████████▌ | 1718/2000 [00:20<00:03, 82.63it/s]Sampling step:  86%|████████▋ | 1727/2000 [00:20<00:03, 82.54it/s]Sampling step:  87%|████████▋ | 1736/2000 [00:20<00:03, 82.67it/s]Sampling step:  87%|████████▋ | 1745/2000 [00:21<00:03, 82.66it/s]Sampling step:  88%|████████▊ | 1754/2000 [00:21<00:02, 82.76it/s]Sampling step:  88%|████████▊ | 1763/2000 [00:21<00:02, 82.67it/s]Sampling step:  89%|████████▊ | 1772/2000 [00:21<00:02, 82.61it/s]Sampling step:  89%|████████▉ | 1781/2000 [00:21<00:02, 82.64it/s]Sampling step:  90%|████████▉ | 1790/2000 [00:21<00:02, 82.71it/s]Sampling step:  90%|████████▉ | 1799/2000 [00:21<00:02, 82.66it/s]Sampling step:  90%|█████████ | 1808/2000 [00:21<00:02, 82.51it/s]Sampling step:  91%|█████████ | 1817/2000 [00:21<00:02, 82.74it/s]Sampling step:  91%|█████████▏| 1826/2000 [00:22<00:02, 82.73it/s]Sampling step:  92%|█████████▏| 1835/2000 [00:22<00:02, 82.13it/s]Sampling step:  92%|█████████▏| 1844/2000 [00:22<00:01, 82.30it/s]Sampling step:  93%|█████████▎| 1853/2000 [00:22<00:01, 82.39it/s]Sampling step:  93%|█████████▎| 1862/2000 [00:22<00:01, 82.57it/s]Sampling step:  94%|█████████▎| 1871/2000 [00:22<00:01, 82.70it/s]Sampling step:  94%|█████████▍| 1880/2000 [00:22<00:01, 82.66it/s]Sampling step:  94%|█████████▍| 1889/2000 [00:22<00:01, 82.65it/s]Sampling step:  95%|█████████▍| 1898/2000 [00:22<00:01, 82.67it/s]Sampling step:  95%|█████████▌| 1907/2000 [00:23<00:01, 82.51it/s]Sampling step:  96%|█████████▌| 1916/2000 [00:23<00:01, 82.61it/s]Sampling step:  96%|█████████▋| 1925/2000 [00:23<00:00, 82.63it/s]Sampling step:  97%|█████████▋| 1934/2000 [00:23<00:00, 82.50it/s]Sampling step:  97%|█████████▋| 1943/2000 [00:23<00:00, 82.61it/s]Sampling step:  98%|█████████▊| 1952/2000 [00:23<00:00, 82.71it/s]Sampling step:  98%|█████████▊| 1961/2000 [00:23<00:00, 82.77it/s]Sampling step:  98%|█████████▊| 1970/2000 [00:23<00:00, 82.61it/s]Sampling step:  99%|█████████▉| 1979/2000 [00:23<00:00, 82.72it/s]Sampling step:  99%|█████████▉| 1988/2000 [00:24<00:00, 82.77it/s]Sampling step: 100%|█████████▉| 1997/2000 [00:24<00:00, 82.75it/s]Sampling step: 100%|██████████| 2000/2000 [00:24<00:00, 82.66it/s]
  [38/40] 0137: diffusion error  1.77 mm | non-rigid residual  0.66 mm
Sampling step:   0%|          | 0/2000 [00:00<?, ?it/s]Sampling step:   0%|          | 8/2000 [00:00<00:26, 74.33it/s]Sampling step:   1%|          | 17/2000 [00:00<00:25, 79.31it/s]Sampling step:   1%|▏         | 26/2000 [00:00<00:24, 81.01it/s]Sampling step:   2%|▏         | 35/2000 [00:00<00:24, 81.78it/s]Sampling step:   2%|▏         | 44/2000 [00:00<00:23, 81.87it/s]Sampling step:   3%|▎         | 53/2000 [00:00<00:23, 82.19it/s]Sampling step:   3%|▎         | 62/2000 [00:00<00:23, 82.63it/s]Sampling step:   4%|▎         | 71/2000 [00:00<00:23, 82.80it/s]Sampling step:   4%|▍         | 80/2000 [00:00<00:23, 82.69it/s]Sampling step:   4%|▍         | 89/2000 [00:01<00:23, 82.67it/s]Sampling step:   5%|▍         | 98/2000 [00:01<00:23, 82.54it/s]Sampling step:   5%|▌         | 107/2000 [00:01<00:22, 82.62it/s]Sampling step:   6%|▌         | 116/2000 [00:01<00:22, 82.70it/s]Sampling step:   6%|▋         | 125/2000 [00:01<00:22, 82.81it/s]Sampling step:   7%|▋         | 134/2000 [00:01<00:22, 82.77it/s]Sampling step:   7%|▋         | 143/2000 [00:01<00:22, 82.85it/s]Sampling step:   8%|▊         | 152/2000 [00:01<00:22, 82.97it/s]Sampling step:   8%|▊         | 161/2000 [00:01<00:22, 82.87it/s]Sampling step:   8%|▊         | 170/2000 [00:02<00:22, 82.88it/s]Sampling step:   9%|▉         | 179/2000 [00:02<00:22, 82.70it/s]Sampling step:   9%|▉         | 188/2000 [00:02<00:21, 82.80it/s]Sampling step:  10%|▉         | 197/2000 [00:02<00:21, 82.80it/s]Sampling step:  10%|█         | 206/2000 [00:02<00:21, 82.87it/s]Sampling step:  11%|█         | 215/2000 [00:02<00:21, 82.72it/s]Sampling step:  11%|█         | 224/2000 [00:02<00:21, 82.69it/s]Sampling step:  12%|█▏        | 233/2000 [00:02<00:21, 82.73it/s]Sampling step:  12%|█▏        | 242/2000 [00:02<00:21, 82.75it/s]Sampling step:  13%|█▎        | 251/2000 [00:03<00:21, 82.81it/s]Sampling step:  13%|█▎        | 260/2000 [00:03<00:21, 82.74it/s]Sampling step:  13%|█▎        | 269/2000 [00:03<00:20, 82.86it/s]Sampling step:  14%|█▍        | 278/2000 [00:03<00:20, 82.83it/s]Sampling step:  14%|█▍        | 287/2000 [00:03<00:20, 82.84it/s]Sampling step:  15%|█▍        | 296/2000 [00:03<00:20, 82.78it/s]Sampling step:  15%|█▌        | 305/2000 [00:03<00:20, 82.72it/s]Sampling step:  16%|█▌        | 314/2000 [00:03<00:20, 82.79it/s]Sampling step:  16%|█▌        | 323/2000 [00:03<00:20, 82.84it/s]Sampling step:  17%|█▋        | 332/2000 [00:04<00:20, 82.94it/s]Sampling step:  17%|█▋        | 341/2000 [00:04<00:20, 82.79it/s]Sampling step:  18%|█▊        | 350/2000 [00:04<00:19, 82.91it/s]Sampling step:  18%|█▊        | 359/2000 [00:04<00:19, 82.95it/s]Sampling step:  18%|█▊        | 368/2000 [00:04<00:19, 82.98it/s]Sampling step:  19%|█▉        | 377/2000 [00:04<00:19, 82.97it/s]Sampling step:  19%|█▉        | 386/2000 [00:04<00:19, 82.89it/s]Sampling step:  20%|█▉        | 395/2000 [00:04<00:19, 82.33it/s]Sampling step:  20%|██        | 404/2000 [00:04<00:19, 82.46it/s]Sampling step:  21%|██        | 413/2000 [00:04<00:19, 82.65it/s]Sampling step:  21%|██        | 422/2000 [00:05<00:19, 82.79it/s]Sampling step:  22%|██▏       | 431/2000 [00:05<00:18, 82.78it/s]Sampling step:  22%|██▏       | 440/2000 [00:05<00:18, 82.89it/s]Sampling step:  22%|██▏       | 449/2000 [00:05<00:18, 82.91it/s]Sampling step:  23%|██▎       | 458/2000 [00:05<00:18, 82.77it/s]Sampling step:  23%|██▎       | 467/2000 [00:05<00:18, 82.77it/s]Sampling step:  24%|██▍       | 476/2000 [00:05<00:18, 82.89it/s]Sampling step:  24%|██▍       | 485/2000 [00:05<00:18, 82.87it/s]Sampling step:  25%|██▍       | 494/2000 [00:05<00:18, 83.10it/s]Sampling step:  25%|██▌       | 503/2000 [00:06<00:18, 83.03it/s]Sampling step:  26%|██▌       | 512/2000 [00:06<00:17, 83.05it/s]Sampling step:  26%|██▌       | 521/2000 [00:06<00:17, 83.23it/s]Sampling step:  26%|██▋       | 530/2000 [00:06<00:17, 83.27it/s]Sampling step:  27%|██▋       | 539/2000 [00:06<00:17, 83.30it/s]Sampling step:  27%|██▋       | 548/2000 [00:06<00:17, 83.18it/s]Sampling step:  28%|██▊       | 557/2000 [00:06<00:17, 83.11it/s]Sampling step:  28%|██▊       | 566/2000 [00:06<00:17, 83.04it/s]Sampling step:  29%|██▉       | 575/2000 [00:06<00:17, 82.89it/s]Sampling step:  29%|██▉       | 584/2000 [00:07<00:17, 83.01it/s]Sampling step:  30%|██▉       | 593/2000 [00:07<00:16, 82.95it/s]Sampling step:  30%|███       | 602/2000 [00:07<00:16, 82.90it/s]Sampling step:  31%|███       | 611/2000 [00:07<00:16, 82.95it/s]Sampling step:  31%|███       | 620/2000 [00:07<00:16, 82.91it/s]Sampling step:  31%|███▏      | 629/2000 [00:07<00:16, 82.91it/s]Sampling step:  32%|███▏      | 638/2000 [00:07<00:16, 82.93it/s]Sampling step:  32%|███▏      | 647/2000 [00:07<00:16, 82.94it/s]Sampling step:  33%|███▎      | 656/2000 [00:07<00:16, 83.00it/s]Sampling step:  33%|███▎      | 665/2000 [00:08<00:16, 82.88it/s]Sampling step:  34%|███▎      | 674/2000 [00:08<00:16, 82.78it/s]Sampling step:  34%|███▍      | 683/2000 [00:08<00:15, 82.82it/s]Sampling step:  35%|███▍      | 692/2000 [00:08<00:15, 82.86it/s]Sampling step:  35%|███▌      | 701/2000 [00:08<00:15, 82.96it/s]Sampling step:  36%|███▌      | 710/2000 [00:08<00:15, 82.89it/s]Sampling step:  36%|███▌      | 719/2000 [00:08<00:15, 82.85it/s]Sampling step:  36%|███▋      | 728/2000 [00:08<00:15, 82.97it/s]Sampling step:  37%|███▋      | 737/2000 [00:08<00:15, 82.99it/s]Sampling step:  37%|███▋      | 746/2000 [00:09<00:15, 82.68it/s]Sampling step:  38%|███▊      | 755/2000 [00:09<00:15, 82.52it/s]Sampling step:  38%|███▊      | 764/2000 [00:09<00:14, 82.53it/s]Sampling step:  39%|███▊      | 773/2000 [00:09<00:14, 82.70it/s]Sampling step:  39%|███▉      | 782/2000 [00:09<00:14, 82.86it/s]Sampling step:  40%|███▉      | 791/2000 [00:09<00:14, 82.98it/s]Sampling step:  40%|████      | 800/2000 [00:09<00:14, 82.91it/s]Sampling step:  40%|████      | 809/2000 [00:09<00:14, 82.84it/s]Sampling step:  41%|████      | 818/2000 [00:09<00:14, 82.84it/s]Sampling step:  41%|████▏     | 827/2000 [00:09<00:14, 82.95it/s]Sampling step:  42%|████▏     | 836/2000 [00:10<00:14, 82.90it/s]Sampling step:  42%|████▏     | 845/2000 [00:10<00:13, 82.76it/s]Sampling step:  43%|████▎     | 854/2000 [00:10<00:13, 82.84it/s]Sampling step:  43%|████▎     | 863/2000 [00:10<00:13, 82.91it/s]Sampling step:  44%|████▎     | 872/2000 [00:10<00:13, 82.96it/s]Sampling step:  44%|████▍     | 881/2000 [00:10<00:13, 82.77it/s]Sampling step:  44%|████▍     | 890/2000 [00:10<00:13, 82.85it/s]Sampling step:  45%|████▍     | 899/2000 [00:10<00:13, 82.88it/s]Sampling step:  45%|████▌     | 908/2000 [00:10<00:13, 82.88it/s]Sampling step:  46%|████▌     | 917/2000 [00:11<00:13, 82.91it/s]Sampling step:  46%|████▋     | 926/2000 [00:11<00:12, 82.66it/s]Sampling step:  47%|████▋     | 935/2000 [00:11<00:12, 82.70it/s]Sampling step:  47%|████▋     | 944/2000 [00:11<00:12, 82.78it/s]Sampling step:  48%|████▊     | 953/2000 [00:11<00:12, 82.77it/s]Sampling step:  48%|████▊     | 962/2000 [00:11<00:12, 82.72it/s]Sampling step:  49%|████▊     | 971/2000 [00:11<00:12, 82.70it/s]Sampling step:  49%|████▉     | 980/2000 [00:11<00:12, 82.80it/s]Sampling step:  49%|████▉     | 989/2000 [00:11<00:12, 82.83it/s]Sampling step:  50%|████▉     | 998/2000 [00:12<00:12, 82.87it/s]Sampling step:  50%|█████     | 1007/2000 [00:12<00:12, 82.64it/s]Sampling step:  51%|█████     | 1016/2000 [00:12<00:11, 82.64it/s]Sampling step:  51%|█████▏    | 1025/2000 [00:12<00:11, 82.63it/s]Sampling step:  52%|█████▏    | 1034/2000 [00:12<00:11, 82.86it/s]Sampling step:  52%|█████▏    | 1043/2000 [00:12<00:11, 82.79it/s]Sampling step:  53%|█████▎    | 1052/2000 [00:12<00:11, 82.67it/s]Sampling step:  53%|█████▎    | 1061/2000 [00:12<00:11, 82.67it/s]Sampling step:  54%|█████▎    | 1070/2000 [00:12<00:11, 82.69it/s]Sampling step:  54%|█████▍    | 1079/2000 [00:13<00:11, 82.71it/s]Sampling step:  54%|█████▍    | 1088/2000 [00:13<00:11, 82.60it/s]Sampling step:  55%|█████▍    | 1097/2000 [00:13<00:10, 82.58it/s]Sampling step:  55%|█████▌    | 1106/2000 [00:13<00:10, 82.66it/s]Sampling step:  56%|█████▌    | 1115/2000 [00:13<00:10, 82.76it/s]Sampling step:  56%|█████▌    | 1124/2000 [00:13<00:10, 82.76it/s]Sampling step:  57%|█████▋    | 1133/2000 [00:13<00:10, 82.72it/s]Sampling step:  57%|█████▋    | 1142/2000 [00:13<00:10, 82.74it/s]Sampling step:  58%|█████▊    | 1151/2000 [00:13<00:10, 82.85it/s]Sampling step:  58%|█████▊    | 1160/2000 [00:14<00:10, 82.76it/s]Sampling step:  58%|█████▊    | 1169/2000 [00:14<00:10, 82.74it/s]Sampling step:  59%|█████▉    | 1178/2000 [00:14<00:09, 82.74it/s]Sampling step:  59%|█████▉    | 1187/2000 [00:14<00:09, 82.68it/s]Sampling step:  60%|█████▉    | 1196/2000 [00:14<00:09, 82.67it/s]Sampling step:  60%|██████    | 1205/2000 [00:14<00:09, 82.73it/s]Sampling step:  61%|██████    | 1214/2000 [00:14<00:09, 82.54it/s]Sampling step:  61%|██████    | 1223/2000 [00:14<00:09, 82.60it/s]Sampling step:  62%|██████▏   | 1232/2000 [00:14<00:09, 82.67it/s]Sampling step:  62%|██████▏   | 1241/2000 [00:14<00:09, 82.77it/s]Sampling step:  62%|██████▎   | 1250/2000 [00:15<00:09, 82.74it/s]Sampling step:  63%|██████▎   | 1259/2000 [00:15<00:08, 82.67it/s]Sampling step:  63%|██████▎   | 1268/2000 [00:15<00:08, 82.77it/s]Sampling step:  64%|██████▍   | 1277/2000 [00:15<00:08, 82.66it/s]Sampling step:  64%|██████▍   | 1286/2000 [00:15<00:08, 82.59it/s]Sampling step:  65%|██████▍   | 1295/2000 [00:15<00:08, 82.37it/s]Sampling step:  65%|██████▌   | 1304/2000 [00:15<00:08, 82.41it/s]Sampling step:  66%|██████▌   | 1313/2000 [00:15<00:08, 82.41it/s]Sampling step:  66%|██████▌   | 1322/2000 [00:15<00:08, 82.52it/s]Sampling step:  67%|██████▋   | 1331/2000 [00:16<00:08, 82.56it/s]Sampling step:  67%|██████▋   | 1340/2000 [00:16<00:07, 82.61it/s]Sampling step:  67%|██████▋   | 1349/2000 [00:16<00:07, 82.79it/s]Sampling step:  68%|██████▊   | 1358/2000 [00:16<00:07, 82.68it/s]Sampling step:  68%|██████▊   | 1367/2000 [00:16<00:07, 82.76it/s]Sampling step:  69%|██████▉   | 1376/2000 [00:16<00:07, 82.71it/s]Sampling step:  69%|██████▉   | 1385/2000 [00:16<00:07, 82.68it/s]Sampling step:  70%|██████▉   | 1394/2000 [00:16<00:07, 82.68it/s]Sampling step:  70%|███████   | 1403/2000 [00:16<00:07, 82.64it/s]Sampling step:  71%|███████   | 1412/2000 [00:17<00:07, 82.77it/s]Sampling step:  71%|███████   | 1421/2000 [00:17<00:07, 82.61it/s]Sampling step:  72%|███████▏  | 1430/2000 [00:17<00:06, 82.64it/s]Sampling step:  72%|███████▏  | 1439/2000 [00:17<00:06, 82.68it/s]Sampling step:  72%|███████▏  | 1448/2000 [00:17<00:06, 82.62it/s]Sampling step:  73%|███████▎  | 1457/2000 [00:17<00:06, 82.53it/s]Sampling step:  73%|███████▎  | 1466/2000 [00:17<00:06, 82.65it/s]Sampling step:  74%|███████▍  | 1475/2000 [00:17<00:06, 82.57it/s]Sampling step:  74%|███████▍  | 1484/2000 [00:17<00:06, 82.65it/s]Sampling step:  75%|███████▍  | 1493/2000 [00:18<00:06, 82.60it/s]Sampling step:  75%|███████▌  | 1502/2000 [00:18<00:06, 82.51it/s]Sampling step:  76%|███████▌  | 1511/2000 [00:18<00:05, 82.60it/s]Sampling step:  76%|███████▌  | 1520/2000 [00:18<00:05, 82.66it/s]Sampling step:  76%|███████▋  | 1529/2000 [00:18<00:05, 82.73it/s]Sampling step:  77%|███████▋  | 1538/2000 [00:18<00:05, 82.83it/s]Sampling step:  77%|███████▋  | 1547/2000 [00:18<00:05, 82.72it/s]Sampling step:  78%|███████▊  | 1556/2000 [00:18<00:05, 82.73it/s]Sampling step:  78%|███████▊  | 1565/2000 [00:18<00:05, 82.74it/s]Sampling step:  79%|███████▊  | 1574/2000 [00:19<00:05, 82.69it/s]Sampling step:  79%|███████▉  | 1583/2000 [00:19<00:05, 82.63it/s]Sampling step:  80%|███████▉  | 1592/2000 [00:19<00:04, 82.68it/s]Sampling step:  80%|████████  | 1601/2000 [00:19<00:04, 82.81it/s]Sampling step:  80%|████████  | 1610/2000 [00:19<00:04, 82.81it/s]Sampling step:  81%|████████  | 1619/2000 [00:19<00:04, 82.68it/s]Sampling step:  81%|████████▏ | 1628/2000 [00:19<00:04, 82.20it/s]Sampling step:  82%|████████▏ | 1637/2000 [00:19<00:04, 82.32it/s]Sampling step:  82%|████████▏ | 1646/2000 [00:19<00:04, 82.44it/s]Sampling step:  83%|████████▎ | 1655/2000 [00:20<00:04, 82.56it/s]Sampling step:  83%|████████▎ | 1664/2000 [00:20<00:04, 82.50it/s]Sampling step:  84%|████████▎ | 1673/2000 [00:20<00:03, 82.45it/s]Sampling step:  84%|████████▍ | 1682/2000 [00:20<00:03, 82.60it/s]Sampling step:  85%|████████▍ | 1691/2000 [00:20<00:03, 82.69it/s]Sampling step:  85%|████████▌ | 1700/2000 [00:20<00:03, 82.65it/s]Sampling step:  85%|████████▌ | 1709/2000 [00:20<00:03, 82.50it/s]Sampling step:  86%|████████▌ | 1718/2000 [00:20<00:03, 82.54it/s]Sampling step:  86%|████████▋ | 1727/2000 [00:20<00:03, 82.60it/s]Sampling step:  87%|████████▋ | 1736/2000 [00:20<00:03, 82.68it/s]Sampling step:  87%|████████▋ | 1745/2000 [00:21<00:03, 82.68it/s]Sampling step:  88%|████████▊ | 1754/2000 [00:21<00:02, 82.55it/s]Sampling step:  88%|████████▊ | 1763/2000 [00:21<00:02, 82.58it/s]Sampling step:  89%|████████▊ | 1772/2000 [00:21<00:02, 82.64it/s]Sampling step:  89%|████████▉ | 1781/2000 [00:21<00:02, 82.76it/s]Sampling step:  90%|████████▉ | 1790/2000 [00:21<00:02, 82.69it/s]Sampling step:  90%|████████▉ | 1799/2000 [00:21<00:02, 82.65it/s]Sampling step:  90%|█████████ | 1808/2000 [00:21<00:02, 82.59it/s]Sampling step:  91%|█████████ | 1817/2000 [00:21<00:02, 82.63it/s]Sampling step:  91%|█████████▏| 1826/2000 [00:22<00:02, 82.61it/s]Sampling step:  92%|█████████▏| 1835/2000 [00:22<00:01, 82.57it/s]Sampling step:  92%|█████████▏| 1844/2000 [00:22<00:01, 82.69it/s]Sampling step:  93%|█████████▎| 1853/2000 [00:22<00:01, 82.69it/s]Sampling step:  93%|█████████▎| 1862/2000 [00:22<00:01, 82.70it/s]Sampling step:  94%|█████████▎| 1871/2000 [00:22<00:01, 82.50it/s]Sampling step:  94%|█████████▍| 1880/2000 [00:22<00:01, 82.56it/s]Sampling step:  94%|█████████▍| 1889/2000 [00:22<00:01, 82.52it/s]Sampling step:  95%|█████████▍| 1898/2000 [00:22<00:01, 82.43it/s]Sampling step:  95%|█████████▌| 1907/2000 [00:23<00:01, 82.54it/s]Sampling step:  96%|█████████▌| 1916/2000 [00:23<00:01, 82.40it/s]Sampling step:  96%|█████████▋| 1925/2000 [00:23<00:00, 82.53it/s]Sampling step:  97%|█████████▋| 1934/2000 [00:23<00:00, 82.52it/s]Sampling step:  97%|█████████▋| 1943/2000 [00:23<00:00, 82.57it/s]Sampling step:  98%|█████████▊| 1952/2000 [00:23<00:00, 82.49it/s]Sampling step:  98%|█████████▊| 1961/2000 [00:23<00:00, 82.46it/s]Sampling step:  98%|█████████▊| 1970/2000 [00:23<00:00, 82.56it/s]Sampling step:  99%|█████████▉| 1979/2000 [00:23<00:00, 82.27it/s]Sampling step:  99%|█████████▉| 1988/2000 [00:24<00:00, 82.49it/s]Sampling step: 100%|█████████▉| 1997/2000 [00:24<00:00, 82.42it/s]Sampling step: 100%|██████████| 2000/2000 [00:24<00:00, 82.69it/s]
  [39/40] 0139: diffusion error  2.07 mm | non-rigid residual  0.57 mm
Sampling step:   0%|          | 0/2000 [00:00<?, ?it/s]Sampling step:   0%|          | 8/2000 [00:00<00:26, 74.39it/s]Sampling step:   1%|          | 17/2000 [00:00<00:25, 79.06it/s]Sampling step:   1%|▏         | 26/2000 [00:00<00:24, 80.58it/s]Sampling step:   2%|▏         | 35/2000 [00:00<00:24, 81.32it/s]Sampling step:   2%|▏         | 44/2000 [00:00<00:23, 81.84it/s]Sampling step:   3%|▎         | 53/2000 [00:00<00:23, 82.08it/s]Sampling step:   3%|▎         | 62/2000 [00:00<00:23, 82.36it/s]Sampling step:   4%|▎         | 71/2000 [00:00<00:23, 82.46it/s]Sampling step:   4%|▍         | 80/2000 [00:00<00:23, 82.62it/s]Sampling step:   4%|▍         | 89/2000 [00:01<00:23, 82.63it/s]Sampling step:   5%|▍         | 98/2000 [00:01<00:23, 82.63it/s]Sampling step:   5%|▌         | 107/2000 [00:01<00:22, 82.57it/s]Sampling step:   6%|▌         | 116/2000 [00:01<00:22, 82.46it/s]Sampling step:   6%|▋         | 125/2000 [00:01<00:22, 82.47it/s]Sampling step:   7%|▋         | 134/2000 [00:01<00:22, 82.46it/s]Sampling step:   7%|▋         | 143/2000 [00:01<00:22, 82.54it/s]Sampling step:   8%|▊         | 152/2000 [00:01<00:22, 82.44it/s]Sampling step:   8%|▊         | 161/2000 [00:01<00:22, 82.54it/s]Sampling step:   8%|▊         | 170/2000 [00:02<00:22, 82.61it/s]Sampling step:   9%|▉         | 179/2000 [00:02<00:22, 82.67it/s]Sampling step:   9%|▉         | 188/2000 [00:02<00:21, 82.40it/s]Sampling step:  10%|▉         | 197/2000 [00:02<00:21, 82.48it/s]Sampling step:  10%|█         | 206/2000 [00:02<00:21, 82.61it/s]Sampling step:  11%|█         | 215/2000 [00:02<00:21, 82.62it/s]Sampling step:  11%|█         | 224/2000 [00:02<00:21, 82.56it/s]Sampling step:  12%|█▏        | 233/2000 [00:02<00:21, 82.04it/s]Sampling step:  12%|█▏        | 242/2000 [00:02<00:21, 82.21it/s]Sampling step:  13%|█▎        | 251/2000 [00:03<00:21, 82.27it/s]Sampling step:  13%|█▎        | 260/2000 [00:03<00:21, 82.39it/s]Sampling step:  13%|█▎        | 269/2000 [00:03<00:20, 82.50it/s]Sampling step:  14%|█▍        | 278/2000 [00:03<00:20, 82.48it/s]Sampling step:  14%|█▍        | 287/2000 [00:03<00:20, 82.46it/s]Sampling step:  15%|█▍        | 296/2000 [00:03<00:20, 82.47it/s]Sampling step:  15%|█▌        | 305/2000 [00:03<00:20, 82.49it/s]Sampling step:  16%|█▌        | 314/2000 [00:03<00:20, 82.45it/s]Sampling step:  16%|█▌        | 323/2000 [00:03<00:20, 82.51it/s]Sampling step:  17%|█▋        | 332/2000 [00:04<00:20, 82.61it/s]Sampling step:  17%|█▋        | 341/2000 [00:04<00:20, 82.71it/s]Sampling step:  18%|█▊        | 350/2000 [00:04<00:19, 82.74it/s]Sampling step:  18%|█▊        | 359/2000 [00:04<00:19, 82.17it/s]Sampling step:  18%|█▊        | 368/2000 [00:04<00:19, 82.30it/s]Sampling step:  19%|█▉        | 377/2000 [00:04<00:19, 82.32it/s]Sampling step:  19%|█▉        | 386/2000 [00:04<00:19, 82.51it/s]Sampling step:  20%|█▉        | 395/2000 [00:04<00:19, 82.51it/s]Sampling step:  20%|██        | 404/2000 [00:04<00:19, 82.60it/s]Sampling step:  21%|██        | 413/2000 [00:05<00:19, 82.62it/s]Sampling step:  21%|██        | 422/2000 [00:05<00:19, 82.79it/s]Sampling step:  22%|██▏       | 431/2000 [00:05<00:18, 82.92it/s]Sampling step:  22%|██▏       | 440/2000 [00:05<00:18, 82.76it/s]Sampling step:  22%|██▏       | 449/2000 [00:05<00:18, 82.76it/s]Sampling step:  23%|██▎       | 458/2000 [00:05<00:18, 82.78it/s]Sampling step:  23%|██▎       | 467/2000 [00:05<00:18, 82.66it/s]Sampling step:  24%|██▍       | 476/2000 [00:05<00:18, 82.65it/s]Sampling step:  24%|██▍       | 485/2000 [00:05<00:18, 82.69it/s]Sampling step:  25%|██▍       | 494/2000 [00:05<00:18, 82.74it/s]Sampling step:  25%|██▌       | 503/2000 [00:06<00:18, 82.78it/s]Sampling step:  26%|██▌       | 512/2000 [00:06<00:17, 82.80it/s]Sampling step:  26%|██▌       | 521/2000 [00:06<00:17, 82.86it/s]Sampling step:  26%|██▋       | 530/2000 [00:06<00:17, 82.85it/s]Sampling step:  27%|██▋       | 539/2000 [00:06<00:17, 82.28it/s]Sampling step:  27%|██▋       | 548/2000 [00:06<00:17, 82.28it/s]Sampling step:  28%|██▊       | 557/2000 [00:06<00:17, 82.43it/s]Sampling step:  28%|██▊       | 566/2000 [00:06<00:17, 82.39it/s]Sampling step:  29%|██▉       | 575/2000 [00:06<00:17, 82.48it/s]Sampling step:  29%|██▉       | 584/2000 [00:07<00:17, 82.57it/s]Sampling step:  30%|██▉       | 593/2000 [00:07<00:17, 82.63it/s]Sampling step:  30%|███       | 602/2000 [00:07<00:16, 82.58it/s]Sampling step:  31%|███       | 611/2000 [00:07<00:16, 82.55it/s]Sampling step:  31%|███       | 620/2000 [00:07<00:16, 82.55it/s]Sampling step:  31%|███▏      | 629/2000 [00:07<00:16, 82.62it/s]Sampling step:  32%|███▏      | 638/2000 [00:07<00:16, 82.64it/s]Sampling step:  32%|███▏      | 647/2000 [00:07<00:16, 82.66it/s]Sampling step:  33%|███▎      | 656/2000 [00:07<00:16, 82.63it/s]Sampling step:  33%|███▎      | 665/2000 [00:08<00:16, 82.67it/s]Sampling step:  34%|███▎      | 674/2000 [00:08<00:16, 82.75it/s]Sampling step:  34%|███▍      | 683/2000 [00:08<00:15, 82.72it/s]Sampling step:  35%|███▍      | 692/2000 [00:08<00:15, 82.57it/s]Sampling step:  35%|███▌      | 701/2000 [00:08<00:15, 82.55it/s]Sampling step:  36%|███▌      | 710/2000 [00:08<00:15, 82.49it/s]Sampling step:  36%|███▌      | 719/2000 [00:08<00:15, 82.55it/s]Sampling step:  36%|███▋      | 728/2000 [00:08<00:15, 82.42it/s]Sampling step:  37%|███▋      | 737/2000 [00:08<00:15, 82.71it/s]Sampling step:  37%|███▋      | 746/2000 [00:09<00:15, 82.81it/s]Sampling step:  38%|███▊      | 755/2000 [00:09<00:15, 82.74it/s]Sampling step:  38%|███▊      | 764/2000 [00:09<00:14, 82.85it/s]Sampling step:  39%|███▊      | 773/2000 [00:09<00:14, 82.70it/s]Sampling step:  39%|███▉      | 782/2000 [00:09<00:14, 82.63it/s]Sampling step:  40%|███▉      | 791/2000 [00:09<00:14, 82.64it/s]Sampling step:  40%|████      | 800/2000 [00:09<00:14, 82.69it/s]Sampling step:  40%|████      | 809/2000 [00:09<00:14, 82.74it/s]Sampling step:  41%|████      | 818/2000 [00:09<00:14, 82.89it/s]Sampling step:  41%|████▏     | 827/2000 [00:10<00:14, 82.85it/s]Sampling step:  42%|████▏     | 836/2000 [00:10<00:14, 82.84it/s]Sampling step:  42%|████▏     | 845/2000 [00:10<00:13, 82.83it/s]Sampling step:  43%|████▎     | 854/2000 [00:10<00:13, 82.68it/s]Sampling step:  43%|████▎     | 863/2000 [00:10<00:13, 82.65it/s]Sampling step:  44%|████▎     | 872/2000 [00:10<00:13, 82.63it/s]Sampling step:  44%|████▍     | 881/2000 [00:10<00:13, 82.61it/s]Sampling step:  44%|████▍     | 890/2000 [00:10<00:13, 82.50it/s]Sampling step:  45%|████▍     | 899/2000 [00:10<00:13, 82.59it/s]Sampling step:  45%|████▌     | 908/2000 [00:11<00:13, 82.84it/s]Sampling step:  46%|████▌     | 917/2000 [00:11<00:13, 82.93it/s]Sampling step:  46%|████▋     | 926/2000 [00:11<00:12, 83.09it/s]Sampling step:  47%|████▋     | 935/2000 [00:11<00:12, 82.93it/s]Sampling step:  47%|████▋     | 944/2000 [00:11<00:12, 82.88it/s]Sampling step:  48%|████▊     | 953/2000 [00:11<00:12, 82.92it/s]Sampling step:  48%|████▊     | 962/2000 [00:11<00:12, 82.96it/s]Sampling step:  49%|████▊     | 971/2000 [00:11<00:12, 83.00it/s]Sampling step:  49%|████▉     | 980/2000 [00:11<00:12, 83.04it/s]Sampling step:  49%|████▉     | 989/2000 [00:11<00:12, 83.03it/s]Sampling step:  50%|████▉     | 998/2000 [00:12<00:12, 83.01it/s]Sampling step:  50%|█████     | 1007/2000 [00:12<00:11, 83.03it/s]Sampling step:  51%|█████     | 1016/2000 [00:12<00:11, 82.83it/s]Sampling step:  51%|█████▏    | 1025/2000 [00:12<00:11, 82.80it/s]Sampling step:  52%|█████▏    | 1034/2000 [00:12<00:11, 82.84it/s]Sampling step:  52%|█████▏    | 1043/2000 [00:12<00:11, 83.04it/s]Sampling step:  53%|█████▎    | 1052/2000 [00:12<00:11, 83.06it/s]Sampling step:  53%|█████▎    | 1061/2000 [00:12<00:11, 82.83it/s]Sampling step:  54%|█████▎    | 1070/2000 [00:12<00:11, 82.60it/s]Sampling step:  54%|█████▍    | 1079/2000 [00:13<00:11, 82.80it/s]Sampling step:  54%|█████▍    | 1088/2000 [00:13<00:11, 82.77it/s]Sampling step:  55%|█████▍    | 1097/2000 [00:13<00:10, 82.80it/s]Sampling step:  55%|█████▌    | 1106/2000 [00:13<00:10, 82.60it/s]Sampling step:  56%|█████▌    | 1115/2000 [00:13<00:10, 82.75it/s]Sampling step:  56%|█████▌    | 1124/2000 [00:13<00:10, 82.77it/s]Sampling step:  57%|█████▋    | 1133/2000 [00:13<00:10, 82.80it/s]Sampling step:  57%|█████▋    | 1142/2000 [00:13<00:10, 82.89it/s]Sampling step:  58%|█████▊    | 1151/2000 [00:13<00:10, 83.05it/s]Sampling step:  58%|█████▊    | 1160/2000 [00:14<00:10, 83.13it/s]Sampling step:  58%|█████▊    | 1169/2000 [00:14<00:09, 83.14it/s]Sampling step:  59%|█████▉    | 1178/2000 [00:14<00:09, 83.15it/s]Sampling step:  59%|█████▉    | 1187/2000 [00:14<00:09, 83.08it/s]Sampling step:  60%|█████▉    | 1196/2000 [00:14<00:09, 83.08it/s]Sampling step:  60%|██████    | 1205/2000 [00:14<00:09, 83.06it/s]Sampling step:  61%|██████    | 1214/2000 [00:14<00:09, 82.98it/s]Sampling step:  61%|██████    | 1223/2000 [00:14<00:09, 83.05it/s]Sampling step:  62%|██████▏   | 1232/2000 [00:14<00:09, 82.92it/s]Sampling step:  62%|██████▏   | 1241/2000 [00:15<00:09, 82.72it/s]Sampling step:  62%|██████▎   | 1250/2000 [00:15<00:09, 82.80it/s]Sampling step:  63%|██████▎   | 1259/2000 [00:15<00:08, 82.81it/s]Sampling step:  63%|██████▎   | 1268/2000 [00:15<00:08, 82.71it/s]Sampling step:  64%|██████▍   | 1277/2000 [00:15<00:08, 82.82it/s]Sampling step:  64%|██████▍   | 1286/2000 [00:15<00:08, 82.75it/s]Sampling step:  65%|██████▍   | 1295/2000 [00:15<00:08, 82.77it/s]Sampling step:  65%|██████▌   | 1304/2000 [00:15<00:08, 82.81it/s]Sampling step:  66%|██████▌   | 1313/2000 [00:15<00:08, 82.88it/s]Sampling step:  66%|██████▌   | 1322/2000 [00:15<00:08, 82.93it/s]Sampling step:  67%|██████▋   | 1331/2000 [00:16<00:08, 82.95it/s]Sampling step:  67%|██████▋   | 1340/2000 [00:16<00:07, 83.03it/s]Sampling step:  67%|██████▋   | 1349/2000 [00:16<00:07, 82.90it/s]Sampling step:  68%|██████▊   | 1358/2000 [00:16<00:07, 82.80it/s]Sampling step:  68%|██████▊   | 1367/2000 [00:16<00:07, 82.83it/s]Sampling step:  69%|██████▉   | 1376/2000 [00:16<00:07, 82.81it/s]Sampling step:  69%|██████▉   | 1385/2000 [00:16<00:07, 82.83it/s]Sampling step:  70%|██████▉   | 1394/2000 [00:16<00:07, 82.75it/s]Sampling step:  70%|███████   | 1403/2000 [00:16<00:07, 82.79it/s]Sampling step:  71%|███████   | 1412/2000 [00:17<00:07, 82.83it/s]Sampling step:  71%|███████   | 1421/2000 [00:17<00:06, 82.74it/s]Sampling step:  72%|███████▏  | 1430/2000 [00:17<00:06, 82.62it/s]Sampling step:  72%|███████▏  | 1439/2000 [00:17<00:06, 82.69it/s]Sampling step:  72%|███████▏  | 1448/2000 [00:17<00:06, 82.67it/s]Sampling step:  73%|███████▎  | 1457/2000 [00:17<00:06, 82.86it/s]Sampling step:  73%|███████▎  | 1466/2000 [00:17<00:06, 82.82it/s]Sampling step:  74%|███████▍  | 1475/2000 [00:17<00:06, 82.59it/s]Sampling step:  74%|███████▍  | 1484/2000 [00:17<00:06, 82.61it/s]Sampling step:  75%|███████▍  | 1493/2000 [00:18<00:06, 82.59it/s]Sampling step:  75%|███████▌  | 1502/2000 [00:18<00:06, 82.75it/s]Sampling step:  76%|███████▌  | 1511/2000 [00:18<00:05, 82.74it/s]Sampling step:  76%|███████▌  | 1520/2000 [00:18<00:05, 82.59it/s]Sampling step:  76%|███████▋  | 1529/2000 [00:18<00:05, 82.58it/s]Sampling step:  77%|███████▋  | 1538/2000 [00:18<00:05, 82.61it/s]Sampling step:  77%|███████▋  | 1547/2000 [00:18<00:05, 82.71it/s]Sampling step:  78%|███████▊  | 1556/2000 [00:18<00:05, 82.69it/s]Sampling step:  78%|███████▊  | 1565/2000 [00:18<00:05, 82.76it/s]Sampling step:  79%|███████▊  | 1574/2000 [00:19<00:05, 82.75it/s]Sampling step:  79%|███████▉  | 1583/2000 [00:19<00:05, 82.84it/s]Sampling step:  80%|███████▉  | 1592/2000 [00:19<00:04, 82.23it/s]Sampling step:  80%|████████  | 1601/2000 [00:19<00:04, 82.22it/s]Sampling step:  80%|████████  | 1610/2000 [00:19<00:04, 82.31it/s]Sampling step:  81%|████████  | 1619/2000 [00:19<00:04, 82.38it/s]Sampling step:  81%|████████▏ | 1628/2000 [00:19<00:04, 82.54it/s]Sampling step:  82%|████████▏ | 1637/2000 [00:19<00:04, 82.53it/s]Sampling step:  82%|████████▏ | 1646/2000 [00:19<00:04, 82.57it/s]Sampling step:  83%|████████▎ | 1655/2000 [00:20<00:04, 82.69it/s]Sampling step:  83%|████████▎ | 1664/2000 [00:20<00:04, 82.76it/s]Sampling step:  84%|████████▎ | 1673/2000 [00:20<00:03, 82.83it/s]Sampling step:  84%|████████▍ | 1682/2000 [00:20<00:03, 82.70it/s]Sampling step:  85%|████████▍ | 1691/2000 [00:20<00:03, 82.64it/s]Sampling step:  85%|████████▌ | 1700/2000 [00:20<00:03, 82.70it/s]Sampling step:  85%|████████▌ | 1709/2000 [00:20<00:03, 82.64it/s]Sampling step:  86%|████████▌ | 1718/2000 [00:20<00:03, 82.74it/s]Sampling step:  86%|████████▋ | 1727/2000 [00:20<00:03, 82.99it/s]Sampling step:  87%|████████▋ | 1736/2000 [00:21<00:03, 82.89it/s]Sampling step:  87%|████████▋ | 1745/2000 [00:21<00:03, 82.91it/s]Sampling step:  88%|████████▊ | 1754/2000 [00:21<00:02, 82.93it/s]Sampling step:  88%|████████▊ | 1763/2000 [00:21<00:02, 82.78it/s]Sampling step:  89%|████████▊ | 1772/2000 [00:21<00:02, 82.42it/s]Sampling step:  89%|████████▉ | 1781/2000 [00:21<00:02, 82.41it/s]Sampling step:  90%|████████▉ | 1790/2000 [00:21<00:02, 82.51it/s]Sampling step:  90%|████████▉ | 1799/2000 [00:21<00:02, 82.67it/s]Sampling step:  90%|█████████ | 1808/2000 [00:21<00:02, 82.68it/s]Sampling step:  91%|█████████ | 1817/2000 [00:21<00:02, 82.83it/s]Sampling step:  91%|█████████▏| 1826/2000 [00:22<00:02, 82.85it/s]Sampling step:  92%|█████████▏| 1835/2000 [00:22<00:01, 82.79it/s]Sampling step:  92%|█████████▏| 1844/2000 [00:22<00:01, 82.80it/s]Sampling step:  93%|█████████▎| 1853/2000 [00:22<00:01, 82.87it/s]Sampling step:  93%|█████████▎| 1862/2000 [00:22<00:01, 82.84it/s]Sampling step:  94%|█████████▎| 1871/2000 [00:22<00:01, 82.96it/s]Sampling step:  94%|█████████▍| 1880/2000 [00:22<00:01, 82.90it/s]Sampling step:  94%|█████████▍| 1889/2000 [00:22<00:01, 82.82it/s]Sampling step:  95%|█████████▍| 1898/2000 [00:22<00:01, 82.82it/s]Sampling step:  95%|█████████▌| 1907/2000 [00:23<00:01, 82.71it/s]Sampling step:  96%|█████████▌| 1916/2000 [00:23<00:01, 82.68it/s]Sampling step:  96%|█████████▋| 1925/2000 [00:23<00:00, 82.85it/s]Sampling step:  97%|█████████▋| 1934/2000 [00:23<00:00, 82.81it/s]Sampling step:  97%|█████████▋| 1943/2000 [00:23<00:00, 82.93it/s]Sampling step:  98%|█████████▊| 1952/2000 [00:23<00:00, 82.97it/s]Sampling step:  98%|█████████▊| 1961/2000 [00:23<00:00, 83.00it/s]Sampling step:  98%|█████████▊| 1970/2000 [00:23<00:00, 83.06it/s]Sampling step:  99%|█████████▉| 1979/2000 [00:23<00:00, 83.26it/s]Sampling step:  99%|█████████▉| 1988/2000 [00:24<00:00, 83.21it/s]Sampling step: 100%|█████████▉| 1997/2000 [00:24<00:00, 83.14it/s]Sampling step: 100%|██████████| 2000/2000 [00:24<00:00, 82.68it/s]
  [40/40] 0144: diffusion error  2.13 mm | non-rigid residual  0.68 mm

=== 40 subjects ===
  diffusion landmark error : median  2.92 mm  mean  3.36 +/- 2.07
  non-rigid residual       : median  0.71 mm  (what Stage 3 must discard)
  -> /Users/giovanni/Desktop/uni/Visione Artificiale/computer-vision/step2_alignment/report/data/diffusion_error.json
-- diagnostics completato in 3124s

==============================================================
== figures
==============================================================
  best    0791: /Users/giovanni/Desktop/uni/Visione Artificiale/computer-vision/step2_alignment/report/figures/0791_comparison.png  (error 0.59 mm vs baseline 0.59 mm)
  median  0327: /Users/giovanni/Desktop/uni/Visione Artificiale/computer-vision/step2_alignment/report/figures/0327_comparison.png  (error 2.57 mm vs baseline 1.10 mm)
  worst   0944: /Users/giovanni/Desktop/uni/Visione Artificiale/computer-vision/step2_alignment/report/figures/0944_comparison.png  (error 9.96 mm vs baseline 8.30 mm)
scritto /Users/giovanni/Desktop/uni/Visione Artificiale/computer-vision/step2_alignment/report/figures/clik_vs_baseline.png
-- figures completato in 3s

==============================================================
== excel
==============================================================
scritto /Users/giovanni/Desktop/uni/Visione Artificiale/computer-vision/step2_alignment/report/clik_as_is_results.xlsx  (11 fogli: Riepilogo, Diagnostica per stadio, Accuratezza landmark, Collisione, Significativita, Per tipo di dente, Denti esclusi, Variabilita seed, Per soggetto - allineamento, Per soggetto - Stage 1, Per soggetto - Stage 2)
-- excel completato in 0s

==============================================================
== seeds
==============================================================
  seed 2 [31/40] 0100
  seed 2 [32/40] 0105
  seed 2 [33/40] 0114
  seed 2 [34/40] 0115
  seed 2 [35/40] 0125
  seed 2 [36/40] 0127
  seed 2 [37/40] 0132
  seed 2 [38/40] 0137
  seed 2 [39/40] 0139
  seed 2 [40/40] 0144
  seed 3 [31/40] 0100
  seed 3 [32/40] 0105
  seed 3 [33/40] 0114
  seed 3 [34/40] 0115
  seed 3 [35/40] 0125
  seed 3 [36/40] 0127
  seed 3 [37/40] 0132
  seed 3 [38/40] 0137
  seed 3 [39/40] 0139
  seed 3 [40/40] 0144
  seed 4 [31/40] 0100
  seed 4 [32/40] 0105
  seed 4 [33/40] 0114
  seed 4 [34/40] 0115
  seed 4 [35/40] 0125
  seed 4 [36/40] 0127
  seed 4 [37/40] 0132
  seed 4 [38/40] 0137
  seed 4 [39/40] 0139
  seed 4 [40/40] 0144
  seed 5 [31/40] 0100
  seed 5 [32/40] 0105
  seed 5 [33/40] 0114
  seed 5 [34/40] 0115
  seed 5 [35/40] 0125
  seed 5 [36/40] 0127
  seed 5 [37/40] 0132
  seed 5 [38/40] 0137
  seed 5 [39/40] 0139
  seed 5 [40/40] 0144
5 run, 40 soggetti presenti in tutti

=== dispersione fra seed (per soggetto) ===
  point cloud: dev.std media 0.075 mm  (escursione media 0.203 mm)
  rotazione  : dev.std media 0.687 gradi  (escursione media 1.890 gradi)

=== effetto sul risultato aggregato ===
  Output_prepost     point cloud mediana 3.047 mm | rotazione mediana 9.990 gradi
  seed_2             point cloud mediana 2.933 mm | rotazione mediana 9.635 gradi
  seed_3             point cloud mediana 3.004 mm | rotazione mediana 10.124 gradi
  seed_4             point cloud mediana 3.028 mm | rotazione mediana 9.792 gradi
  seed_5             point cloud mediana 2.920 mm | rotazione mediana 10.059 gradi
  baseline           point cloud mediana 1.518 mm | rotazione mediana 9.107 gradi

  distanza dal baseline (point cloud): +1.147 mm
  dispersione fra seed                : 0.075 mm
  -> il divario e 15.4x la dispersione (conclusione stabile)
  -> /Users/giovanni/Desktop/uni/Visione Artificiale/computer-vision/step2_alignment/report/data/seed_variability.json
-- seeds completato in 1443s

7/7 stadi completati in 103.9 min
risultati condivisibili in /Users/giovanni/Desktop/uni/Visione Artificiale/computer-vision/step2_alignment/report
